[2026-06-30T14:18:45.636Z] Initializing Socket.io...
[2026-07-01T05:25:37.888Z] Initializing Socket.io...
[2026-07-01T05:26:10.512Z] Client connected: vxYNA8-KUlGnvRPiAAAB
[2026-07-01T05:26:10.516Z] Client vxYNA8-KUlGnvRPiAAAB joined zone: zone5
[2026-07-01T05:26:10.518Z] Client vxYNA8-KUlGnvRPiAAAB joined zone: zone5
[2026-07-01T05:26:56.392Z] Client disconnected: vxYNA8-KUlGnvRPiAAAB
[2026-07-01T05:26:56.934Z] Client connected: uccBSi4wSS7ABqnoAAAD
[2026-07-01T05:26:56.937Z] Client uccBSi4wSS7ABqnoAAAD joined zone: zone5
[2026-07-01T05:26:56.939Z] Client uccBSi4wSS7ABqnoAAAD joined zone: zone5
[2026-07-01T05:27:06.460Z] Client uccBSi4wSS7ABqnoAAAD left zone: zone5
[2026-07-01T05:27:39.258Z] Client uccBSi4wSS7ABqnoAAAD joined zone: zone1
[2026-07-01T05:27:39.259Z] Client uccBSi4wSS7ABqnoAAAD left zone: zone1
[2026-07-01T05:27:39.259Z] Client uccBSi4wSS7ABqnoAAAD joined zone: zone1
[2026-07-01T05:32:20.799Z] Client disconnected: uccBSi4wSS7ABqnoAAAD
[2026-07-01T05:32:21.659Z] Client connected: 0-mhUxROCoK926woAAAF
[2026-07-01T05:32:21.662Z] Client 0-mhUxROCoK926woAAAF joined zone: zone1
[2026-07-01T05:32:21.663Z] Client 0-mhUxROCoK926woAAAF left zone: zone1
[2026-07-01T05:32:21.664Z] Client 0-mhUxROCoK926woAAAF joined zone: zone1
[2026-07-01T05:32:21.664Z] Client 0-mhUxROCoK926woAAAF joined zone: zone1
[2026-07-01T05:32:23.454Z] Client 0-mhUxROCoK926woAAAF left zone: zone1
[2026-07-01T05:32:26.599Z] Client 0-mhUxROCoK926woAAAF joined user room: user_TSUJPxWHJ1hAhxVij3HnBG929Jn2
[2026-07-01T05:32:26.605Z] Client 0-mhUxROCoK926woAAAF left user room: user_TSUJPxWHJ1hAhxVij3HnBG929Jn2
[2026-07-01T05:32:26.606Z] Client 0-mhUxROCoK926woAAAF joined user room: user_TSUJPxWHJ1hAhxVij3HnBG929Jn2
[2026-07-01T05:32:31.269Z] Client 0-mhUxROCoK926woAAAF left user room: user_TSUJPxWHJ1hAhxVij3HnBG929Jn2
[2026-07-01T05:32:37.278Z] Client 0-mhUxROCoK926woAAAF joined user room: user_TSUJPxWHJ1hAhxVij3HnBG929Jn2
[2026-07-01T05:32:37.292Z] Client 0-mhUxROCoK926woAAAF left user room: user_TSUJPxWHJ1hAhxVij3HnBG929Jn2
[2026-07-01T05:32:37.293Z] Client 0-mhUxROCoK926woAAAF joined user room: user_TSUJPxWHJ1hAhxVij3HnBG929Jn2
[2026-07-01T05:34:44.318Z] Client 0-mhUxROCoK926woAAAF left user room: user_TSUJPxWHJ1hAhxVij3HnBG929Jn2
[2026-07-01T05:34:44.440Z] Client 0-mhUxROCoK926woAAAF joined zone: zone1
[2026-07-01T05:34:44.441Z] Client 0-mhUxROCoK926woAAAF left zone: zone1
[2026-07-01T05:34:44.441Z] Client 0-mhUxROCoK926woAAAF joined zone: zone1
[2026-07-01T05:35:11.858Z] Client 0-mhUxROCoK926woAAAF left zone: zone1
[2026-07-01T05:35:17.545Z] Client 0-mhUxROCoK926woAAAF joined user room: user_TSUJPxWHJ1hAhxVij3HnBG929Jn2
[2026-07-01T05:35:17.547Z] Client 0-mhUxROCoK926woAAAF left user room: user_TSUJPxWHJ1hAhxVij3HnBG929Jn2
[2026-07-01T05:35:17.548Z] Client 0-mhUxROCoK926woAAAF joined user room: user_TSUJPxWHJ1hAhxVij3HnBG929Jn2
[2026-07-01T05:37:23.607Z] Client 0-mhUxROCoK926woAAAF left user room: user_TSUJPxWHJ1hAhxVij3HnBG929Jn2
[2026-07-01T05:37:23.659Z] Client 0-mhUxROCoK926woAAAF joined user room: user_TSUJPxWHJ1hAhxVij3HnBG929Jn2
[2026-07-01T05:37:23.662Z] Client 0-mhUxROCoK926woAAAF left user room: user_TSUJPxWHJ1hAhxVij3HnBG929Jn2
[2026-07-01T05:37:23.663Z] Client 0-mhUxROCoK926woAAAF joined user room: user_TSUJPxWHJ1hAhxVij3HnBG929Jn2
[2026-07-01T05:40:16.151Z] Client disconnected: 0-mhUxROCoK926woAAAF
[2026-07-01T05:40:19.066Z] Client connected: sHfo59BxT8eB8qklAAAH
[2026-07-01T05:40:19.120Z] Client sHfo59BxT8eB8qklAAAH joined user room: user_TSUJPxWHJ1hAhxVij3HnBG929Jn2
[2026-07-01T05:40:19.121Z] Client sHfo59BxT8eB8qklAAAH left user room: user_TSUJPxWHJ1hAhxVij3HnBG929Jn2
[2026-07-01T05:40:19.123Z] Client sHfo59BxT8eB8qklAAAH joined user room: user_TSUJPxWHJ1hAhxVij3HnBG929Jn2
[2026-07-01T05:40:19.123Z] Client sHfo59BxT8eB8qklAAAH joined user room: user_TSUJPxWHJ1hAhxVij3HnBG929Jn2
[2026-07-01T05:45:12.688Z] Client sHfo59BxT8eB8qklAAAH left user room: user_TSUJPxWHJ1hAhxVij3HnBG929Jn2
[2026-07-01T05:45:12.829Z] Client sHfo59BxT8eB8qklAAAH joined zone: zone1
[2026-07-01T05:45:12.829Z] Client sHfo59BxT8eB8qklAAAH left zone: zone1
[2026-07-01T05:45:12.830Z] Client sHfo59BxT8eB8qklAAAH joined zone: zone1
[2026-07-01T05:45:24.936Z] Client sHfo59BxT8eB8qklAAAH left zone: zone1
[2026-07-01T05:45:25.033Z] Client sHfo59BxT8eB8qklAAAH joined user room: user_TSUJPxWHJ1hAhxVij3HnBG929Jn2
[2026-07-01T05:45:25.034Z] Client sHfo59BxT8eB8qklAAAH left user room: user_TSUJPxWHJ1hAhxVij3HnBG929Jn2
[2026-07-01T05:45:25.037Z] Client sHfo59BxT8eB8qklAAAH joined user room: user_TSUJPxWHJ1hAhxVij3HnBG929Jn2
[2026-07-01T05:45:46.986Z] Client sHfo59BxT8eB8qklAAAH left user room: user_TSUJPxWHJ1hAhxVij3HnBG929Jn2
[2026-07-01T05:45:47.008Z] Client sHfo59BxT8eB8qklAAAH joined user room: user_TSUJPxWHJ1hAhxVij3HnBG929Jn2
[2026-07-01T05:45:47.008Z] Client sHfo59BxT8eB8qklAAAH left user room: user_TSUJPxWHJ1hAhxVij3HnBG929Jn2
[2026-07-01T05:45:47.009Z] Client sHfo59BxT8eB8qklAAAH joined user room: user_TSUJPxWHJ1hAhxVij3HnBG929Jn2
[2026-07-01T06:05:22.618Z] Initializing Socket.io...
[2026-07-01T06:05:22.835Z] Client connected: 9EkIGy2sSmGoIrm9AAAB
[2026-07-01T06:05:22.842Z] Client 9EkIGy2sSmGoIrm9AAAB joined user room: user_TSUJPxWHJ1hAhxVij3HnBG929Jn2
[2026-07-01T06:05:42.854Z] Initializing Socket.io...
[2026-07-01T06:05:43.018Z] Client connected: tX2Sf5gVuYdTphd8AAAB
[2026-07-01T06:05:43.023Z] Client tX2Sf5gVuYdTphd8AAAB joined user room: user_TSUJPxWHJ1hAhxVij3HnBG929Jn2
[2026-07-01T06:05:56.635Z] Initializing Socket.io...
[2026-07-01T06:05:56.680Z] Client connected: k2sKZZKRZjNWTGduAAAB
[2026-07-01T06:05:56.684Z] Client k2sKZZKRZjNWTGduAAAB joined user room: user_TSUJPxWHJ1hAhxVij3HnBG929Jn2
[2026-07-01T06:17:00.577Z] Client connected: GohOsRs_6EEBH0PPAAAD
[2026-07-01T06:17:00.580Z] Client GohOsRs_6EEBH0PPAAAD joined zone: zone5
[2026-07-01T06:17:00.581Z] Client GohOsRs_6EEBH0PPAAAD joined zone: zone5
[2026-07-01T06:17:01.595Z] Client GohOsRs_6EEBH0PPAAAD left zone: zone5
[2026-07-01T06:18:15.851Z] Client GohOsRs_6EEBH0PPAAAD joined zone: zone5
[2026-07-01T06:18:15.858Z] Client GohOsRs_6EEBH0PPAAAD left zone: zone5
[2026-07-01T06:18:15.860Z] Client GohOsRs_6EEBH0PPAAAD joined zone: zone5
[2026-07-01T06:24:56.535Z] Initializing Socket.io...
[2026-07-01T06:24:56.811Z] Client connected: GLZyEYkVOgY8skz0AAAB
[2026-07-01T06:24:56.815Z] Client GLZyEYkVOgY8skz0AAAB joined zone: zone5
[2026-07-01T06:24:56.991Z] Client connected: OwsQ5KdrZfTe14PZAAAD
[2026-07-01T06:24:56.993Z] Client OwsQ5KdrZfTe14PZAAAD joined user room: user_TSUJPxWHJ1hAhxVij3HnBG929Jn2
[2026-07-01T06:28:12.533Z] Client disconnected: OwsQ5KdrZfTe14PZAAAD
[2026-07-01T06:28:16.392Z] Client connected: x13Vsov8AkHdjtBhAAAF
[2026-07-01T06:28:16.399Z] Client x13Vsov8AkHdjtBhAAAF joined zone: zone5
[2026-07-01T06:28:16.401Z] Client x13Vsov8AkHdjtBhAAAF joined zone: zone5
[2026-07-01T06:28:42.869Z] Client x13Vsov8AkHdjtBhAAAF left zone: zone5
[2026-07-01T06:29:03.431Z] Client x13Vsov8AkHdjtBhAAAF joined zone: zone1
[2026-07-01T06:29:04.115Z] Client x13Vsov8AkHdjtBhAAAF left zone: zone1
[2026-07-01T06:29:04.116Z] Client x13Vsov8AkHdjtBhAAAF joined zone: zone1
[2026-07-01T06:29:08.648Z] Client x13Vsov8AkHdjtBhAAAF left zone: zone1
[2026-07-01T06:29:08.710Z] Client x13Vsov8AkHdjtBhAAAF joined user room: user_TSUJPxWHJ1hAhxVij3HnBG929Jn2
[2026-07-01T06:29:08.711Z] Client x13Vsov8AkHdjtBhAAAF left user room: user_TSUJPxWHJ1hAhxVij3HnBG929Jn2
[2026-07-01T06:29:08.712Z] Client x13Vsov8AkHdjtBhAAAF joined user room: user_TSUJPxWHJ1hAhxVij3HnBG929Jn2
[2026-07-01T06:29:36.345Z] Client x13Vsov8AkHdjtBhAAAF left user room: user_TSUJPxWHJ1hAhxVij3HnBG929Jn2
[2026-07-01T06:29:36.433Z] Client x13Vsov8AkHdjtBhAAAF joined user room: user_TSUJPxWHJ1hAhxVij3HnBG929Jn2
[2026-07-01T06:29:36.434Z] Client x13Vsov8AkHdjtBhAAAF left user room: user_TSUJPxWHJ1hAhxVij3HnBG929Jn2
[2026-07-01T06:29:36.437Z] Client x13Vsov8AkHdjtBhAAAF joined user room: user_TSUJPxWHJ1hAhxVij3HnBG929Jn2
[2026-07-01T06:30:56.719Z] Client x13Vsov8AkHdjtBhAAAF left user room: user_TSUJPxWHJ1hAhxVij3HnBG929Jn2
[2026-07-01T06:30:56.784Z] Client x13Vsov8AkHdjtBhAAAF joined user room: user_TSUJPxWHJ1hAhxVij3HnBG929Jn2
[2026-07-01T06:30:56.785Z] Client x13Vsov8AkHdjtBhAAAF left user room: user_TSUJPxWHJ1hAhxVij3HnBG929Jn2
[2026-07-01T06:30:56.786Z] Client x13Vsov8AkHdjtBhAAAF joined user room: user_TSUJPxWHJ1hAhxVij3HnBG929Jn2
[2026-07-01T06:31:15.909Z] Client disconnected: GLZyEYkVOgY8skz0AAAB
[2026-07-01T06:32:22.633Z] Client x13Vsov8AkHdjtBhAAAF left user room: user_TSUJPxWHJ1hAhxVij3HnBG929Jn2
[2026-07-01T06:32:22.738Z] Client x13Vsov8AkHdjtBhAAAF joined zone: zone1
[2026-07-01T06:32:22.738Z] Client x13Vsov8AkHdjtBhAAAF left zone: zone1
[2026-07-01T06:32:22.739Z] Client x13Vsov8AkHdjtBhAAAF joined zone: zone1
[2026-07-01T06:32:41.108Z] Client connected: 1z2mCt8z_5a47aUbAAAH
[2026-07-01T06:32:41.112Z] Client 1z2mCt8z_5a47aUbAAAH joined zone: zone5
[2026-07-01T06:32:41.113Z] Client 1z2mCt8z_5a47aUbAAAH joined zone: zone5
[2026-07-01T06:32:42.826Z] Client 1z2mCt8z_5a47aUbAAAH left zone: zone5
[2026-07-01T06:32:53.295Z] Client 1z2mCt8z_5a47aUbAAAH joined zone: zone2
[2026-07-01T06:32:53.361Z] Client 1z2mCt8z_5a47aUbAAAH left zone: zone2
[2026-07-01T06:32:53.362Z] Client 1z2mCt8z_5a47aUbAAAH joined zone: zone2
[2026-07-01T06:32:59.977Z] Client 1z2mCt8z_5a47aUbAAAH left zone: zone2
[2026-07-01T06:33:00.065Z] Client 1z2mCt8z_5a47aUbAAAH joined zone: zone4
[2026-07-01T06:33:00.066Z] Client 1z2mCt8z_5a47aUbAAAH left zone: zone4
[2026-07-01T06:33:00.066Z] Client 1z2mCt8z_5a47aUbAAAH joined zone: zone4
[2026-07-01T06:33:16.161Z] Client disconnected: 1z2mCt8z_5a47aUbAAAH
[2026-07-01T06:33:16.687Z] Client connected: df5RYZLr9VRwOp1nAAAJ
[2026-07-01T06:33:16.690Z] Client df5RYZLr9VRwOp1nAAAJ joined zone: zone4
[2026-07-01T06:33:16.692Z] Client df5RYZLr9VRwOp1nAAAJ left zone: zone4
[2026-07-01T06:33:16.693Z] Client df5RYZLr9VRwOp1nAAAJ joined zone: zone4
[2026-07-01T06:33:16.693Z] Client df5RYZLr9VRwOp1nAAAJ joined zone: zone4
[2026-07-01T06:33:22.246Z] Client disconnected: df5RYZLr9VRwOp1nAAAJ
[2026-07-01T06:33:24.718Z] Client connected: TuFEP9vdeWVuOLBlAAAL
[2026-07-01T06:33:24.720Z] Client TuFEP9vdeWVuOLBlAAAL joined zone: zone2
[2026-07-01T06:33:24.722Z] Client TuFEP9vdeWVuOLBlAAAL left zone: zone2
[2026-07-01T06:33:24.723Z] Client TuFEP9vdeWVuOLBlAAAL joined zone: zone2
[2026-07-01T06:33:24.724Z] Client TuFEP9vdeWVuOLBlAAAL joined zone: zone2
[2026-07-01T06:33:44.704Z] Client TuFEP9vdeWVuOLBlAAAL left zone: zone2
[2026-07-01T06:33:44.792Z] Client TuFEP9vdeWVuOLBlAAAL joined zone: zone4
[2026-07-01T06:33:44.792Z] Client TuFEP9vdeWVuOLBlAAAL left zone: zone4
[2026-07-01T06:33:44.793Z] Client TuFEP9vdeWVuOLBlAAAL joined zone: zone4
[2026-07-01T06:33:48.731Z] Client TuFEP9vdeWVuOLBlAAAL left zone: zone4
[2026-07-01T06:33:48.800Z] Client TuFEP9vdeWVuOLBlAAAL joined zone: zone2
[2026-07-01T06:33:48.801Z] Client TuFEP9vdeWVuOLBlAAAL left zone: zone2
[2026-07-01T06:33:48.801Z] Client TuFEP9vdeWVuOLBlAAAL joined zone: zone2
[2026-07-01T06:33:57.590Z] Client disconnected: TuFEP9vdeWVuOLBlAAAL
[2026-07-01T06:34:00.175Z] Client connected: XOJv0omSI5rnEEGbAAAN
[2026-07-01T06:34:00.227Z] Client XOJv0omSI5rnEEGbAAAN joined zone: zone2
[2026-07-01T06:34:00.228Z] Client XOJv0omSI5rnEEGbAAAN left zone: zone2
[2026-07-01T06:34:00.229Z] Client XOJv0omSI5rnEEGbAAAN joined zone: zone2
[2026-07-01T06:34:00.230Z] Client XOJv0omSI5rnEEGbAAAN joined zone: zone2
[2026-07-01T06:34:23.130Z] Client disconnected: XOJv0omSI5rnEEGbAAAN
[2026-07-01T06:34:25.459Z] Client connected: shgWfQqGT8bN4CwGAAAP
[2026-07-01T06:34:25.466Z] Client shgWfQqGT8bN4CwGAAAP joined zone: zone2
[2026-07-01T06:34:25.468Z] Client shgWfQqGT8bN4CwGAAAP left zone: zone2
[2026-07-01T06:34:25.469Z] Client shgWfQqGT8bN4CwGAAAP joined zone: zone2
[2026-07-01T06:34:25.470Z] Client shgWfQqGT8bN4CwGAAAP joined zone: zone2
[2026-07-01T06:34:42.923Z] Client shgWfQqGT8bN4CwGAAAP left zone: zone2
[2026-07-01T06:34:43.269Z] Client shgWfQqGT8bN4CwGAAAP joined zone: zone4
[2026-07-01T06:34:43.269Z] Client shgWfQqGT8bN4CwGAAAP left zone: zone4
[2026-07-01T06:34:43.270Z] Client shgWfQqGT8bN4CwGAAAP joined zone: zone4
[2026-07-01T06:35:47.998Z] Client x13Vsov8AkHdjtBhAAAF left zone: zone1
[2026-07-01T06:35:48.031Z] Client x13Vsov8AkHdjtBhAAAF joined user room: user_TSUJPxWHJ1hAhxVij3HnBG929Jn2
[2026-07-01T06:35:48.032Z] Client x13Vsov8AkHdjtBhAAAF left user room: user_TSUJPxWHJ1hAhxVij3HnBG929Jn2
[2026-07-01T06:35:48.032Z] Client x13Vsov8AkHdjtBhAAAF joined user room: user_TSUJPxWHJ1hAhxVij3HnBG929Jn2
[2026-07-01T06:36:04.119Z] Client x13Vsov8AkHdjtBhAAAF left user room: user_TSUJPxWHJ1hAhxVij3HnBG929Jn2
[2026-07-01T06:36:04.213Z] Client x13Vsov8AkHdjtBhAAAF joined zone: zone1
[2026-07-01T06:36:04.214Z] Client x13Vsov8AkHdjtBhAAAF left zone: zone1
[2026-07-01T06:36:04.215Z] Client x13Vsov8AkHdjtBhAAAF joined zone: zone1
[2026-07-01T06:36:22.525Z] Client shgWfQqGT8bN4CwGAAAP left zone: zone4
[2026-07-01T06:36:22.627Z] Client shgWfQqGT8bN4CwGAAAP joined zone: zone2
[2026-07-01T06:36:22.628Z] Client shgWfQqGT8bN4CwGAAAP left zone: zone2
[2026-07-01T06:36:22.628Z] Client shgWfQqGT8bN4CwGAAAP joined zone: zone2
[2026-07-01T07:01:13.061Z] Client x13Vsov8AkHdjtBhAAAF left zone: zone1
[2026-07-01T07:01:14.410Z] Client x13Vsov8AkHdjtBhAAAF joined zone: zone1
[2026-07-01T07:01:14.497Z] Client x13Vsov8AkHdjtBhAAAF left zone: zone1
[2026-07-01T07:01:14.497Z] Client x13Vsov8AkHdjtBhAAAF joined zone: zone1
[2026-07-01T07:01:15.742Z] Client x13Vsov8AkHdjtBhAAAF left zone: zone1
[2026-07-01T07:01:17.656Z] Client x13Vsov8AkHdjtBhAAAF joined user room: user_TSUJPxWHJ1hAhxVij3HnBG929Jn2
[2026-07-01T07:01:17.661Z] Client x13Vsov8AkHdjtBhAAAF left user room: user_TSUJPxWHJ1hAhxVij3HnBG929Jn2
[2026-07-01T07:01:17.661Z] Client x13Vsov8AkHdjtBhAAAF joined user room: user_TSUJPxWHJ1hAhxVij3HnBG929Jn2
[2026-07-01T07:01:18.773Z] Client x13Vsov8AkHdjtBhAAAF left user room: user_TSUJPxWHJ1hAhxVij3HnBG929Jn2
[2026-07-01T07:01:19.688Z] Client x13Vsov8AkHdjtBhAAAF joined user room: user_TSUJPxWHJ1hAhxVij3HnBG929Jn2
[2026-07-01T07:01:19.692Z] Client x13Vsov8AkHdjtBhAAAF left user room: user_TSUJPxWHJ1hAhxVij3HnBG929Jn2
[2026-07-01T07:01:19.693Z] Client x13Vsov8AkHdjtBhAAAF joined user room: user_TSUJPxWHJ1hAhxVij3HnBG929Jn2
[2026-07-01T07:01:34.879Z] Client shgWfQqGT8bN4CwGAAAP left zone: zone2
[2026-07-01T07:01:34.966Z] Client shgWfQqGT8bN4CwGAAAP joined zone: zone4
[2026-07-01T07:01:34.966Z] Client shgWfQqGT8bN4CwGAAAP left zone: zone4
[2026-07-01T07:01:34.967Z] Client shgWfQqGT8bN4CwGAAAP joined zone: zone4
[2026-07-01T07:02:21.248Z] Client shgWfQqGT8bN4CwGAAAP left zone: zone4
[2026-07-01T07:02:21.318Z] Client shgWfQqGT8bN4CwGAAAP joined zone: zone2
[2026-07-01T07:02:21.319Z] Client shgWfQqGT8bN4CwGAAAP left zone: zone2
[2026-07-01T07:02:21.319Z] Client shgWfQqGT8bN4CwGAAAP joined zone: zone2
[2026-07-01T07:02:26.735Z] Client x13Vsov8AkHdjtBhAAAF left user room: user_TSUJPxWHJ1hAhxVij3HnBG929Jn2
[2026-07-01T07:02:26.768Z] Client x13Vsov8AkHdjtBhAAAF joined user room: user_TSUJPxWHJ1hAhxVij3HnBG929Jn2
[2026-07-01T07:02:26.771Z] Client x13Vsov8AkHdjtBhAAAF left user room: user_TSUJPxWHJ1hAhxVij3HnBG929Jn2
[2026-07-01T07:02:26.772Z] Client x13Vsov8AkHdjtBhAAAF joined user room: user_TSUJPxWHJ1hAhxVij3HnBG929Jn2
[2026-07-01T07:12:40.686Z] Client shgWfQqGT8bN4CwGAAAP left zone: zone2
[2026-07-01T07:12:42.100Z] Client shgWfQqGT8bN4CwGAAAP joined zone: zone4
[2026-07-01T07:12:42.161Z] Client shgWfQqGT8bN4CwGAAAP left zone: zone4
[2026-07-01T07:12:42.162Z] Client shgWfQqGT8bN4CwGAAAP joined zone: zone4
[2026-07-01T07:12:46.168Z] Client shgWfQqGT8bN4CwGAAAP left zone: zone4
[2026-07-01T07:12:46.236Z] Client shgWfQqGT8bN4CwGAAAP joined zone: zone2
[2026-07-01T07:12:46.237Z] Client shgWfQqGT8bN4CwGAAAP left zone: zone2
[2026-07-01T07:12:46.237Z] Client shgWfQqGT8bN4CwGAAAP joined zone: zone2
[2026-07-01T07:12:47.845Z] Client shgWfQqGT8bN4CwGAAAP left zone: zone2
[2026-07-01T07:12:47.926Z] Client shgWfQqGT8bN4CwGAAAP joined zone: zone4
[2026-07-01T07:12:47.927Z] Client shgWfQqGT8bN4CwGAAAP left zone: zone4
[2026-07-01T07:12:47.928Z] Client shgWfQqGT8bN4CwGAAAP joined zone: zone4
[2026-07-01T07:12:51.512Z] Client shgWfQqGT8bN4CwGAAAP left zone: zone4
[2026-07-01T07:12:51.581Z] Client shgWfQqGT8bN4CwGAAAP joined zone: zone2
[2026-07-01T07:12:51.582Z] Client shgWfQqGT8bN4CwGAAAP left zone: zone2
[2026-07-01T07:12:51.583Z] Client shgWfQqGT8bN4CwGAAAP joined zone: zone2
[2026-07-01T07:12:54.286Z] Client disconnected: shgWfQqGT8bN4CwGAAAP
[2026-07-01T07:12:55.217Z] Client connected: f3CVkgRSWsmLYuKiAAAR
[2026-07-01T07:12:55.217Z] Client f3CVkgRSWsmLYuKiAAAR joined zone: zone2
[2026-07-01T07:12:55.218Z] Client f3CVkgRSWsmLYuKiAAAR left zone: zone2
[2026-07-01T07:12:55.219Z] Client f3CVkgRSWsmLYuKiAAAR joined zone: zone2
[2026-07-01T07:12:55.219Z] Client f3CVkgRSWsmLYuKiAAAR joined zone: zone2
[2026-07-01T07:13:23.117Z] Client disconnected: f3CVkgRSWsmLYuKiAAAR
[2026-07-01T07:13:25.366Z] Client connected: _Kh4wNMipj8MR00lAAAT
[2026-07-01T07:13:25.372Z] Client _Kh4wNMipj8MR00lAAAT joined zone: zone2
[2026-07-01T07:13:25.373Z] Client _Kh4wNMipj8MR00lAAAT left zone: zone2
[2026-07-01T07:13:25.374Z] Client _Kh4wNMipj8MR00lAAAT joined zone: zone2
[2026-07-01T07:13:25.374Z] Client _Kh4wNMipj8MR00lAAAT joined zone: zone2
[2026-07-01T07:14:48.960Z] Client disconnected: _Kh4wNMipj8MR00lAAAT
[2026-07-01T07:14:51.987Z] Client connected: lcJ67BtwXx47l34CAAAV
[2026-07-01T07:14:51.994Z] Client lcJ67BtwXx47l34CAAAV joined zone: zone2
[2026-07-01T07:14:51.996Z] Client lcJ67BtwXx47l34CAAAV left zone: zone2
[2026-07-01T07:14:51.997Z] Client lcJ67BtwXx47l34CAAAV joined zone: zone2
[2026-07-01T07:14:51.997Z] Client lcJ67BtwXx47l34CAAAV joined zone: zone2
[2026-07-01T07:19:07.106Z] Client disconnected: lcJ67BtwXx47l34CAAAV
[2026-07-01T07:19:10.268Z] Client connected: ZCV73hAWLzZrsSr2AAAX
[2026-07-01T07:19:10.364Z] Client ZCV73hAWLzZrsSr2AAAX joined zone: zone2
[2026-07-01T07:19:10.370Z] Client ZCV73hAWLzZrsSr2AAAX left zone: zone2
[2026-07-01T07:19:10.371Z] Client ZCV73hAWLzZrsSr2AAAX joined zone: zone2
[2026-07-01T07:19:10.371Z] Client ZCV73hAWLzZrsSr2AAAX joined zone: zone2
[2026-07-01T07:20:02.316Z] Client disconnected: ZCV73hAWLzZrsSr2AAAX
[2026-07-01T07:20:04.715Z] Client connected: Djw6SqPPqKabZfB1AAAZ
[2026-07-01T07:20:04.722Z] Client Djw6SqPPqKabZfB1AAAZ joined zone: zone2
[2026-07-01T07:20:04.723Z] Client Djw6SqPPqKabZfB1AAAZ left zone: zone2
[2026-07-01T07:20:04.724Z] Client Djw6SqPPqKabZfB1AAAZ joined zone: zone2
[2026-07-01T07:20:04.725Z] Client Djw6SqPPqKabZfB1AAAZ joined zone: zone2
[2026-07-01T07:22:02.559Z] Client disconnected: Djw6SqPPqKabZfB1AAAZ
[2026-07-01T07:22:07.028Z] Client connected: QI2nFhR1OIBRD6cPAAAb
[2026-07-01T07:22:07.041Z] Client QI2nFhR1OIBRD6cPAAAb joined zone: zone2
[2026-07-01T07:22:07.044Z] Client QI2nFhR1OIBRD6cPAAAb left zone: zone2
[2026-07-01T07:22:07.045Z] Client QI2nFhR1OIBRD6cPAAAb joined zone: zone2
[2026-07-01T07:22:07.045Z] Client QI2nFhR1OIBRD6cPAAAb joined zone: zone2
[2026-07-01T07:22:18.867Z] Client disconnected: QI2nFhR1OIBRD6cPAAAb
[2026-07-01T07:22:21.956Z] Client connected: UaoBgEeZAEj54IBRAAAd
[2026-07-01T07:22:22.302Z] Client UaoBgEeZAEj54IBRAAAd joined zone: zone2
[2026-07-01T07:22:22.307Z] Client UaoBgEeZAEj54IBRAAAd left zone: zone2
[2026-07-01T07:22:22.308Z] Client UaoBgEeZAEj54IBRAAAd joined zone: zone2
[2026-07-01T07:22:22.308Z] Client UaoBgEeZAEj54IBRAAAd joined zone: zone2
[2026-07-01T07:24:05.019Z] Client disconnected: UaoBgEeZAEj54IBRAAAd
[2026-07-01T07:24:07.509Z] Client connected: itu336Skg5_qPXsZAAAf
[2026-07-01T07:24:07.514Z] Client itu336Skg5_qPXsZAAAf joined zone: zone2
[2026-07-01T07:24:07.515Z] Client itu336Skg5_qPXsZAAAf left zone: zone2
[2026-07-01T07:24:07.516Z] Client itu336Skg5_qPXsZAAAf joined zone: zone2
[2026-07-01T07:24:07.516Z] Client itu336Skg5_qPXsZAAAf joined zone: zone2
[2026-07-01T07:24:10.151Z] Client disconnected: x13Vsov8AkHdjtBhAAAF
[2026-07-01T07:24:10.909Z] Client connected: eUVFFaJJziEs6VEeAAAh
[2026-07-01T07:24:10.912Z] Client eUVFFaJJziEs6VEeAAAh joined user room: user_TSUJPxWHJ1hAhxVij3HnBG929Jn2
[2026-07-01T07:24:10.937Z] Client eUVFFaJJziEs6VEeAAAh left user room: user_TSUJPxWHJ1hAhxVij3HnBG929Jn2
[2026-07-01T07:24:10.938Z] Client eUVFFaJJziEs6VEeAAAh joined user room: user_TSUJPxWHJ1hAhxVij3HnBG929Jn2
[2026-07-01T07:24:10.941Z] Client eUVFFaJJziEs6VEeAAAh joined user room: user_TSUJPxWHJ1hAhxVij3HnBG929Jn2
[2026-07-01T07:26:46.624Z] Client eUVFFaJJziEs6VEeAAAh left user room: user_TSUJPxWHJ1hAhxVij3HnBG929Jn2
[2026-07-01T07:27:09.828Z] Client itu336Skg5_qPXsZAAAf left zone: zone2
[2026-07-01T07:27:09.893Z] Client itu336Skg5_qPXsZAAAf joined zone: zone4
[2026-07-01T07:27:09.893Z] Client itu336Skg5_qPXsZAAAf left zone: zone4
[2026-07-01T07:27:09.894Z] Client itu336Skg5_qPXsZAAAf joined zone: zone4
[2026-07-01T07:29:12.478Z] Client disconnected: eUVFFaJJziEs6VEeAAAh
[2026-07-01T07:29:13.344Z] Client connected: MB23I1m_fg293QonAAAj
[2026-07-01T07:29:13.345Z] Client MB23I1m_fg293QonAAAj joined zone: zone5
[2026-07-01T07:29:13.348Z] Client MB23I1m_fg293QonAAAj joined zone: zone5
[2026-07-01T07:32:13.787Z] Client connected: F4CqmpiS25YcUW_aAAAl
[2026-07-01T07:32:13.788Z] Client F4CqmpiS25YcUW_aAAAl joined zone: zone5
[2026-07-01T07:32:13.790Z] Client F4CqmpiS25YcUW_aAAAl joined zone: zone5
[2026-07-01T07:33:12.343Z] Client disconnected: itu336Skg5_qPXsZAAAf
[2026-07-01T07:33:13.071Z] Client connected: jajuVRMhqRkcGWOFAAAn
[2026-07-01T07:33:13.072Z] Client jajuVRMhqRkcGWOFAAAn joined zone: zone5
[2026-07-01T07:33:13.074Z] Client jajuVRMhqRkcGWOFAAAn joined zone: zone5
[2026-07-01T07:34:24.835Z] Client disconnected: F4CqmpiS25YcUW_aAAAl
[2026-07-01T07:35:44.647Z] Client disconnected: MB23I1m_fg293QonAAAj
[2026-07-01T07:35:45.203Z] Client connected: s3WKcxoOQpUqrJZFAAAp
[2026-07-01T07:35:45.206Z] Client s3WKcxoOQpUqrJZFAAAp joined zone: zone5
[2026-07-01T07:35:45.208Z] Client s3WKcxoOQpUqrJZFAAAp joined zone: zone5
[2026-07-01T07:35:48.467Z] Client s3WKcxoOQpUqrJZFAAAp left zone: zone5
[2026-07-01T07:36:03.421Z] Client s3WKcxoOQpUqrJZFAAAp joined zone: zone1
[2026-07-01T07:36:03.581Z] Client s3WKcxoOQpUqrJZFAAAp left zone: zone1
[2026-07-01T07:36:03.582Z] Client s3WKcxoOQpUqrJZFAAAp joined zone: zone1
[2026-07-01T07:36:07.070Z] Client s3WKcxoOQpUqrJZFAAAp left zone: zone1
[2026-07-01T07:36:07.089Z] Client s3WKcxoOQpUqrJZFAAAp joined user room: user_TSUJPxWHJ1hAhxVij3HnBG929Jn2
[2026-07-01T07:36:07.089Z] Client s3WKcxoOQpUqrJZFAAAp left user room: user_TSUJPxWHJ1hAhxVij3HnBG929Jn2
[2026-07-01T07:36:07.090Z] Client s3WKcxoOQpUqrJZFAAAp joined user room: user_TSUJPxWHJ1hAhxVij3HnBG929Jn2
[2026-07-01T07:36:19.962Z] Client s3WKcxoOQpUqrJZFAAAp left user room: user_TSUJPxWHJ1hAhxVij3HnBG929Jn2
[2026-07-01T07:36:19.992Z] Client s3WKcxoOQpUqrJZFAAAp joined user room: user_TSUJPxWHJ1hAhxVij3HnBG929Jn2
[2026-07-01T07:36:19.993Z] Client s3WKcxoOQpUqrJZFAAAp left user room: user_TSUJPxWHJ1hAhxVij3HnBG929Jn2
[2026-07-01T07:36:19.993Z] Client s3WKcxoOQpUqrJZFAAAp joined user room: user_TSUJPxWHJ1hAhxVij3HnBG929Jn2
[2026-07-01T07:38:07.640Z] Client s3WKcxoOQpUqrJZFAAAp left user room: user_TSUJPxWHJ1hAhxVij3HnBG929Jn2
[2026-07-01T07:38:07.656Z] Client s3WKcxoOQpUqrJZFAAAp joined user room: user_TSUJPxWHJ1hAhxVij3HnBG929Jn2
[2026-07-01T07:38:07.656Z] Client s3WKcxoOQpUqrJZFAAAp left user room: user_TSUJPxWHJ1hAhxVij3HnBG929Jn2
[2026-07-01T07:38:07.657Z] Client s3WKcxoOQpUqrJZFAAAp joined user room: user_TSUJPxWHJ1hAhxVij3HnBG929Jn2
[2026-07-01T08:07:36.091Z] Initializing Socket.io...
[2026-07-01T08:14:31.244Z] Initializing Socket.io...
[2026-07-01T08:21:30.308Z] Initializing Socket.io...
[2026-07-01T08:21:34.012Z] Client connected: 0QkTkbFbUwLRYKbiAAAB
[2026-07-01T08:21:34.017Z] Client 0QkTkbFbUwLRYKbiAAAB joined user room: user_TSUJPxWHJ1hAhxVij3HnBG929Jn2
[2026-07-01T08:21:34.018Z] Client 0QkTkbFbUwLRYKbiAAAB left user room: user_TSUJPxWHJ1hAhxVij3HnBG929Jn2
[2026-07-01T08:21:34.019Z] Client 0QkTkbFbUwLRYKbiAAAB joined user room: user_TSUJPxWHJ1hAhxVij3HnBG929Jn2
[2026-07-01T08:21:34.020Z] Client 0QkTkbFbUwLRYKbiAAAB joined user room: user_TSUJPxWHJ1hAhxVij3HnBG929Jn2
[2026-07-01T08:22:22.449Z] Initializing Socket.io...
[2026-07-01T08:22:22.677Z] Client connected: 7KkTl0BKeCsCyZz7AAAB
[2026-07-01T08:22:22.681Z] Client 7KkTl0BKeCsCyZz7AAAB joined user room: user_TSUJPxWHJ1hAhxVij3HnBG929Jn2
[2026-07-01T08:22:50.988Z] Client disconnected: 7KkTl0BKeCsCyZz7AAAB
[2026-07-01T08:22:51.598Z] Client connected: bseBVRxFRwV6UsGkAAAD
[2026-07-01T08:22:51.599Z] Client bseBVRxFRwV6UsGkAAAD joined user room: user_TSUJPxWHJ1hAhxVij3HnBG929Jn2
[2026-07-01T08:22:51.600Z] Client bseBVRxFRwV6UsGkAAAD left user room: user_TSUJPxWHJ1hAhxVij3HnBG929Jn2
[2026-07-01T08:22:51.601Z] Client bseBVRxFRwV6UsGkAAAD joined user room: user_TSUJPxWHJ1hAhxVij3HnBG929Jn2
[2026-07-01T08:22:51.602Z] Client bseBVRxFRwV6UsGkAAAD joined user room: user_TSUJPxWHJ1hAhxVij3HnBG929Jn2
[2026-07-01T08:36:12.572Z] Client disconnected: bseBVRxFRwV6UsGkAAAD
[2026-07-01T08:36:13.296Z] Client connected: m2elCQGNtprY7mXpAAAF
[2026-07-01T08:36:13.297Z] Client m2elCQGNtprY7mXpAAAF joined zone: zone5
[2026-07-01T08:36:13.299Z] Client m2elCQGNtprY7mXpAAAF joined zone: zone5
[2026-07-01T08:57:14.897Z] Initializing Socket.io...
[2026-07-01T08:57:15.117Z] Client connected: FfcpGtYSKz07EVFJAAAB
[2026-07-01T08:57:15.121Z] Client FfcpGtYSKz07EVFJAAAB joined zone: zone5
[2026-07-01T09:24:47.389Z] Client connected: zzghh5_-0grIip4bAAAD
[2026-07-01T09:24:47.392Z] Client zzghh5_-0grIip4bAAAD joined zone: zone5
[2026-07-01T09:24:47.394Z] Client zzghh5_-0grIip4bAAAD joined zone: zone5
[2026-07-01T09:24:59.404Z] Client disconnected: zzghh5_-0grIip4bAAAD
[2026-07-01T09:25:48.755Z] Initializing Socket.io...
[2026-07-01T09:25:49.030Z] Client connected: fkJ1rWxFT5VpEVOBAAAB
[2026-07-01T09:25:49.033Z] Client fkJ1rWxFT5VpEVOBAAAB joined zone: zone5
[2026-07-01T09:26:48.753Z] Client disconnected: fkJ1rWxFT5VpEVOBAAAB
[2026-07-01T09:27:07.288Z] Initializing Socket.io...
[2026-07-01T09:28:52.037Z] Client connected: HiVc19AOnYNIFQ0_AAAB
[2026-07-01T09:28:52.039Z] Client HiVc19AOnYNIFQ0_AAAB joined zone: zone1
[2026-07-01T09:28:52.040Z] Client HiVc19AOnYNIFQ0_AAAB left zone: zone1
[2026-07-01T09:28:52.041Z] Client HiVc19AOnYNIFQ0_AAAB joined zone: zone1
[2026-07-01T09:28:52.041Z] Client HiVc19AOnYNIFQ0_AAAB joined zone: zone1
[2026-07-01T09:28:55.568Z] Client HiVc19AOnYNIFQ0_AAAB left zone: zone1
[2026-07-01T09:28:58.179Z] Client HiVc19AOnYNIFQ0_AAAB joined user room: user_TSUJPxWHJ1hAhxVij3HnBG929Jn2
[2026-07-01T09:28:58.185Z] Client HiVc19AOnYNIFQ0_AAAB left user room: user_TSUJPxWHJ1hAhxVij3HnBG929Jn2
[2026-07-01T09:28:58.186Z] Client HiVc19AOnYNIFQ0_AAAB joined user room: user_TSUJPxWHJ1hAhxVij3HnBG929Jn2
[2026-07-01T09:29:01.930Z] Client disconnected: HiVc19AOnYNIFQ0_AAAB
[2026-07-01T09:29:02.309Z] Client connected: lC2cc_vkj1ANbNdwAAAD
[2026-07-01T09:29:02.312Z] Client lC2cc_vkj1ANbNdwAAAD joined user room: user_TSUJPxWHJ1hAhxVij3HnBG929Jn2
[2026-07-01T09:29:02.313Z] Client lC2cc_vkj1ANbNdwAAAD left user room: user_TSUJPxWHJ1hAhxVij3HnBG929Jn2
[2026-07-01T09:29:02.314Z] Client lC2cc_vkj1ANbNdwAAAD joined user room: user_TSUJPxWHJ1hAhxVij3HnBG929Jn2
[2026-07-01T09:29:02.314Z] Client lC2cc_vkj1ANbNdwAAAD joined user room: user_TSUJPxWHJ1hAhxVij3HnBG929Jn2
[2026-07-01T09:30:14.396Z] Initializing Socket.io...
[2026-07-01T09:30:15.015Z] Client connected: XObDlux4YCFsFWVdAAAB
[2026-07-01T09:30:15.017Z] Client XObDlux4YCFsFWVdAAAB joined user room: user_TSUJPxWHJ1hAhxVij3HnBG929Jn2
[2026-07-01T09:33:02.293Z] Client disconnected: XObDlux4YCFsFWVdAAAB
[2026-07-01T09:33:02.728Z] Client connected: 41zSTjhAUARrTInBAAAD
[2026-07-01T09:33:02.733Z] Client 41zSTjhAUARrTInBAAAD joined user room: user_TSUJPxWHJ1hAhxVij3HnBG929Jn2
[2026-07-01T09:33:02.734Z] Client 41zSTjhAUARrTInBAAAD left user room: user_TSUJPxWHJ1hAhxVij3HnBG929Jn2
[2026-07-01T09:33:02.734Z] Client 41zSTjhAUARrTInBAAAD joined user room: user_TSUJPxWHJ1hAhxVij3HnBG929Jn2
[2026-07-01T09:33:02.736Z] Client 41zSTjhAUARrTInBAAAD joined user room: user_TSUJPxWHJ1hAhxVij3HnBG929Jn2
[2026-07-01T09:33:38.558Z] Client disconnected: 41zSTjhAUARrTInBAAAD
[2026-07-01T09:33:40.338Z] Client connected: xtr_8pbaGCQRMs3pAAAF
[2026-07-01T09:33:40.348Z] Client xtr_8pbaGCQRMs3pAAAF joined user room: user_TSUJPxWHJ1hAhxVij3HnBG929Jn2
[2026-07-01T09:33:40.354Z] Client xtr_8pbaGCQRMs3pAAAF left user room: user_TSUJPxWHJ1hAhxVij3HnBG929Jn2
[2026-07-01T09:33:40.356Z] Client xtr_8pbaGCQRMs3pAAAF joined user room: user_TSUJPxWHJ1hAhxVij3HnBG929Jn2
[2026-07-01T09:33:40.357Z] Client xtr_8pbaGCQRMs3pAAAF joined user room: user_TSUJPxWHJ1hAhxVij3HnBG929Jn2
[2026-07-01T09:41:28.210Z] Client disconnected: xtr_8pbaGCQRMs3pAAAF
[2026-07-01T09:41:28.915Z] Client connected: yts36cqecAd6YE8TAAAH
[2026-07-01T09:41:28.919Z] Client yts36cqecAd6YE8TAAAH joined user room: user_TSUJPxWHJ1hAhxVij3HnBG929Jn2
[2026-07-01T09:41:28.921Z] Client yts36cqecAd6YE8TAAAH left user room: user_TSUJPxWHJ1hAhxVij3HnBG929Jn2
[2026-07-01T09:41:28.922Z] Client yts36cqecAd6YE8TAAAH joined user room: user_TSUJPxWHJ1hAhxVij3HnBG929Jn2
[2026-07-01T09:41:28.922Z] Client yts36cqecAd6YE8TAAAH joined user room: user_TSUJPxWHJ1hAhxVij3HnBG929Jn2
[2026-07-01T09:41:51.941Z] Client yts36cqecAd6YE8TAAAH left user room: user_TSUJPxWHJ1hAhxVij3HnBG929Jn2
[2026-07-01T09:41:52.020Z] Client yts36cqecAd6YE8TAAAH joined zone: zone1
[2026-07-01T09:41:52.021Z] Client yts36cqecAd6YE8TAAAH left zone: zone1
[2026-07-01T09:41:52.021Z] Client yts36cqecAd6YE8TAAAH joined zone: zone1
[2026-07-01T09:42:38.934Z] Client yts36cqecAd6YE8TAAAH left zone: zone1
[2026-07-01T09:42:38.963Z] Client yts36cqecAd6YE8TAAAH joined user room: user_TSUJPxWHJ1hAhxVij3HnBG929Jn2
[2026-07-01T09:42:38.964Z] Client yts36cqecAd6YE8TAAAH left user room: user_TSUJPxWHJ1hAhxVij3HnBG929Jn2
[2026-07-01T09:42:38.966Z] Client yts36cqecAd6YE8TAAAH joined user room: user_TSUJPxWHJ1hAhxVij3HnBG929Jn2
[2026-07-01T09:47:07.263Z] Initializing Socket.io...
[2026-07-01T09:47:07.298Z] Client connected: Y0azIJfsxnbNOCLAAAAB
[2026-07-01T09:47:07.300Z] Client Y0azIJfsxnbNOCLAAAAB joined user room: user_TSUJPxWHJ1hAhxVij3HnBG929Jn2
[2026-07-01T09:47:08.507Z] Initializing Socket.io...
[2026-07-01T09:47:09.005Z] Client connected: -kRfV3pNchY5jwiMAAAB
[2026-07-01T09:47:09.007Z] Client -kRfV3pNchY5jwiMAAAB joined user room: user_TSUJPxWHJ1hAhxVij3HnBG929Jn2
[2026-07-01T09:47:58.048Z] Initializing Socket.io...
[2026-07-01T09:47:58.302Z] Client connected: AALUIcO2MpwZpC-IAAAB
[2026-07-01T09:47:58.304Z] Client AALUIcO2MpwZpC-IAAAB joined user room: user_TSUJPxWHJ1hAhxVij3HnBG929Jn2
[2026-07-01T09:48:27.744Z] Client disconnected: AALUIcO2MpwZpC-IAAAB
[2026-07-01T09:48:40.602Z] Initializing Socket.io...
[2026-07-01T09:49:10.838Z] Client connected: gxApFT0PSgbG8dOrAAAB
[2026-07-01T09:49:10.853Z] Client gxApFT0PSgbG8dOrAAAB joined user room: user_TSUJPxWHJ1hAhxVij3HnBG929Jn2
[2026-07-01T09:49:10.854Z] Client gxApFT0PSgbG8dOrAAAB left user room: user_TSUJPxWHJ1hAhxVij3HnBG929Jn2
[2026-07-01T09:49:10.854Z] Client gxApFT0PSgbG8dOrAAAB joined user room: user_TSUJPxWHJ1hAhxVij3HnBG929Jn2
[2026-07-01T09:49:10.855Z] Client gxApFT0PSgbG8dOrAAAB joined user room: user_TSUJPxWHJ1hAhxVij3HnBG929Jn2
[2026-07-01T09:49:42.641Z] Initializing Socket.io...
[2026-07-01T09:49:43.339Z] Client connected: d98rXDHLgGvDBCmwAAAB
[2026-07-01T09:49:44.254Z] Client d98rXDHLgGvDBCmwAAAB joined user room: user_TSUJPxWHJ1hAhxVij3HnBG929Jn2
[2026-07-01T09:51:35.832Z] Initializing Socket.io...
[2026-07-01T09:51:36.005Z] Client connected: -JVJd4rZbB-u_C1GAAAB
[2026-07-01T09:51:36.013Z] Client -JVJd4rZbB-u_C1GAAAB joined user room: user_TSUJPxWHJ1hAhxVij3HnBG929Jn2
[2026-07-01T09:52:43.124Z] Initializing Socket.io...
[2026-07-01T09:52:43.671Z] Client connected: _rZjr32R9W31-JZjAAAB
[2026-07-01T09:52:43.679Z] Client _rZjr32R9W31-JZjAAAB joined user room: user_TSUJPxWHJ1hAhxVij3HnBG929Jn2
[2026-07-01T10:11:12.822Z] Initializing Socket.io...
[2026-07-01T10:11:15.005Z] Client connected: 4xITx_0ynkSJ2rXnAAAB
[2026-07-01T10:11:15.009Z] Client 4xITx_0ynkSJ2rXnAAAB joined user room: user_TSUJPxWHJ1hAhxVij3HnBG929Jn2
[2026-07-01T10:14:25.392Z] Initializing Socket.io...
[2026-07-01T10:14:30.997Z] Client connected: ijnkagdJEq92RZsUAAAB
[2026-07-01T10:14:30.998Z] Client ijnkagdJEq92RZsUAAAB joined user room: user_TSUJPxWHJ1hAhxVij3HnBG929Jn2
[2026-07-01T10:15:10.055Z] Initializing Socket.io...
[2026-07-01T10:15:10.320Z] Client connected: HUbUggpN6CKUwQvDAAAB
[2026-07-01T10:15:10.323Z] Client HUbUggpN6CKUwQvDAAAB joined user room: user_TSUJPxWHJ1hAhxVij3HnBG929Jn2
[2026-07-01T10:16:07.469Z] Initializing Socket.io...
[2026-07-01T10:16:10.002Z] Client connected: -HIqT4OpOKs8kgLxAAAB
[2026-07-01T10:16:10.005Z] Client -HIqT4OpOKs8kgLxAAAB joined user room: user_TSUJPxWHJ1hAhxVij3HnBG929Jn2
[2026-07-01T10:29:12.347Z] Client disconnected: -HIqT4OpOKs8kgLxAAAB
[2026-07-01T10:33:03.176Z] Initializing Socket.io...
[2026-07-01T10:34:39.332Z] Initializing Socket.io...
[2026-07-01T11:09:03.326Z] Initializing Socket.io...
[2026-07-01T11:23:25.702Z] Initializing Socket.io...
[2026-07-01T11:24:29.192Z] Initializing Socket.io...
[2026-07-01T11:27:22.322Z] Initializing Socket.io...
[2026-07-01T11:28:28.594Z] Initializing Socket.io...
[2026-07-01T11:30:36.339Z] Initializing Socket.io...
[2026-07-01T11:49:54.224Z] Initializing Socket.io...
[2026-07-01T11:51:10.857Z] Initializing Socket.io...
[2026-07-01T11:51:43.212Z] Initializing Socket.io...
[2026-07-01T11:53:16.422Z] Initializing Socket.io...
[2026-07-01T11:56:58.153Z] Initializing Socket.io...
[2026-07-01T11:58:05.910Z] Client connected: 7x1GYfKZy7uElesfAAAB
[2026-07-01T11:58:05.914Z] Client 7x1GYfKZy7uElesfAAAB joined zone: zone2
[2026-07-01T11:58:05.916Z] Client 7x1GYfKZy7uElesfAAAB left zone: zone2
[2026-07-01T11:58:05.916Z] Client 7x1GYfKZy7uElesfAAAB joined zone: zone2
[2026-07-01T11:58:05.917Z] Client 7x1GYfKZy7uElesfAAAB joined zone: zone2
[2026-07-01T11:58:19.755Z] Client 7x1GYfKZy7uElesfAAAB left zone: zone2
[2026-07-01T11:58:54.839Z] Client 7x1GYfKZy7uElesfAAAB joined user room: user_JVg34IGe24hIDXbhwUhWoveGvmr1
[2026-07-01T11:58:54.850Z] Client 7x1GYfKZy7uElesfAAAB left user room: user_JVg34IGe24hIDXbhwUhWoveGvmr1
[2026-07-01T11:58:54.851Z] Client 7x1GYfKZy7uElesfAAAB joined user room: user_JVg34IGe24hIDXbhwUhWoveGvmr1
[2026-07-01T12:01:38.747Z] Client disconnected: 7x1GYfKZy7uElesfAAAB
[2026-07-01T12:01:41.223Z] Client connected: s7DNSWQoRbB0meGMAAAD
[2026-07-01T12:01:41.285Z] Client s7DNSWQoRbB0meGMAAAD joined user room: user_JVg34IGe24hIDXbhwUhWoveGvmr1
[2026-07-01T12:01:41.286Z] Client s7DNSWQoRbB0meGMAAAD left user room: user_JVg34IGe24hIDXbhwUhWoveGvmr1
[2026-07-01T12:01:41.289Z] Client s7DNSWQoRbB0meGMAAAD joined user room: user_JVg34IGe24hIDXbhwUhWoveGvmr1
[2026-07-01T12:01:41.290Z] Client s7DNSWQoRbB0meGMAAAD joined user room: user_JVg34IGe24hIDXbhwUhWoveGvmr1
[2026-07-01T12:04:29.757Z] Initializing Socket.io...
[2026-07-01T12:04:56.596Z] Client connected: C46QPImz0YfcM2uMAAAB
[2026-07-01T12:04:56.611Z] Client C46QPImz0YfcM2uMAAAB joined user room: user_JVg34IGe24hIDXbhwUhWoveGvmr1
[2026-07-01T12:04:56.613Z] Client C46QPImz0YfcM2uMAAAB left user room: user_JVg34IGe24hIDXbhwUhWoveGvmr1
[2026-07-01T12:04:56.615Z] Client C46QPImz0YfcM2uMAAAB joined user room: user_JVg34IGe24hIDXbhwUhWoveGvmr1
[2026-07-01T12:04:56.615Z] Client C46QPImz0YfcM2uMAAAB joined user room: user_JVg34IGe24hIDXbhwUhWoveGvmr1
[2026-07-01T12:08:55.860Z] Initializing Socket.io...
[2026-07-01T12:08:56.395Z] Client connected: 48bO1qfPGancR65bAAAB
[2026-07-01T12:08:56.399Z] Client 48bO1qfPGancR65bAAAB joined user room: user_JVg34IGe24hIDXbhwUhWoveGvmr1
[2026-07-01T12:13:08.945Z] Initializing Socket.io...
[2026-07-01T12:13:09.017Z] Client connected: SwMy3iv-rePLgcuxAAAB
[2026-07-01T12:13:09.023Z] Client SwMy3iv-rePLgcuxAAAB joined user room: user_JVg34IGe24hIDXbhwUhWoveGvmr1
[2026-07-01T12:13:21.388Z] Initializing Socket.io...
[2026-07-01T12:13:24.034Z] Client connected: U13EilssJigO5HCaAAAB
[2026-07-01T12:13:24.075Z] Client U13EilssJigO5HCaAAAB joined user room: user_JVg34IGe24hIDXbhwUhWoveGvmr1
[2026-07-01T12:13:34.339Z] Initializing Socket.io...
[2026-07-01T12:13:36.020Z] Client connected: DRxYdmriNrDEN9qwAAAB
[2026-07-01T12:13:36.028Z] Client DRxYdmriNrDEN9qwAAAB joined user room: user_JVg34IGe24hIDXbhwUhWoveGvmr1
[2026-07-01T12:14:31.554Z] Initializing Socket.io...
[2026-07-01T12:14:35.437Z] Client connected: q5wuiNn8nuWd442LAAAB
[2026-07-01T12:14:35.455Z] Client q5wuiNn8nuWd442LAAAB joined user room: user_JVg34IGe24hIDXbhwUhWoveGvmr1
[2026-07-01T12:14:49.213Z] Client disconnected: q5wuiNn8nuWd442LAAAB
[2026-07-01T12:14:56.953Z] Client connected: v76HseCyEMmpZEhDAAAD
[2026-07-01T12:14:57.026Z] Client v76HseCyEMmpZEhDAAAD joined user room: user_JVg34IGe24hIDXbhwUhWoveGvmr1
[2026-07-01T12:14:57.038Z] Client v76HseCyEMmpZEhDAAAD left user room: user_JVg34IGe24hIDXbhwUhWoveGvmr1
[2026-07-01T12:14:57.043Z] Client v76HseCyEMmpZEhDAAAD joined user room: user_JVg34IGe24hIDXbhwUhWoveGvmr1
[2026-07-01T12:14:57.049Z] Client v76HseCyEMmpZEhDAAAD joined user room: user_JVg34IGe24hIDXbhwUhWoveGvmr1
[2026-07-01T12:15:46.734Z] Initializing Socket.io...
[2026-07-01T12:15:46.934Z] Client connected: ZyeNRsuzWpLPICZPAAAB
[2026-07-01T12:15:46.943Z] Client ZyeNRsuzWpLPICZPAAAB joined user room: user_JVg34IGe24hIDXbhwUhWoveGvmr1
[2026-07-01T12:16:46.635Z] Initializing Socket.io...
[2026-07-01T12:16:48.014Z] Client connected: Zi8SzP8Nr0kGrl2yAAAB
[2026-07-01T12:16:48.021Z] Client Zi8SzP8Nr0kGrl2yAAAB joined user room: user_JVg34IGe24hIDXbhwUhWoveGvmr1
[2026-07-01T12:17:08.059Z] Initializing Socket.io...
[2026-07-01T12:17:08.308Z] Client connected: FUsdYrSLeasP4Jo6AAAB
[2026-07-01T12:17:08.310Z] Client FUsdYrSLeasP4Jo6AAAB joined user room: user_JVg34IGe24hIDXbhwUhWoveGvmr1
[2026-07-01T12:18:13.920Z] Initializing Socket.io...
[2026-07-01T12:18:14.010Z] Client connected: wyl4KIhNiaUP7Z6lAAAB
[2026-07-01T12:18:14.013Z] Client wyl4KIhNiaUP7Z6lAAAB joined user room: user_JVg34IGe24hIDXbhwUhWoveGvmr1
[2026-07-01T12:24:18.663Z] Client disconnected: wyl4KIhNiaUP7Z6lAAAB
[2026-07-01T12:24:29.820Z] Client connected: K2onSqmxHhwilea5AAAD
[2026-07-01T12:24:29.954Z] Client K2onSqmxHhwilea5AAAD joined user room: user_JVg34IGe24hIDXbhwUhWoveGvmr1
[2026-07-01T12:24:29.963Z] Client K2onSqmxHhwilea5AAAD left user room: user_JVg34IGe24hIDXbhwUhWoveGvmr1
[2026-07-01T12:24:29.965Z] Client K2onSqmxHhwilea5AAAD joined user room: user_JVg34IGe24hIDXbhwUhWoveGvmr1
[2026-07-01T12:24:29.966Z] Client K2onSqmxHhwilea5AAAD joined user room: user_JVg34IGe24hIDXbhwUhWoveGvmr1
[2026-07-01T12:24:55.890Z] Initializing Socket.io...
[2026-07-01T12:24:56.376Z] Client connected: XE9zFO5E9KIjWJ6aAAAB
[2026-07-01T12:24:56.390Z] Client XE9zFO5E9KIjWJ6aAAAB joined user room: user_JVg34IGe24hIDXbhwUhWoveGvmr1
[2026-07-01T12:26:35.484Z] Initializing Socket.io...
[2026-07-01T12:26:39.009Z] Client connected: mNEPDtVI5sW1Bo6KAAAB
[2026-07-01T12:26:39.012Z] Client mNEPDtVI5sW1Bo6KAAAB joined user room: user_JVg34IGe24hIDXbhwUhWoveGvmr1
[2026-07-01T12:29:09.048Z] Initializing Socket.io...
[2026-07-01T12:29:09.315Z] Client connected: LlzxWdCqLvp_TldKAAAB
[2026-07-01T12:29:09.321Z] Client LlzxWdCqLvp_TldKAAAB joined user room: user_JVg34IGe24hIDXbhwUhWoveGvmr1
[2026-07-01T12:30:10.961Z] Client disconnected: LlzxWdCqLvp_TldKAAAB
[2026-07-01T12:30:11.557Z] Client connected: o8Fd4Hu7LeenUC6hAAAD
[2026-07-01T12:30:11.630Z] Client o8Fd4Hu7LeenUC6hAAAD joined user room: user_JVg34IGe24hIDXbhwUhWoveGvmr1
[2026-07-01T12:30:11.641Z] Client o8Fd4Hu7LeenUC6hAAAD left user room: user_JVg34IGe24hIDXbhwUhWoveGvmr1
[2026-07-01T12:30:11.642Z] Client o8Fd4Hu7LeenUC6hAAAD joined user room: user_JVg34IGe24hIDXbhwUhWoveGvmr1
[2026-07-01T12:30:11.643Z] Client o8Fd4Hu7LeenUC6hAAAD joined user room: user_JVg34IGe24hIDXbhwUhWoveGvmr1
[2026-07-01T12:30:50.318Z] Client disconnected: o8Fd4Hu7LeenUC6hAAAD
[2026-07-01T12:30:57.922Z] Client connected: -6fRY-3-AYiqlEauAAAF
[2026-07-01T12:30:57.933Z] Client -6fRY-3-AYiqlEauAAAF joined user room: user_JVg34IGe24hIDXbhwUhWoveGvmr1
[2026-07-01T12:30:58.047Z] Client -6fRY-3-AYiqlEauAAAF left user room: user_JVg34IGe24hIDXbhwUhWoveGvmr1
[2026-07-01T12:30:58.048Z] Client -6fRY-3-AYiqlEauAAAF joined user room: user_JVg34IGe24hIDXbhwUhWoveGvmr1
[2026-07-01T12:30:58.048Z] Client -6fRY-3-AYiqlEauAAAF joined user room: user_JVg34IGe24hIDXbhwUhWoveGvmr1
[2026-07-01T12:31:33.891Z] Client -6fRY-3-AYiqlEauAAAF left user room: user_JVg34IGe24hIDXbhwUhWoveGvmr1
[2026-07-01T12:32:07.375Z] Client -6fRY-3-AYiqlEauAAAF joined zone: zone2
[2026-07-01T12:32:07.420Z] Client -6fRY-3-AYiqlEauAAAF left zone: zone2
[2026-07-01T12:32:07.421Z] Client -6fRY-3-AYiqlEauAAAF joined zone: zone2
[2026-07-01T12:32:10.002Z] Client disconnected: -6fRY-3-AYiqlEauAAAF
[2026-07-01T12:32:10.537Z] Client connected: Zx1MWet1y840_ylvAAAH
[2026-07-01T12:32:10.573Z] Client Zx1MWet1y840_ylvAAAH joined zone: zone2
[2026-07-01T12:32:10.581Z] Client Zx1MWet1y840_ylvAAAH left zone: zone2
[2026-07-01T12:32:10.582Z] Client Zx1MWet1y840_ylvAAAH joined zone: zone2
[2026-07-01T12:32:10.583Z] Client Zx1MWet1y840_ylvAAAH joined zone: zone2
[2026-07-01T12:33:28.517Z] Client connected: wiDj9EzGXT9_s16cAAAJ
[2026-07-01T12:33:28.549Z] Client wiDj9EzGXT9_s16cAAAJ joined zone: zone1
[2026-07-01T12:33:28.558Z] Client wiDj9EzGXT9_s16cAAAJ left zone: zone1
[2026-07-01T12:33:28.559Z] Client wiDj9EzGXT9_s16cAAAJ joined zone: zone1
[2026-07-01T12:33:28.560Z] Client wiDj9EzGXT9_s16cAAAJ joined zone: zone1
[2026-07-01T12:33:39.976Z] Client disconnected: wiDj9EzGXT9_s16cAAAJ
[2026-07-01T12:33:40.451Z] Client connected: PuzZoLpFs7XSOxdDAAAL
[2026-07-01T12:33:40.473Z] Client PuzZoLpFs7XSOxdDAAAL joined zone: zone1
[2026-07-01T12:33:40.492Z] Client PuzZoLpFs7XSOxdDAAAL left zone: zone1
[2026-07-01T12:33:40.493Z] Client PuzZoLpFs7XSOxdDAAAL joined zone: zone1
[2026-07-01T12:33:40.494Z] Client PuzZoLpFs7XSOxdDAAAL joined zone: zone1
[2026-07-01T12:33:42.738Z] Client PuzZoLpFs7XSOxdDAAAL left zone: zone1
[2026-07-01T12:33:44.424Z] Client PuzZoLpFs7XSOxdDAAAL joined user room: user_qlpFpb9krGhdIdhAU0rGoJcobqe2
[2026-07-01T12:33:44.442Z] Client PuzZoLpFs7XSOxdDAAAL left user room: user_qlpFpb9krGhdIdhAU0rGoJcobqe2
[2026-07-01T12:33:44.443Z] Client PuzZoLpFs7XSOxdDAAAL joined user room: user_qlpFpb9krGhdIdhAU0rGoJcobqe2
[2026-07-01T12:33:46.346Z] Client PuzZoLpFs7XSOxdDAAAL left user room: user_qlpFpb9krGhdIdhAU0rGoJcobqe2
[2026-07-01T12:36:40.208Z] Initializing Socket.io...
[2026-07-02T04:47:12.188Z] Initializing Socket.io...
[2026-07-02T07:43:54.729Z] Initializing Socket.io...
[2026-07-02T07:47:02.004Z] Client connected: fBxltkcgtPJlOu-9AAAB
[2026-07-02T07:47:02.021Z] Client fBxltkcgtPJlOu-9AAAB joined zone: zone2
[2026-07-02T07:47:02.129Z] Client fBxltkcgtPJlOu-9AAAB left zone: zone2
[2026-07-02T07:47:02.130Z] Client fBxltkcgtPJlOu-9AAAB joined zone: zone2
[2026-07-02T07:47:02.131Z] Client fBxltkcgtPJlOu-9AAAB joined zone: zone2
[2026-07-02T07:47:06.445Z] Client fBxltkcgtPJlOu-9AAAB left zone: zone2
[2026-07-02T07:47:06.503Z] Client fBxltkcgtPJlOu-9AAAB joined zone: zone4
[2026-07-02T07:47:06.504Z] Client fBxltkcgtPJlOu-9AAAB left zone: zone4
[2026-07-02T07:47:06.505Z] Client fBxltkcgtPJlOu-9AAAB joined zone: zone4
[2026-07-02T07:47:31.934Z] Client connected: HQHdCA_lAZyW-aQSAAAD
[2026-07-02T07:47:31.960Z] Client HQHdCA_lAZyW-aQSAAAD joined zone: zone1
[2026-07-02T07:47:31.966Z] Client HQHdCA_lAZyW-aQSAAAD left zone: zone1
[2026-07-02T07:47:31.966Z] Client HQHdCA_lAZyW-aQSAAAD joined zone: zone1
[2026-07-02T07:47:31.967Z] Client HQHdCA_lAZyW-aQSAAAD joined zone: zone1
[2026-07-02T07:47:35.590Z] Client HQHdCA_lAZyW-aQSAAAD left zone: zone1
[2026-07-02T07:51:20.662Z] Client disconnected: HQHdCA_lAZyW-aQSAAAD
[2026-07-02T07:51:28.640Z] Client disconnected: fBxltkcgtPJlOu-9AAAB
[2026-07-02T07:51:29.154Z] Client connected: 3uldRiL22NIU8q8uAAAF
[2026-07-02T07:51:29.178Z] Client 3uldRiL22NIU8q8uAAAF joined zone: zone4
[2026-07-02T07:51:29.202Z] Client 3uldRiL22NIU8q8uAAAF left zone: zone4
[2026-07-02T07:51:29.203Z] Client 3uldRiL22NIU8q8uAAAF joined zone: zone4
[2026-07-02T07:51:29.203Z] Client 3uldRiL22NIU8q8uAAAF joined zone: zone4
[2026-07-02T07:55:28.387Z] Client 3uldRiL22NIU8q8uAAAF left zone: zone4
[2026-07-02T07:55:28.623Z] Client 3uldRiL22NIU8q8uAAAF joined zone: zone3
[2026-07-02T07:55:28.626Z] Client 3uldRiL22NIU8q8uAAAF left zone: zone3
[2026-07-02T07:55:28.627Z] Client 3uldRiL22NIU8q8uAAAF joined zone: zone3
[2026-07-02T08:07:30.916Z] Client disconnected: 3uldRiL22NIU8q8uAAAF
[2026-07-02T08:22:24.273Z] Client connected: FY_YJQs2srO7FiH8AAAH
[2026-07-02T08:22:24.697Z] Client FY_YJQs2srO7FiH8AAAH joined zone: zone3
[2026-07-02T08:23:36.418Z] Client disconnected: FY_YJQs2srO7FiH8AAAH
[2026-07-02T08:25:40.955Z] Client connected: UwRcZjQ1L5Z3PF04AAAJ
[2026-07-02T08:25:40.992Z] Client UwRcZjQ1L5Z3PF04AAAJ joined zone: zone4
[2026-07-02T08:25:41.098Z] Client UwRcZjQ1L5Z3PF04AAAJ left zone: zone4
[2026-07-02T08:25:41.098Z] Client UwRcZjQ1L5Z3PF04AAAJ joined zone: zone4
[2026-07-02T08:25:41.099Z] Client UwRcZjQ1L5Z3PF04AAAJ joined zone: zone4
[2026-07-02T08:25:43.885Z] Client UwRcZjQ1L5Z3PF04AAAJ left zone: zone4
[2026-07-02T08:25:44.076Z] Client UwRcZjQ1L5Z3PF04AAAJ joined zone: zone3
[2026-07-02T08:25:44.078Z] Client UwRcZjQ1L5Z3PF04AAAJ left zone: zone3
[2026-07-02T08:25:44.079Z] Client UwRcZjQ1L5Z3PF04AAAJ joined zone: zone3
[2026-07-02T08:26:39.533Z] Client disconnected: UwRcZjQ1L5Z3PF04AAAJ
[2026-07-02T08:26:40.178Z] Client connected: Me2vy0r7nSXXs9-jAAAL
[2026-07-02T08:26:40.187Z] Client Me2vy0r7nSXXs9-jAAAL joined zone: zone3
[2026-07-02T08:26:40.289Z] Client Me2vy0r7nSXXs9-jAAAL left zone: zone3
[2026-07-02T08:26:40.291Z] Client Me2vy0r7nSXXs9-jAAAL joined zone: zone3
[2026-07-02T08:26:40.292Z] Client Me2vy0r7nSXXs9-jAAAL joined zone: zone3
[2026-07-02T08:27:04.570Z] Client disconnected: Me2vy0r7nSXXs9-jAAAL
[2026-07-02T08:27:04.904Z] Client connected: 7jNdITzkJKpg5OrhAAAN
[2026-07-02T08:27:04.927Z] Client 7jNdITzkJKpg5OrhAAAN joined zone: zone3
[2026-07-02T08:27:05.026Z] Client 7jNdITzkJKpg5OrhAAAN left zone: zone3
[2026-07-02T08:27:05.027Z] Client 7jNdITzkJKpg5OrhAAAN joined zone: zone3
[2026-07-02T08:27:05.027Z] Client 7jNdITzkJKpg5OrhAAAN joined zone: zone3
[2026-07-02T08:27:46.817Z] Client disconnected: 7jNdITzkJKpg5OrhAAAN
[2026-07-02T08:27:47.194Z] Client connected: gLZdGLAka3F51keHAAAP
[2026-07-02T08:27:47.206Z] Client gLZdGLAka3F51keHAAAP joined zone: zone3
[2026-07-02T08:27:47.307Z] Client gLZdGLAka3F51keHAAAP left zone: zone3
[2026-07-02T08:27:47.308Z] Client gLZdGLAka3F51keHAAAP joined zone: zone3
[2026-07-02T08:27:47.308Z] Client gLZdGLAka3F51keHAAAP joined zone: zone3
[2026-07-02T08:28:35.717Z] Initializing Socket.io...
[2026-07-02T08:28:35.877Z] Client connected: JsUb0Vv2xg_qT5fWAAAB
[2026-07-02T08:28:35.894Z] Client JsUb0Vv2xg_qT5fWAAAB joined zone: zone3
[2026-07-02T08:29:20.180Z] Client disconnected: JsUb0Vv2xg_qT5fWAAAB
[2026-07-02T08:29:23.220Z] Client connected: bAoHaJRaujOW1gm7AAAD
[2026-07-02T08:29:23.254Z] Client bAoHaJRaujOW1gm7AAAD joined zone: zone3
[2026-07-02T08:29:23.256Z] Client bAoHaJRaujOW1gm7AAAD left zone: zone3
[2026-07-02T08:29:23.257Z] Client bAoHaJRaujOW1gm7AAAD joined zone: zone3
[2026-07-02T08:29:23.257Z] Client bAoHaJRaujOW1gm7AAAD joined zone: zone3
[2026-07-02T09:06:19.326Z] Client bAoHaJRaujOW1gm7AAAD left zone: zone3
[2026-07-02T09:06:19.429Z] Client connected: X4G-bj3uRMZtNiHBAAAF
[2026-07-02T09:06:19.444Z] Client X4G-bj3uRMZtNiHBAAAF joined zone: zone2
[2026-07-02T09:06:19.502Z] Client X4G-bj3uRMZtNiHBAAAF left zone: zone2
[2026-07-02T09:06:19.502Z] Client X4G-bj3uRMZtNiHBAAAF joined zone: zone2
[2026-07-02T09:06:19.503Z] Client X4G-bj3uRMZtNiHBAAAF joined zone: zone2
[2026-07-02T09:06:19.803Z] Client disconnected: bAoHaJRaujOW1gm7AAAD
[2026-07-02T09:06:19.811Z] Client disconnected: X4G-bj3uRMZtNiHBAAAF
[2026-07-02T09:07:50.690Z] Client connected: dSDxoCqa3wOBWIfKAAAH
[2026-07-02T09:07:50.727Z] Client dSDxoCqa3wOBWIfKAAAH joined zone: zone2
[2026-07-02T09:07:50.743Z] Client dSDxoCqa3wOBWIfKAAAH left zone: zone2
[2026-07-02T09:07:50.743Z] Client dSDxoCqa3wOBWIfKAAAH joined zone: zone2
[2026-07-02T09:07:50.748Z] Client dSDxoCqa3wOBWIfKAAAH joined zone: zone2
[2026-07-02T09:09:27.880Z] Client dSDxoCqa3wOBWIfKAAAH left zone: zone2
[2026-07-02T09:09:27.993Z] Client dSDxoCqa3wOBWIfKAAAH joined zone: zone4
[2026-07-02T09:09:27.993Z] Client dSDxoCqa3wOBWIfKAAAH left zone: zone4
[2026-07-02T09:09:27.995Z] Client dSDxoCqa3wOBWIfKAAAH joined zone: zone4
[2026-07-02T09:09:31.986Z] Client dSDxoCqa3wOBWIfKAAAH left zone: zone4
[2026-07-02T09:09:32.311Z] Client dSDxoCqa3wOBWIfKAAAH joined zone: zone3
[2026-07-02T09:09:32.316Z] Client dSDxoCqa3wOBWIfKAAAH left zone: zone3
[2026-07-02T09:09:32.318Z] Client dSDxoCqa3wOBWIfKAAAH joined zone: zone3
[2026-07-02T09:09:40.752Z] Client dSDxoCqa3wOBWIfKAAAH left zone: zone3
[2026-07-02T09:09:40.846Z] Client dSDxoCqa3wOBWIfKAAAH joined zone: zone4
[2026-07-02T09:09:40.847Z] Client dSDxoCqa3wOBWIfKAAAH left zone: zone4
[2026-07-02T09:09:40.847Z] Client dSDxoCqa3wOBWIfKAAAH joined zone: zone4
[2026-07-02T09:09:43.183Z] Client dSDxoCqa3wOBWIfKAAAH left zone: zone4
[2026-07-02T09:09:43.581Z] Client dSDxoCqa3wOBWIfKAAAH joined zone: zone3
[2026-07-02T09:09:43.584Z] Client dSDxoCqa3wOBWIfKAAAH left zone: zone3
[2026-07-02T09:09:43.584Z] Client dSDxoCqa3wOBWIfKAAAH joined zone: zone3
[2026-07-02T09:24:37.998Z] Client disconnected: dSDxoCqa3wOBWIfKAAAH
[2026-07-02T09:27:12.732Z] Client connected: pAjn54N2Wf50XLz_AAAJ
[2026-07-02T09:27:12.747Z] Client pAjn54N2Wf50XLz_AAAJ joined zone: zone2
[2026-07-02T09:27:12.762Z] Client pAjn54N2Wf50XLz_AAAJ left zone: zone2
[2026-07-02T09:27:12.765Z] Client pAjn54N2Wf50XLz_AAAJ joined zone: zone2
[2026-07-02T09:27:12.766Z] Client pAjn54N2Wf50XLz_AAAJ joined zone: zone2
[2026-07-02T09:27:16.166Z] Client disconnected: pAjn54N2Wf50XLz_AAAJ
[2026-07-02T09:27:16.560Z] Client connected: 9Hc4CaaFadZD3WkOAAAL
[2026-07-02T09:27:16.580Z] Client 9Hc4CaaFadZD3WkOAAAL joined zone: zone2
[2026-07-02T09:27:16.588Z] Client 9Hc4CaaFadZD3WkOAAAL left zone: zone2
[2026-07-02T09:27:16.590Z] Client 9Hc4CaaFadZD3WkOAAAL joined zone: zone2
[2026-07-02T09:27:16.592Z] Client 9Hc4CaaFadZD3WkOAAAL joined zone: zone2
[2026-07-02T09:28:32.939Z] Client 9Hc4CaaFadZD3WkOAAAL left zone: zone2
[2026-07-02T09:28:58.360Z] Client connected: S9P1VR__FG_TbKovAAAN
[2026-07-02T09:28:58.400Z] Client S9P1VR__FG_TbKovAAAN joined zone: zone1
[2026-07-02T09:28:58.409Z] Client S9P1VR__FG_TbKovAAAN left zone: zone1
[2026-07-02T09:28:58.409Z] Client S9P1VR__FG_TbKovAAAN joined zone: zone1
[2026-07-02T09:28:58.410Z] Client S9P1VR__FG_TbKovAAAN joined zone: zone1
[2026-07-02T09:29:05.054Z] Client S9P1VR__FG_TbKovAAAN left zone: zone1
[2026-07-02T09:29:05.105Z] Client S9P1VR__FG_TbKovAAAN joined user room: user_qlpFpb9krGhdIdhAU0rGoJcobqe2
[2026-07-02T09:29:05.105Z] Client S9P1VR__FG_TbKovAAAN left user room: user_qlpFpb9krGhdIdhAU0rGoJcobqe2
[2026-07-02T09:29:05.106Z] Client S9P1VR__FG_TbKovAAAN joined user room: user_qlpFpb9krGhdIdhAU0rGoJcobqe2
[2026-07-02T09:30:18.523Z] Client S9P1VR__FG_TbKovAAAN left user room: user_qlpFpb9krGhdIdhAU0rGoJcobqe2
[2026-07-02T09:30:18.660Z] Client S9P1VR__FG_TbKovAAAN joined zone: zone1
[2026-07-02T09:30:18.661Z] Client S9P1VR__FG_TbKovAAAN left zone: zone1
[2026-07-02T09:30:18.662Z] Client S9P1VR__FG_TbKovAAAN joined zone: zone1
[2026-07-02T09:30:43.470Z] Client S9P1VR__FG_TbKovAAAN left zone: zone1
[2026-07-02T09:30:43.533Z] Client S9P1VR__FG_TbKovAAAN joined user room: user_qlpFpb9krGhdIdhAU0rGoJcobqe2
[2026-07-02T09:30:43.533Z] Client S9P1VR__FG_TbKovAAAN left user room: user_qlpFpb9krGhdIdhAU0rGoJcobqe2
[2026-07-02T09:30:43.534Z] Client S9P1VR__FG_TbKovAAAN joined user room: user_qlpFpb9krGhdIdhAU0rGoJcobqe2
[2026-07-02T09:30:49.862Z] Client S9P1VR__FG_TbKovAAAN left user room: user_qlpFpb9krGhdIdhAU0rGoJcobqe2
[2026-07-02T09:30:49.949Z] Client S9P1VR__FG_TbKovAAAN joined zone: zone1
[2026-07-02T09:30:49.949Z] Client S9P1VR__FG_TbKovAAAN left zone: zone1
[2026-07-02T09:30:49.950Z] Client S9P1VR__FG_TbKovAAAN joined zone: zone1
[2026-07-02T09:31:47.386Z] Client S9P1VR__FG_TbKovAAAN left zone: zone1
[2026-07-02T09:31:47.431Z] Client S9P1VR__FG_TbKovAAAN joined user room: user_qlpFpb9krGhdIdhAU0rGoJcobqe2
[2026-07-02T09:31:47.432Z] Client S9P1VR__FG_TbKovAAAN left user room: user_qlpFpb9krGhdIdhAU0rGoJcobqe2
[2026-07-02T09:31:47.434Z] Client S9P1VR__FG_TbKovAAAN joined user room: user_qlpFpb9krGhdIdhAU0rGoJcobqe2
[2026-07-02T09:31:48.892Z] Client S9P1VR__FG_TbKovAAAN left user room: user_qlpFpb9krGhdIdhAU0rGoJcobqe2
[2026-07-02T09:31:48.972Z] Client S9P1VR__FG_TbKovAAAN joined zone: zone1
[2026-07-02T09:31:48.973Z] Client S9P1VR__FG_TbKovAAAN left zone: zone1
[2026-07-02T09:31:48.973Z] Client S9P1VR__FG_TbKovAAAN joined zone: zone1
[2026-07-02T09:33:03.609Z] Client S9P1VR__FG_TbKovAAAN left zone: zone1
[2026-07-02T09:33:03.647Z] Client S9P1VR__FG_TbKovAAAN joined user room: user_qlpFpb9krGhdIdhAU0rGoJcobqe2
[2026-07-02T09:33:03.647Z] Client S9P1VR__FG_TbKovAAAN left user room: user_qlpFpb9krGhdIdhAU0rGoJcobqe2
[2026-07-02T09:33:03.648Z] Client S9P1VR__FG_TbKovAAAN joined user room: user_qlpFpb9krGhdIdhAU0rGoJcobqe2
[2026-07-02T09:33:13.158Z] Client S9P1VR__FG_TbKovAAAN left user room: user_qlpFpb9krGhdIdhAU0rGoJcobqe2
[2026-07-02T09:33:32.377Z] Client 9Hc4CaaFadZD3WkOAAAL joined zone: zone4
[2026-07-02T09:33:32.431Z] Client 9Hc4CaaFadZD3WkOAAAL left zone: zone4
[2026-07-02T09:33:32.431Z] Client 9Hc4CaaFadZD3WkOAAAL joined zone: zone4
[2026-07-02T09:33:36.963Z] Client 9Hc4CaaFadZD3WkOAAAL left zone: zone4
[2026-07-02T09:33:37.148Z] Client 9Hc4CaaFadZD3WkOAAAL joined zone: zone3
[2026-07-02T09:33:37.153Z] Client 9Hc4CaaFadZD3WkOAAAL left zone: zone3
[2026-07-02T09:33:37.153Z] Client 9Hc4CaaFadZD3WkOAAAL joined zone: zone3
[2026-07-02T09:33:53.379Z] Client connected: B2e6beNMk_49hjeAAAAP
[2026-07-02T09:33:53.423Z] Client B2e6beNMk_49hjeAAAAP joined zone: zone3
[2026-07-02T09:33:53.435Z] Client B2e6beNMk_49hjeAAAAP left zone: zone3
[2026-07-02T09:33:53.435Z] Client B2e6beNMk_49hjeAAAAP joined zone: zone3
[2026-07-02T09:33:53.436Z] Client B2e6beNMk_49hjeAAAAP joined zone: zone3
[2026-07-02T09:33:53.533Z] Client B2e6beNMk_49hjeAAAAP left zone: zone3
[2026-07-02T09:34:53.199Z] Client 9Hc4CaaFadZD3WkOAAAL left zone: zone3
[2026-07-02T09:34:53.265Z] Client 9Hc4CaaFadZD3WkOAAAL joined zone: zone2
[2026-07-02T09:34:53.266Z] Client 9Hc4CaaFadZD3WkOAAAL left zone: zone2
[2026-07-02T09:34:53.266Z] Client 9Hc4CaaFadZD3WkOAAAL joined zone: zone2
[2026-07-02T09:35:12.841Z] Client S9P1VR__FG_TbKovAAAN joined user room: user_qlpFpb9krGhdIdhAU0rGoJcobqe2
[2026-07-02T09:35:12.853Z] Client S9P1VR__FG_TbKovAAAN left user room: user_qlpFpb9krGhdIdhAU0rGoJcobqe2
[2026-07-02T09:35:12.854Z] Client S9P1VR__FG_TbKovAAAN joined user room: user_qlpFpb9krGhdIdhAU0rGoJcobqe2
[2026-07-02T09:35:22.281Z] Client 9Hc4CaaFadZD3WkOAAAL left zone: zone2
[2026-07-02T09:36:04.502Z] Client S9P1VR__FG_TbKovAAAN left user room: user_qlpFpb9krGhdIdhAU0rGoJcobqe2
[2026-07-02T09:36:04.604Z] Client S9P1VR__FG_TbKovAAAN joined zone: zone1
[2026-07-02T09:36:04.604Z] Client S9P1VR__FG_TbKovAAAN left zone: zone1
[2026-07-02T09:36:04.605Z] Client S9P1VR__FG_TbKovAAAN joined zone: zone1
[2026-07-02T09:36:10.333Z] Client S9P1VR__FG_TbKovAAAN left zone: zone1
[2026-07-02T09:36:10.356Z] Client S9P1VR__FG_TbKovAAAN joined user room: user_qlpFpb9krGhdIdhAU0rGoJcobqe2
[2026-07-02T09:36:10.357Z] Client S9P1VR__FG_TbKovAAAN left user room: user_qlpFpb9krGhdIdhAU0rGoJcobqe2
[2026-07-02T09:36:10.357Z] Client S9P1VR__FG_TbKovAAAN joined user room: user_qlpFpb9krGhdIdhAU0rGoJcobqe2
[2026-07-02T09:36:59.531Z] Client 9Hc4CaaFadZD3WkOAAAL joined zone: zone4
[2026-07-02T09:36:59.602Z] Client 9Hc4CaaFadZD3WkOAAAL left zone: zone4
[2026-07-02T09:36:59.603Z] Client 9Hc4CaaFadZD3WkOAAAL joined zone: zone4
[2026-07-02T09:37:05.213Z] Client S9P1VR__FG_TbKovAAAN left user room: user_qlpFpb9krGhdIdhAU0rGoJcobqe2
[2026-07-02T09:37:07.121Z] Client S9P1VR__FG_TbKovAAAN joined user room: user_qlpFpb9krGhdIdhAU0rGoJcobqe2
[2026-07-02T09:37:07.132Z] Client S9P1VR__FG_TbKovAAAN left user room: user_qlpFpb9krGhdIdhAU0rGoJcobqe2
[2026-07-02T09:37:07.133Z] Client S9P1VR__FG_TbKovAAAN joined user room: user_qlpFpb9krGhdIdhAU0rGoJcobqe2
[2026-07-02T09:57:33.194Z] Client disconnected: B2e6beNMk_49hjeAAAAP
[2026-07-02T09:57:48.536Z] Client 9Hc4CaaFadZD3WkOAAAL left zone: zone4
[2026-07-02T09:57:48.685Z] Client 9Hc4CaaFadZD3WkOAAAL joined zone: zone2
[2026-07-02T09:57:48.685Z] Client 9Hc4CaaFadZD3WkOAAAL left zone: zone2
[2026-07-02T09:57:48.688Z] Client 9Hc4CaaFadZD3WkOAAAL joined zone: zone2
[2026-07-02T10:03:58.134Z] Client 9Hc4CaaFadZD3WkOAAAL left zone: zone2
[2026-07-02T10:03:58.224Z] Client 9Hc4CaaFadZD3WkOAAAL joined zone: zone4
[2026-07-02T10:03:58.224Z] Client 9Hc4CaaFadZD3WkOAAAL left zone: zone4
[2026-07-02T10:03:58.225Z] Client 9Hc4CaaFadZD3WkOAAAL joined zone: zone4
[2026-07-02T10:04:04.197Z] Client 9Hc4CaaFadZD3WkOAAAL left zone: zone4
[2026-07-02T10:04:04.296Z] Client 9Hc4CaaFadZD3WkOAAAL joined zone: zone2
[2026-07-02T10:04:04.297Z] Client 9Hc4CaaFadZD3WkOAAAL left zone: zone2
[2026-07-02T10:04:04.297Z] Client 9Hc4CaaFadZD3WkOAAAL joined zone: zone2
[2026-07-02T10:08:05.188Z] Client disconnected: 9Hc4CaaFadZD3WkOAAAL
[2026-07-02T10:12:48.200Z] Client connected: I4BUZjKvPTtUEbofAAAR
[2026-07-02T10:12:48.226Z] Client I4BUZjKvPTtUEbofAAAR joined zone: zone2
[2026-07-02T10:12:48.339Z] Client I4BUZjKvPTtUEbofAAAR left zone: zone2
[2026-07-02T10:12:48.340Z] Client I4BUZjKvPTtUEbofAAAR joined zone: zone2
[2026-07-02T10:12:48.341Z] Client I4BUZjKvPTtUEbofAAAR joined zone: zone2
[2026-07-02T10:12:50.227Z] Client I4BUZjKvPTtUEbofAAAR left zone: zone2
[2026-07-02T10:12:50.304Z] Client I4BUZjKvPTtUEbofAAAR joined zone: zone4
[2026-07-02T10:12:50.305Z] Client I4BUZjKvPTtUEbofAAAR left zone: zone4
[2026-07-02T10:12:50.305Z] Client I4BUZjKvPTtUEbofAAAR joined zone: zone4
[2026-07-02T10:17:38.054Z] Client I4BUZjKvPTtUEbofAAAR left zone: zone4
[2026-07-02T10:17:38.252Z] Client I4BUZjKvPTtUEbofAAAR joined zone: zone3
[2026-07-02T10:17:38.256Z] Client I4BUZjKvPTtUEbofAAAR left zone: zone3
[2026-07-02T10:17:38.257Z] Client I4BUZjKvPTtUEbofAAAR joined zone: zone3
[2026-07-02T10:29:21.085Z] Client disconnected: S9P1VR__FG_TbKovAAAN
[2026-07-02T10:59:06.516Z] Initializing Socket.io...
[2026-07-02T10:59:07.886Z] Client connected: jiDpVkpyazvUf6UHAAAB
[2026-07-02T10:59:07.895Z] Client jiDpVkpyazvUf6UHAAAB joined zone: zone3
[2026-07-02T10:59:41.254Z] Client disconnected: jiDpVkpyazvUf6UHAAAB
[2026-07-02T11:00:04.916Z] Client connected: c-INPAvneL5Z_5YlAAAD
[2026-07-02T11:00:04.943Z] Client c-INPAvneL5Z_5YlAAAD joined zone: zone3
[2026-07-02T11:00:05.054Z] Client c-INPAvneL5Z_5YlAAAD left zone: zone3
[2026-07-02T11:00:05.055Z] Client c-INPAvneL5Z_5YlAAAD joined zone: zone3
[2026-07-02T11:00:05.056Z] Client c-INPAvneL5Z_5YlAAAD joined zone: zone3
[2026-07-02T11:02:44.480Z] Client c-INPAvneL5Z_5YlAAAD left zone: zone3
[2026-07-02T11:02:44.543Z] Client c-INPAvneL5Z_5YlAAAD joined zone: zone2
[2026-07-02T11:02:44.544Z] Client c-INPAvneL5Z_5YlAAAD left zone: zone2
[2026-07-02T11:02:44.544Z] Client c-INPAvneL5Z_5YlAAAD joined zone: zone2
[2026-07-02T11:02:46.431Z] Client c-INPAvneL5Z_5YlAAAD left zone: zone2
[2026-07-02T11:02:46.490Z] Client c-INPAvneL5Z_5YlAAAD joined zone: zone4
[2026-07-02T11:02:46.490Z] Client c-INPAvneL5Z_5YlAAAD left zone: zone4
[2026-07-02T11:02:46.491Z] Client c-INPAvneL5Z_5YlAAAD joined zone: zone4
[2026-07-02T11:02:49.713Z] Client c-INPAvneL5Z_5YlAAAD left zone: zone4
[2026-07-02T11:02:49.766Z] Client c-INPAvneL5Z_5YlAAAD joined zone: zone2
[2026-07-02T11:02:49.767Z] Client c-INPAvneL5Z_5YlAAAD left zone: zone2
[2026-07-02T11:02:49.767Z] Client c-INPAvneL5Z_5YlAAAD joined zone: zone2
[2026-07-02T11:02:52.158Z] Client disconnected: c-INPAvneL5Z_5YlAAAD
[2026-07-02T11:02:52.500Z] Client connected: rpiKySdG-hzaaiwKAAAF
[2026-07-02T11:02:52.523Z] Client rpiKySdG-hzaaiwKAAAF joined zone: zone2
[2026-07-02T11:02:52.530Z] Client rpiKySdG-hzaaiwKAAAF left zone: zone2
[2026-07-02T11:02:52.530Z] Client rpiKySdG-hzaaiwKAAAF joined zone: zone2
[2026-07-02T11:02:52.530Z] Client rpiKySdG-hzaaiwKAAAF joined zone: zone2
[2026-07-02T11:03:02.960Z] Client connected: EWb8-XKen9nTibLRAAAH
[2026-07-02T11:03:02.978Z] Client EWb8-XKen9nTibLRAAAH joined zone: zone5
[2026-07-02T11:03:02.997Z] Client EWb8-XKen9nTibLRAAAH left zone: zone5
[2026-07-02T11:03:02.998Z] Client EWb8-XKen9nTibLRAAAH joined zone: zone5
[2026-07-02T11:03:03.000Z] Client EWb8-XKen9nTibLRAAAH joined zone: zone5
[2026-07-02T11:03:04.506Z] Client EWb8-XKen9nTibLRAAAH left zone: zone5
[2026-07-02T11:03:20.523Z] Client EWb8-XKen9nTibLRAAAH joined zone: zone1
[2026-07-02T11:03:20.655Z] Client EWb8-XKen9nTibLRAAAH left zone: zone1
[2026-07-02T11:03:20.656Z] Client EWb8-XKen9nTibLRAAAH joined zone: zone1
[2026-07-02T11:03:24.186Z] Client EWb8-XKen9nTibLRAAAH left zone: zone1
[2026-07-02T11:03:26.983Z] Client EWb8-XKen9nTibLRAAAH joined user room: user_qlpFpb9krGhdIdhAU0rGoJcobqe2
[2026-07-02T11:03:26.995Z] Client EWb8-XKen9nTibLRAAAH left user room: user_qlpFpb9krGhdIdhAU0rGoJcobqe2
[2026-07-02T11:03:26.996Z] Client EWb8-XKen9nTibLRAAAH joined user room: user_qlpFpb9krGhdIdhAU0rGoJcobqe2
[2026-07-02T11:03:31.920Z] Client disconnected: EWb8-XKen9nTibLRAAAH
[2026-07-02T11:03:32.509Z] Client connected: vZLY8dCz5Ub2ASFFAAAJ
[2026-07-02T11:03:32.535Z] Client vZLY8dCz5Ub2ASFFAAAJ joined user room: user_qlpFpb9krGhdIdhAU0rGoJcobqe2
[2026-07-02T11:03:32.545Z] Client vZLY8dCz5Ub2ASFFAAAJ left user room: user_qlpFpb9krGhdIdhAU0rGoJcobqe2
[2026-07-02T11:03:32.545Z] Client vZLY8dCz5Ub2ASFFAAAJ joined user room: user_qlpFpb9krGhdIdhAU0rGoJcobqe2
[2026-07-02T11:03:32.546Z] Client vZLY8dCz5Ub2ASFFAAAJ joined user room: user_qlpFpb9krGhdIdhAU0rGoJcobqe2
[2026-07-02T11:03:43.414Z] Client rpiKySdG-hzaaiwKAAAF left zone: zone2
[2026-07-02T11:04:56.365Z] Client disconnected: vZLY8dCz5Ub2ASFFAAAJ
[2026-07-02T11:04:56.720Z] Client connected: U35KdcplOZp6VCEmAAAL
[2026-07-02T11:04:56.777Z] Client U35KdcplOZp6VCEmAAAL joined user room: user_qlpFpb9krGhdIdhAU0rGoJcobqe2
[2026-07-02T11:04:56.884Z] Client U35KdcplOZp6VCEmAAAL left user room: user_qlpFpb9krGhdIdhAU0rGoJcobqe2
[2026-07-02T11:04:56.885Z] Client U35KdcplOZp6VCEmAAAL joined user room: user_qlpFpb9krGhdIdhAU0rGoJcobqe2
[2026-07-02T11:04:56.886Z] Client U35KdcplOZp6VCEmAAAL joined user room: user_qlpFpb9krGhdIdhAU0rGoJcobqe2
[2026-07-02T11:08:49.837Z] Initializing Socket.io...
[2026-07-02T11:08:50.872Z] Client connected: xCOK_deg2BzsNWefAAAB
[2026-07-02T11:08:51.865Z] Client connected: 6eAwDXvxsPBUM_NEAAAD
[2026-07-02T11:08:51.877Z] Client 6eAwDXvxsPBUM_NEAAAD joined user room: user_qlpFpb9krGhdIdhAU0rGoJcobqe2
[2026-07-02T11:10:56.245Z] Client 6eAwDXvxsPBUM_NEAAAD left user room: user_qlpFpb9krGhdIdhAU0rGoJcobqe2
[2026-07-02T11:10:56.271Z] Client 6eAwDXvxsPBUM_NEAAAD joined user room: user_qlpFpb9krGhdIdhAU0rGoJcobqe2
[2026-07-02T11:10:56.272Z] Client 6eAwDXvxsPBUM_NEAAAD left user room: user_qlpFpb9krGhdIdhAU0rGoJcobqe2
[2026-07-02T11:10:56.273Z] Client 6eAwDXvxsPBUM_NEAAAD joined user room: user_qlpFpb9krGhdIdhAU0rGoJcobqe2
[2026-07-02T11:11:09.312Z] Client xCOK_deg2BzsNWefAAAB joined zone: zone4
[2026-07-02T11:11:09.366Z] Client xCOK_deg2BzsNWefAAAB left zone: zone4
[2026-07-02T11:11:09.367Z] Client xCOK_deg2BzsNWefAAAB joined zone: zone4
[2026-07-02T11:11:11.316Z] Client xCOK_deg2BzsNWefAAAB left zone: zone4
[2026-07-02T11:11:11.485Z] Client xCOK_deg2BzsNWefAAAB joined zone: zone3
[2026-07-02T11:11:11.489Z] Client xCOK_deg2BzsNWefAAAB left zone: zone3
[2026-07-02T11:11:11.489Z] Client xCOK_deg2BzsNWefAAAB joined zone: zone3
[2026-07-02T11:11:43.651Z] Client 6eAwDXvxsPBUM_NEAAAD left user room: user_qlpFpb9krGhdIdhAU0rGoJcobqe2
[2026-07-02T11:11:43.688Z] Client 6eAwDXvxsPBUM_NEAAAD joined user room: user_qlpFpb9krGhdIdhAU0rGoJcobqe2
[2026-07-02T11:11:43.689Z] Client 6eAwDXvxsPBUM_NEAAAD left user room: user_qlpFpb9krGhdIdhAU0rGoJcobqe2
[2026-07-02T11:11:43.690Z] Client 6eAwDXvxsPBUM_NEAAAD joined user room: user_qlpFpb9krGhdIdhAU0rGoJcobqe2
[2026-07-02T11:12:08.986Z] Emitted activeAdUpdated for zone: zone3
[2026-07-02T11:12:12.863Z] Client xCOK_deg2BzsNWefAAAB left zone: zone3
[2026-07-02T11:12:12.922Z] Client xCOK_deg2BzsNWefAAAB joined zone: zone4
[2026-07-02T11:12:12.923Z] Client xCOK_deg2BzsNWefAAAB left zone: zone4
[2026-07-02T11:12:12.924Z] Client xCOK_deg2BzsNWefAAAB joined zone: zone4
[2026-07-02T11:12:15.373Z] Client disconnected: xCOK_deg2BzsNWefAAAB
[2026-07-02T11:12:16.006Z] Client connected: mUC9jVWuYIiW8lStAAAF
[2026-07-02T11:12:16.029Z] Client mUC9jVWuYIiW8lStAAAF joined zone: zone4
[2026-07-02T11:12:16.034Z] Client mUC9jVWuYIiW8lStAAAF left zone: zone4
[2026-07-02T11:12:16.035Z] Client mUC9jVWuYIiW8lStAAAF joined zone: zone4
[2026-07-02T11:12:16.035Z] Client mUC9jVWuYIiW8lStAAAF joined zone: zone4
[2026-07-02T11:12:18.132Z] Client disconnected: mUC9jVWuYIiW8lStAAAF
[2026-07-02T11:12:18.413Z] Client connected: wJ4dPJhCmCCvATyYAAAH
[2026-07-02T11:12:18.435Z] Client wJ4dPJhCmCCvATyYAAAH joined zone: zone4
[2026-07-02T11:12:18.442Z] Client wJ4dPJhCmCCvATyYAAAH left zone: zone4
[2026-07-02T11:12:18.443Z] Client wJ4dPJhCmCCvATyYAAAH joined zone: zone4
[2026-07-02T11:12:18.444Z] Client wJ4dPJhCmCCvATyYAAAH joined zone: zone4
[2026-07-02T11:12:20.515Z] Client wJ4dPJhCmCCvATyYAAAH left zone: zone4
[2026-07-02T11:12:20.602Z] Client wJ4dPJhCmCCvATyYAAAH joined zone: zone2
[2026-07-02T11:12:20.602Z] Client wJ4dPJhCmCCvATyYAAAH left zone: zone2
[2026-07-02T11:12:20.603Z] Client wJ4dPJhCmCCvATyYAAAH joined zone: zone2
[2026-07-02T11:12:22.641Z] Client disconnected: wJ4dPJhCmCCvATyYAAAH
[2026-07-02T11:12:22.981Z] Client connected: ZPaSY_pbRNF8RGyaAAAJ
[2026-07-02T11:12:22.999Z] Client ZPaSY_pbRNF8RGyaAAAJ joined zone: zone2
[2026-07-02T11:12:23.009Z] Client ZPaSY_pbRNF8RGyaAAAJ left zone: zone2
[2026-07-02T11:12:23.010Z] Client ZPaSY_pbRNF8RGyaAAAJ joined zone: zone2
[2026-07-02T11:12:23.011Z] Client ZPaSY_pbRNF8RGyaAAAJ joined zone: zone2
[2026-07-02T11:12:29.337Z] Client 6eAwDXvxsPBUM_NEAAAD left user room: user_qlpFpb9krGhdIdhAU0rGoJcobqe2
[2026-07-02T11:12:30.996Z] Client 6eAwDXvxsPBUM_NEAAAD joined zone: zone1
[2026-07-02T11:12:31.120Z] Client 6eAwDXvxsPBUM_NEAAAD left zone: zone1
[2026-07-02T11:12:31.120Z] Client 6eAwDXvxsPBUM_NEAAAD joined zone: zone1
[2026-07-02T11:14:24.048Z] Client disconnected: ZPaSY_pbRNF8RGyaAAAJ
[2026-07-02T11:20:26.286Z] Client disconnected: 6eAwDXvxsPBUM_NEAAAD
[2026-07-02T11:20:27.148Z] Client connected: hBNfDEWCN-Mf_jlGAAAL
[2026-07-02T11:20:27.206Z] Client hBNfDEWCN-Mf_jlGAAAL joined zone: zone1
[2026-07-02T11:20:27.229Z] Client hBNfDEWCN-Mf_jlGAAAL left zone: zone1
[2026-07-02T11:20:27.230Z] Client hBNfDEWCN-Mf_jlGAAAL joined zone: zone1
[2026-07-02T11:20:27.230Z] Client hBNfDEWCN-Mf_jlGAAAL joined zone: zone1
[2026-07-02T11:20:50.458Z] Client connected: AAxUmbCOqPZfMxPVAAAN
[2026-07-02T11:20:50.477Z] Client AAxUmbCOqPZfMxPVAAAN joined zone: zone2
[2026-07-02T11:20:50.477Z] Client AAxUmbCOqPZfMxPVAAAN left zone: zone2
[2026-07-02T11:20:50.477Z] Client AAxUmbCOqPZfMxPVAAAN joined zone: zone2
[2026-07-02T11:20:50.478Z] Client AAxUmbCOqPZfMxPVAAAN joined zone: zone2
[2026-07-02T11:20:54.289Z] Client AAxUmbCOqPZfMxPVAAAN left zone: zone2
[2026-07-02T11:20:54.349Z] Client AAxUmbCOqPZfMxPVAAAN joined zone: zone4
[2026-07-02T11:20:54.350Z] Client AAxUmbCOqPZfMxPVAAAN left zone: zone4
[2026-07-02T11:20:54.350Z] Client AAxUmbCOqPZfMxPVAAAN joined zone: zone4
[2026-07-02T11:20:56.340Z] Client disconnected: AAxUmbCOqPZfMxPVAAAN
[2026-07-02T11:21:50.236Z] Client connected: klLQyZJokhPvMFp0AAAP
[2026-07-02T11:21:50.279Z] Client klLQyZJokhPvMFp0AAAP joined zone: zone4
[2026-07-02T11:21:50.292Z] Client klLQyZJokhPvMFp0AAAP left zone: zone4
[2026-07-02T11:21:50.292Z] Client klLQyZJokhPvMFp0AAAP joined zone: zone4
[2026-07-02T11:21:50.293Z] Client klLQyZJokhPvMFp0AAAP joined zone: zone4
[2026-07-02T11:21:52.793Z] Client klLQyZJokhPvMFp0AAAP left zone: zone4
[2026-07-02T11:21:52.861Z] Client klLQyZJokhPvMFp0AAAP joined zone: zone2
[2026-07-02T11:21:52.862Z] Client klLQyZJokhPvMFp0AAAP left zone: zone2
[2026-07-02T11:21:52.863Z] Client klLQyZJokhPvMFp0AAAP joined zone: zone2
[2026-07-02T11:21:54.556Z] Client klLQyZJokhPvMFp0AAAP left zone: zone2
[2026-07-02T11:21:54.610Z] Client klLQyZJokhPvMFp0AAAP joined zone: zone4
[2026-07-02T11:21:54.610Z] Client klLQyZJokhPvMFp0AAAP left zone: zone4
[2026-07-02T11:21:54.611Z] Client klLQyZJokhPvMFp0AAAP joined zone: zone4
[2026-07-02T11:21:57.542Z] Client disconnected: klLQyZJokhPvMFp0AAAP
[2026-07-02T11:21:57.856Z] Client connected: Zo_aaSZ-1bokK6nyAAAR
[2026-07-02T11:21:57.874Z] Client Zo_aaSZ-1bokK6nyAAAR joined zone: zone4
[2026-07-02T11:21:57.882Z] Client Zo_aaSZ-1bokK6nyAAAR left zone: zone4
[2026-07-02T11:21:57.883Z] Client Zo_aaSZ-1bokK6nyAAAR joined zone: zone4
[2026-07-02T11:21:57.883Z] Client Zo_aaSZ-1bokK6nyAAAR joined zone: zone4
[2026-07-02T11:22:49.041Z] Initializing Socket.io...
[2026-07-02T11:22:49.864Z] Client connected: nBAYEw2lZttR0-rvAAAB
[2026-07-02T11:22:49.871Z] Client nBAYEw2lZttR0-rvAAAB joined zone: zone1
[2026-07-02T11:22:50.665Z] Client connected: NTTK3iUT-HuOJUJrAAAD
[2026-07-02T11:22:50.673Z] Client NTTK3iUT-HuOJUJrAAAD joined zone: zone4
[2026-07-02T11:26:52.593Z] Initializing Socket.io...
[2026-07-02T11:26:52.895Z] Client connected: HBwh92BRtWmu-s1EAAAC
[2026-07-02T11:26:52.904Z] Client connected: hqCehfqcuWg-niPyAAAD
[2026-07-02T11:26:52.910Z] Client HBwh92BRtWmu-s1EAAAC joined zone: zone1
[2026-07-02T11:26:52.912Z] Client hqCehfqcuWg-niPyAAAD joined zone: zone4
[2026-07-02T11:27:10.433Z] Initializing Socket.io...
[2026-07-02T11:27:12.891Z] Client connected: LmY-15A_1s1snKmOAAAC
[2026-07-02T11:27:12.898Z] Client connected: 9hUyJtfRM8KTwrbRAAAD
[2026-07-02T11:27:12.902Z] Client LmY-15A_1s1snKmOAAAC joined zone: zone1
[2026-07-02T11:27:12.905Z] Client 9hUyJtfRM8KTwrbRAAAD joined zone: zone4
[2026-07-02T11:28:50.712Z] Initializing Socket.io...
[2026-07-02T11:28:51.885Z] Client connected: KGwnGVKWVZhCbRPdAAAB
[2026-07-02T11:28:51.895Z] Client KGwnGVKWVZhCbRPdAAAB joined zone: zone1
[2026-07-02T11:28:52.873Z] Client connected: u0lgEOLoTy9y8IrMAAAD
[2026-07-02T11:28:52.899Z] Client u0lgEOLoTy9y8IrMAAAD joined zone: zone4
[2026-07-02T11:29:43.155Z] Client u0lgEOLoTy9y8IrMAAAD left zone: zone4
[2026-07-02T11:30:10.867Z] Client u0lgEOLoTy9y8IrMAAAD joined user room: user_JVg34IGe24hIDXbhwUhWoveGvmr1
[2026-07-02T11:30:10.870Z] Client u0lgEOLoTy9y8IrMAAAD left user room: user_JVg34IGe24hIDXbhwUhWoveGvmr1
[2026-07-02T11:30:10.871Z] Client u0lgEOLoTy9y8IrMAAAD joined user room: user_JVg34IGe24hIDXbhwUhWoveGvmr1
[2026-07-02T11:30:15.136Z] Client KGwnGVKWVZhCbRPdAAAB left zone: zone1
[2026-07-02T11:30:15.161Z] Client KGwnGVKWVZhCbRPdAAAB joined user room: user_qlpFpb9krGhdIdhAU0rGoJcobqe2
[2026-07-02T11:30:15.162Z] Client KGwnGVKWVZhCbRPdAAAB left user room: user_qlpFpb9krGhdIdhAU0rGoJcobqe2
[2026-07-02T11:30:15.177Z] Client KGwnGVKWVZhCbRPdAAAB joined user room: user_qlpFpb9krGhdIdhAU0rGoJcobqe2
[2026-07-02T11:30:45.571Z] Client KGwnGVKWVZhCbRPdAAAB left user room: user_qlpFpb9krGhdIdhAU0rGoJcobqe2
[2026-07-02T11:30:45.593Z] Client KGwnGVKWVZhCbRPdAAAB joined user room: user_qlpFpb9krGhdIdhAU0rGoJcobqe2
[2026-07-02T11:30:45.594Z] Client KGwnGVKWVZhCbRPdAAAB left user room: user_qlpFpb9krGhdIdhAU0rGoJcobqe2
[2026-07-02T11:30:45.595Z] Client KGwnGVKWVZhCbRPdAAAB joined user room: user_qlpFpb9krGhdIdhAU0rGoJcobqe2
[2026-07-02T11:30:57.279Z] Client u0lgEOLoTy9y8IrMAAAD left user room: user_JVg34IGe24hIDXbhwUhWoveGvmr1
[2026-07-02T11:30:57.352Z] Client u0lgEOLoTy9y8IrMAAAD joined zone: zone4
[2026-07-02T11:30:57.352Z] Client u0lgEOLoTy9y8IrMAAAD left zone: zone4
[2026-07-02T11:30:57.353Z] Client u0lgEOLoTy9y8IrMAAAD joined zone: zone4
[2026-07-02T11:31:05.881Z] Client u0lgEOLoTy9y8IrMAAAD left zone: zone4
[2026-07-02T11:31:05.938Z] Client u0lgEOLoTy9y8IrMAAAD joined zone: zone2
[2026-07-02T11:31:05.939Z] Client u0lgEOLoTy9y8IrMAAAD left zone: zone2
[2026-07-02T11:31:05.940Z] Client u0lgEOLoTy9y8IrMAAAD joined zone: zone2
[2026-07-02T11:31:36.024Z] Client KGwnGVKWVZhCbRPdAAAB left user room: user_qlpFpb9krGhdIdhAU0rGoJcobqe2
[2026-07-02T11:31:36.057Z] Client KGwnGVKWVZhCbRPdAAAB joined user room: user_qlpFpb9krGhdIdhAU0rGoJcobqe2
[2026-07-02T11:31:36.058Z] Client KGwnGVKWVZhCbRPdAAAB left user room: user_qlpFpb9krGhdIdhAU0rGoJcobqe2
[2026-07-02T11:31:36.058Z] Client KGwnGVKWVZhCbRPdAAAB joined user room: user_qlpFpb9krGhdIdhAU0rGoJcobqe2
[2026-07-02T11:31:48.847Z] Emitted activeAdUpdated for zone: zone2
[2026-07-02T11:32:00.954Z] Client u0lgEOLoTy9y8IrMAAAD left zone: zone2
[2026-07-02T11:32:01.017Z] Client u0lgEOLoTy9y8IrMAAAD joined zone: zone4
[2026-07-02T11:32:01.018Z] Client u0lgEOLoTy9y8IrMAAAD left zone: zone4
[2026-07-02T11:32:01.018Z] Client u0lgEOLoTy9y8IrMAAAD joined zone: zone4
[2026-07-02T11:32:11.828Z] Client KGwnGVKWVZhCbRPdAAAB left user room: user_qlpFpb9krGhdIdhAU0rGoJcobqe2
[2026-07-02T11:32:11.845Z] Client KGwnGVKWVZhCbRPdAAAB joined user room: user_qlpFpb9krGhdIdhAU0rGoJcobqe2
[2026-07-02T11:32:11.846Z] Client KGwnGVKWVZhCbRPdAAAB left user room: user_qlpFpb9krGhdIdhAU0rGoJcobqe2
[2026-07-02T11:32:11.847Z] Client KGwnGVKWVZhCbRPdAAAB joined user room: user_qlpFpb9krGhdIdhAU0rGoJcobqe2
[2026-07-02T11:32:44.726Z] Client KGwnGVKWVZhCbRPdAAAB left user room: user_qlpFpb9krGhdIdhAU0rGoJcobqe2
[2026-07-02T11:32:44.774Z] Client KGwnGVKWVZhCbRPdAAAB joined user room: user_qlpFpb9krGhdIdhAU0rGoJcobqe2
[2026-07-02T11:32:44.775Z] Client KGwnGVKWVZhCbRPdAAAB left user room: user_qlpFpb9krGhdIdhAU0rGoJcobqe2
[2026-07-02T11:32:44.776Z] Client KGwnGVKWVZhCbRPdAAAB joined user room: user_qlpFpb9krGhdIdhAU0rGoJcobqe2
[2026-07-02T11:33:05.329Z] Emitted activeAdUpdated for zone: zone3
[2026-07-02T11:33:09.738Z] Client disconnected: KGwnGVKWVZhCbRPdAAAB
[2026-07-02T11:33:10.446Z] Client connected: xB4-0IQHzCbPN2HtAAAF
[2026-07-02T11:33:10.470Z] Client xB4-0IQHzCbPN2HtAAAF joined user room: user_qlpFpb9krGhdIdhAU0rGoJcobqe2
[2026-07-02T11:33:10.504Z] Client xB4-0IQHzCbPN2HtAAAF left user room: user_qlpFpb9krGhdIdhAU0rGoJcobqe2
[2026-07-02T11:33:10.505Z] Client xB4-0IQHzCbPN2HtAAAF joined user room: user_qlpFpb9krGhdIdhAU0rGoJcobqe2
[2026-07-02T11:33:10.506Z] Client xB4-0IQHzCbPN2HtAAAF joined user room: user_qlpFpb9krGhdIdhAU0rGoJcobqe2
[2026-07-02T11:33:14.117Z] Client disconnected: u0lgEOLoTy9y8IrMAAAD
[2026-07-02T11:33:14.766Z] Client connected: MsG5n-kTCY5kQN7_AAAH
[2026-07-02T11:33:14.792Z] Client MsG5n-kTCY5kQN7_AAAH joined zone: zone4
[2026-07-02T11:33:14.801Z] Client MsG5n-kTCY5kQN7_AAAH left zone: zone4
[2026-07-02T11:33:14.801Z] Client MsG5n-kTCY5kQN7_AAAH joined zone: zone4
[2026-07-02T11:33:14.802Z] Client MsG5n-kTCY5kQN7_AAAH joined zone: zone4
[2026-07-02T11:33:20.199Z] Client disconnected: MsG5n-kTCY5kQN7_AAAH
[2026-07-02T11:33:33.078Z] Client connected: iGdFrT1qrdFLeXjkAAAJ
[2026-07-02T11:33:33.085Z] Client iGdFrT1qrdFLeXjkAAAJ joined user room: user_JVg34IGe24hIDXbhwUhWoveGvmr1
[2026-07-02T11:33:33.196Z] Client iGdFrT1qrdFLeXjkAAAJ left user room: user_JVg34IGe24hIDXbhwUhWoveGvmr1
[2026-07-02T11:33:33.197Z] Client iGdFrT1qrdFLeXjkAAAJ joined user room: user_JVg34IGe24hIDXbhwUhWoveGvmr1
[2026-07-02T11:33:33.197Z] Client iGdFrT1qrdFLeXjkAAAJ joined user room: user_JVg34IGe24hIDXbhwUhWoveGvmr1
[2026-07-02T11:33:49.143Z] Client xB4-0IQHzCbPN2HtAAAF left user room: user_qlpFpb9krGhdIdhAU0rGoJcobqe2
[2026-07-02T11:33:49.239Z] Client xB4-0IQHzCbPN2HtAAAF joined zone: zone1
[2026-07-02T11:33:49.239Z] Client xB4-0IQHzCbPN2HtAAAF left zone: zone1
[2026-07-02T11:33:49.240Z] Client xB4-0IQHzCbPN2HtAAAF joined zone: zone1
[2026-07-02T11:35:05.379Z] Client iGdFrT1qrdFLeXjkAAAJ left user room: user_JVg34IGe24hIDXbhwUhWoveGvmr1
[2026-07-02T11:35:17.077Z] Emitted activeAdUpdated for zone: zone1
[2026-07-02T11:35:20.273Z] Client disconnected: iGdFrT1qrdFLeXjkAAAJ
[2026-07-02T11:35:25.154Z] Client xB4-0IQHzCbPN2HtAAAF left zone: zone1
[2026-07-02T11:35:28.683Z] Client connected: FWET5YJkDto1FAUXAAAL
[2026-07-02T11:35:28.696Z] Client FWET5YJkDto1FAUXAAAL joined zone: zone4
[2026-07-02T11:35:28.703Z] Client FWET5YJkDto1FAUXAAAL left zone: zone4
[2026-07-02T11:35:28.706Z] Client FWET5YJkDto1FAUXAAAL joined zone: zone4
[2026-07-02T11:35:28.710Z] Client FWET5YJkDto1FAUXAAAL joined zone: zone4
[2026-07-02T11:35:52.966Z] Initializing Socket.io...
[2026-07-02T11:35:53.899Z] Client connected: oGrYap3_yHF8PdQQAAAC
[2026-07-02T11:35:53.913Z] Client connected: GAGD-iMdJbLHKN81AAAD
[2026-07-02T11:35:53.932Z] Client oGrYap3_yHF8PdQQAAAC joined zone: zone4
[2026-07-02T11:35:56.528Z] Initializing Socket.io...
[2026-07-02T11:35:59.707Z] Initializing Socket.io...
[2026-07-02T11:35:59.882Z] Client connected: PggJfUM4X-H4vyXnAAAC
[2026-07-02T11:35:59.899Z] Client connected: NoWdGzHQ7CoVICykAAAD
[2026-07-02T11:35:59.905Z] Client PggJfUM4X-H4vyXnAAAC joined zone: zone4
[2026-07-02T11:36:02.706Z] Initializing Socket.io...
[2026-07-02T11:36:04.869Z] Client connected: IDM9xVoqcaSRcUTkAAAB
[2026-07-02T11:36:04.878Z] Client IDM9xVoqcaSRcUTkAAAB joined zone: zone4
[2026-07-02T11:36:05.851Z] Client connected: d4ekI6KA79s9yUqEAAAD
[2026-07-02T11:39:05.039Z] Client IDM9xVoqcaSRcUTkAAAB left zone: zone4
[2026-07-02T11:39:05.117Z] Client IDM9xVoqcaSRcUTkAAAB joined zone: zone2
[2026-07-02T11:39:05.118Z] Client IDM9xVoqcaSRcUTkAAAB left zone: zone2
[2026-07-02T11:39:05.118Z] Client IDM9xVoqcaSRcUTkAAAB joined zone: zone2
[2026-07-02T11:39:19.397Z] Client d4ekI6KA79s9yUqEAAAD joined user room: user_qlpFpb9krGhdIdhAU0rGoJcobqe2
[2026-07-02T11:39:19.405Z] Client d4ekI6KA79s9yUqEAAAD left user room: user_qlpFpb9krGhdIdhAU0rGoJcobqe2
[2026-07-02T11:39:19.408Z] Client d4ekI6KA79s9yUqEAAAD joined user room: user_qlpFpb9krGhdIdhAU0rGoJcobqe2
[2026-07-02T11:39:33.220Z] Client IDM9xVoqcaSRcUTkAAAB left zone: zone2
[2026-07-02T11:39:42.593Z] Client IDM9xVoqcaSRcUTkAAAB joined user room: user_JVg34IGe24hIDXbhwUhWoveGvmr1
[2026-07-02T11:39:42.601Z] Client IDM9xVoqcaSRcUTkAAAB left user room: user_JVg34IGe24hIDXbhwUhWoveGvmr1
[2026-07-02T11:39:42.602Z] Client IDM9xVoqcaSRcUTkAAAB joined user room: user_JVg34IGe24hIDXbhwUhWoveGvmr1
[2026-07-02T11:39:59.769Z] Client d4ekI6KA79s9yUqEAAAD left user room: user_qlpFpb9krGhdIdhAU0rGoJcobqe2
[2026-07-02T11:39:59.884Z] Client d4ekI6KA79s9yUqEAAAD joined zone: zone1
[2026-07-02T11:39:59.885Z] Client d4ekI6KA79s9yUqEAAAD left zone: zone1
[2026-07-02T11:39:59.885Z] Client d4ekI6KA79s9yUqEAAAD joined zone: zone1
[2026-07-02T11:40:31.106Z] Client IDM9xVoqcaSRcUTkAAAB left user room: user_JVg34IGe24hIDXbhwUhWoveGvmr1
[2026-07-02T11:40:45.855Z] Client disconnected: IDM9xVoqcaSRcUTkAAAB
[2026-07-02T11:40:51.437Z] Client disconnected: d4ekI6KA79s9yUqEAAAD
[2026-07-02T11:40:52.488Z] Client connected: fglaJnpYQtQbV4mnAAAF
[2026-07-02T11:40:52.563Z] Client fglaJnpYQtQbV4mnAAAF joined zone: zone1
[2026-07-02T11:40:52.635Z] Client fglaJnpYQtQbV4mnAAAF left zone: zone1
[2026-07-02T11:40:52.637Z] Client fglaJnpYQtQbV4mnAAAF joined zone: zone1
[2026-07-02T11:40:52.643Z] Client fglaJnpYQtQbV4mnAAAF joined zone: zone1
[2026-07-02T11:41:02.840Z] Client connected: qsGyz8gEDm2kW-4GAAAH
[2026-07-02T11:41:02.884Z] Client qsGyz8gEDm2kW-4GAAAH joined zone: zone1
[2026-07-02T11:41:02.894Z] Client qsGyz8gEDm2kW-4GAAAH left zone: zone1
[2026-07-02T11:41:02.894Z] Client qsGyz8gEDm2kW-4GAAAH joined zone: zone1
[2026-07-02T11:41:02.895Z] Client qsGyz8gEDm2kW-4GAAAH joined zone: zone1
[2026-07-02T11:41:03.281Z] Client qsGyz8gEDm2kW-4GAAAH left zone: zone1
[2026-07-02T11:41:06.130Z] Client disconnected: qsGyz8gEDm2kW-4GAAAH
[2026-07-02T11:41:50.648Z] Client fglaJnpYQtQbV4mnAAAF left zone: zone1
[2026-07-02T11:41:50.683Z] Client fglaJnpYQtQbV4mnAAAF joined user room: user_qlpFpb9krGhdIdhAU0rGoJcobqe2
[2026-07-02T11:41:50.683Z] Client fglaJnpYQtQbV4mnAAAF left user room: user_qlpFpb9krGhdIdhAU0rGoJcobqe2
[2026-07-02T11:41:50.684Z] Client fglaJnpYQtQbV4mnAAAF joined user room: user_qlpFpb9krGhdIdhAU0rGoJcobqe2
[2026-07-02T11:42:08.340Z] Client connected: Jubsjti6gD7x2432AAAJ
[2026-07-02T11:42:08.362Z] Client Jubsjti6gD7x2432AAAJ joined zone: zone4
[2026-07-02T11:42:08.462Z] Client Jubsjti6gD7x2432AAAJ left zone: zone4
[2026-07-02T11:42:08.464Z] Client Jubsjti6gD7x2432AAAJ joined zone: zone4
[2026-07-02T11:42:08.468Z] Client Jubsjti6gD7x2432AAAJ joined zone: zone4
[2026-07-02T11:42:25.552Z] Initializing Socket.io...
[2026-07-02T11:42:25.878Z] Client connected: yyPzdVSSrB9B90R3AAAB
[2026-07-02T11:42:25.897Z] Client yyPzdVSSrB9B90R3AAAB joined zone: zone4
[2026-07-02T11:42:27.369Z] Client connected: Cvv72JBkdg7ZyKxFAAAD
[2026-07-02T11:42:27.375Z] Client Cvv72JBkdg7ZyKxFAAAD joined user room: user_qlpFpb9krGhdIdhAU0rGoJcobqe2
[2026-07-02T11:45:05.908Z] Client disconnected: yyPzdVSSrB9B90R3AAAB
[2026-07-02T11:45:06.617Z] Client connected: jf6twfx2JHJMbEXTAAAF
[2026-07-02T11:45:06.648Z] Client jf6twfx2JHJMbEXTAAAF joined zone: zone4
[2026-07-02T11:45:06.664Z] Client jf6twfx2JHJMbEXTAAAF left zone: zone4
[2026-07-02T11:45:06.664Z] Client jf6twfx2JHJMbEXTAAAF joined zone: zone4
[2026-07-02T11:45:06.665Z] Client jf6twfx2JHJMbEXTAAAF joined zone: zone4
[2026-07-02T11:45:09.378Z] Client disconnected: jf6twfx2JHJMbEXTAAAF
[2026-07-02T11:45:09.750Z] Client connected: 64e6GhdkSkDuviS3AAAH
[2026-07-02T11:45:09.775Z] Client 64e6GhdkSkDuviS3AAAH joined zone: zone4
[2026-07-02T11:45:09.886Z] Client 64e6GhdkSkDuviS3AAAH left zone: zone4
[2026-07-02T11:45:09.887Z] Client 64e6GhdkSkDuviS3AAAH joined zone: zone4
[2026-07-02T11:45:09.888Z] Client 64e6GhdkSkDuviS3AAAH joined zone: zone4
[2026-07-02T11:45:15.730Z] Client 64e6GhdkSkDuviS3AAAH left zone: zone4
[2026-07-02T11:45:15.909Z] Client 64e6GhdkSkDuviS3AAAH joined zone: zone3
[2026-07-02T11:45:15.915Z] Client 64e6GhdkSkDuviS3AAAH left zone: zone3
[2026-07-02T11:45:15.916Z] Client 64e6GhdkSkDuviS3AAAH joined zone: zone3
[2026-07-02T11:45:19.759Z] Client connected: gJSIdkSpR2lKpNYwAAAJ
[2026-07-02T11:45:19.804Z] Client gJSIdkSpR2lKpNYwAAAJ joined zone: zone4
[2026-07-02T11:45:19.827Z] Client gJSIdkSpR2lKpNYwAAAJ left zone: zone4
[2026-07-02T11:45:19.828Z] Client gJSIdkSpR2lKpNYwAAAJ joined zone: zone4
[2026-07-02T11:45:19.829Z] Client gJSIdkSpR2lKpNYwAAAJ joined zone: zone4
[2026-07-02T11:45:20.061Z] Client gJSIdkSpR2lKpNYwAAAJ left zone: zone4
[2026-07-02T11:45:31.103Z] Client 64e6GhdkSkDuviS3AAAH left zone: zone3
[2026-07-02T11:45:31.164Z] Client 64e6GhdkSkDuviS3AAAH joined zone: zone4
[2026-07-02T11:45:31.164Z] Client 64e6GhdkSkDuviS3AAAH left zone: zone4
[2026-07-02T11:45:31.165Z] Client 64e6GhdkSkDuviS3AAAH joined zone: zone4
[2026-07-02T11:47:17.190Z] Client 64e6GhdkSkDuviS3AAAH left zone: zone4
[2026-07-02T11:47:17.358Z] Client 64e6GhdkSkDuviS3AAAH joined zone: zone3
[2026-07-02T11:47:17.363Z] Client 64e6GhdkSkDuviS3AAAH left zone: zone3
[2026-07-02T11:47:17.364Z] Client 64e6GhdkSkDuviS3AAAH joined zone: zone3
[2026-07-02T11:47:44.324Z] Client 64e6GhdkSkDuviS3AAAH left zone: zone3
[2026-07-02T11:47:44.384Z] Client 64e6GhdkSkDuviS3AAAH joined zone: zone4
[2026-07-02T11:47:44.385Z] Client 64e6GhdkSkDuviS3AAAH left zone: zone4
[2026-07-02T11:47:44.386Z] Client 64e6GhdkSkDuviS3AAAH joined zone: zone4
[2026-07-02T11:48:22.069Z] Client 64e6GhdkSkDuviS3AAAH left zone: zone4
[2026-07-02T11:48:22.085Z] Client 64e6GhdkSkDuviS3AAAH joined zone: zone4
[2026-07-02T11:48:22.092Z] Client 64e6GhdkSkDuviS3AAAH joined zone: zone4
[2026-07-02T11:48:22.094Z] Client 64e6GhdkSkDuviS3AAAH left zone: zone4
[2026-07-02T11:48:22.095Z] Client 64e6GhdkSkDuviS3AAAH joined zone: zone4
[2026-07-02T11:48:22.095Z] Client 64e6GhdkSkDuviS3AAAH left zone: zone4
[2026-07-02T11:48:22.096Z] Client 64e6GhdkSkDuviS3AAAH joined zone: zone4
[2026-07-02T11:51:15.149Z] Client 64e6GhdkSkDuviS3AAAH left zone: zone4
[2026-07-02T11:51:15.154Z] Client 64e6GhdkSkDuviS3AAAH left zone: zone4
[2026-07-02T11:51:15.364Z] Client 64e6GhdkSkDuviS3AAAH joined zone: zone3
[2026-07-02T11:51:15.370Z] Client 64e6GhdkSkDuviS3AAAH left zone: zone3
[2026-07-02T11:51:15.371Z] Client 64e6GhdkSkDuviS3AAAH joined zone: zone3
[2026-07-02T11:51:17.410Z] Client 64e6GhdkSkDuviS3AAAH left zone: zone3
[2026-07-02T11:51:17.500Z] Client 64e6GhdkSkDuviS3AAAH joined zone: zone2
[2026-07-02T11:51:17.501Z] Client 64e6GhdkSkDuviS3AAAH left zone: zone2
[2026-07-02T11:51:17.502Z] Client 64e6GhdkSkDuviS3AAAH joined zone: zone2
[2026-07-02T11:51:19.954Z] Client 64e6GhdkSkDuviS3AAAH left zone: zone2
[2026-07-02T11:51:20.025Z] Client 64e6GhdkSkDuviS3AAAH joined zone: zone4
[2026-07-02T11:51:20.026Z] Client 64e6GhdkSkDuviS3AAAH joined zone: zone4
[2026-07-02T11:51:20.026Z] Client 64e6GhdkSkDuviS3AAAH left zone: zone4
[2026-07-02T11:51:20.027Z] Client 64e6GhdkSkDuviS3AAAH left zone: zone4
[2026-07-02T11:51:20.027Z] Client 64e6GhdkSkDuviS3AAAH joined zone: zone4
[2026-07-02T11:51:20.028Z] Client 64e6GhdkSkDuviS3AAAH joined zone: zone4
[2026-07-02T11:52:16.857Z] Client Cvv72JBkdg7ZyKxFAAAD left user room: user_qlpFpb9krGhdIdhAU0rGoJcobqe2
[2026-07-02T11:52:27.670Z] Client Cvv72JBkdg7ZyKxFAAAD joined user room: user_qlpFpb9krGhdIdhAU0rGoJcobqe2
[2026-07-02T11:52:27.676Z] Client Cvv72JBkdg7ZyKxFAAAD left user room: user_qlpFpb9krGhdIdhAU0rGoJcobqe2
[2026-07-02T11:52:27.676Z] Client Cvv72JBkdg7ZyKxFAAAD joined user room: user_qlpFpb9krGhdIdhAU0rGoJcobqe2
[2026-07-02T11:53:45.629Z] Initializing Socket.io...
[2026-07-02T11:53:46.856Z] Client connected: VYPQfXBJesT2uIxdAAAC
[2026-07-02T11:53:46.863Z] Client connected: y8Ek7xo3RyOHlUCZAAAD
[2026-07-02T11:53:46.869Z] Client y8Ek7xo3RyOHlUCZAAAD joined user room: user_qlpFpb9krGhdIdhAU0rGoJcobqe2
[2026-07-02T11:53:48.850Z] Client connected: kek8bw0FnF0WQgedAAAF
[2026-07-02T11:53:48.860Z] Client kek8bw0FnF0WQgedAAAF joined zone: zone4
[2026-07-02T11:54:18.107Z] Initializing Socket.io...
[2026-07-02T11:54:18.857Z] Client connected: uo3RrD_ZxgRWfz1OAAAB
[2026-07-02T11:54:19.848Z] Client connected: vQfJH2oCvPrNBxKtAAAD
[2026-07-02T11:54:19.857Z] Client vQfJH2oCvPrNBxKtAAAD joined user room: user_qlpFpb9krGhdIdhAU0rGoJcobqe2
[2026-07-02T11:54:20.852Z] Client connected: 3IlyOxseWd6vtSlnAAAF
[2026-07-02T11:54:20.859Z] Client 3IlyOxseWd6vtSlnAAAF joined zone: zone4
[2026-07-02T12:03:21.321Z] Client disconnected: vQfJH2oCvPrNBxKtAAAD
[2026-07-02T12:21:21.066Z] Client disconnected: 3IlyOxseWd6vtSlnAAAF
[2026-07-02T12:31:14.515Z] Client connected: vd3BgZbLrd1IDMIZAAAH
[2026-07-02T12:31:14.537Z] Client vd3BgZbLrd1IDMIZAAAH joined zone: zone2
[2026-07-02T12:31:14.631Z] Client vd3BgZbLrd1IDMIZAAAH left zone: zone2
[2026-07-02T12:31:14.632Z] Client vd3BgZbLrd1IDMIZAAAH joined zone: zone2
[2026-07-02T12:31:14.633Z] Client vd3BgZbLrd1IDMIZAAAH joined zone: zone2
[2026-07-02T12:31:16.746Z] Client disconnected: vd3BgZbLrd1IDMIZAAAH
[2026-07-02T12:31:17.542Z] Client connected: wmD2imgRlmEJDoK2AAAJ
[2026-07-02T12:31:17.585Z] Client wmD2imgRlmEJDoK2AAAJ joined zone: zone2
[2026-07-02T12:31:17.593Z] Client wmD2imgRlmEJDoK2AAAJ left zone: zone2
[2026-07-02T12:31:17.593Z] Client wmD2imgRlmEJDoK2AAAJ joined zone: zone2
[2026-07-02T12:31:17.594Z] Client wmD2imgRlmEJDoK2AAAJ joined zone: zone2
[2026-07-02T12:38:22.666Z] Client wmD2imgRlmEJDoK2AAAJ left zone: zone2
[2026-07-02T12:38:22.774Z] Client wmD2imgRlmEJDoK2AAAJ joined zone: zone4
[2026-07-02T12:38:22.775Z] Client wmD2imgRlmEJDoK2AAAJ joined zone: zone4
[2026-07-02T12:38:22.777Z] Client wmD2imgRlmEJDoK2AAAJ left zone: zone4
[2026-07-02T12:38:22.778Z] Client wmD2imgRlmEJDoK2AAAJ left zone: zone4
[2026-07-02T12:38:22.779Z] Client wmD2imgRlmEJDoK2AAAJ joined zone: zone4
[2026-07-02T12:38:22.781Z] Client wmD2imgRlmEJDoK2AAAJ joined zone: zone4
[2026-07-02T12:38:35.850Z] Client wmD2imgRlmEJDoK2AAAJ left zone: zone4
[2026-07-02T12:38:35.854Z] Client wmD2imgRlmEJDoK2AAAJ left zone: zone4
[2026-07-02T12:38:36.057Z] Client wmD2imgRlmEJDoK2AAAJ joined zone: zone3
[2026-07-02T12:38:36.062Z] Client wmD2imgRlmEJDoK2AAAJ left zone: zone3
[2026-07-02T12:38:36.063Z] Client wmD2imgRlmEJDoK2AAAJ joined zone: zone3
[2026-07-02T12:38:39.710Z] Client wmD2imgRlmEJDoK2AAAJ left zone: zone3
[2026-07-02T12:38:39.779Z] Client wmD2imgRlmEJDoK2AAAJ joined zone: zone2
[2026-07-02T12:38:39.780Z] Client wmD2imgRlmEJDoK2AAAJ left zone: zone2
[2026-07-02T12:38:39.781Z] Client wmD2imgRlmEJDoK2AAAJ joined zone: zone2
[2026-07-02T12:38:43.067Z] Client wmD2imgRlmEJDoK2AAAJ left zone: zone2
[2026-07-02T12:38:43.133Z] Client wmD2imgRlmEJDoK2AAAJ joined zone: zone4
[2026-07-02T12:38:43.134Z] Client wmD2imgRlmEJDoK2AAAJ joined zone: zone4
[2026-07-02T12:38:43.135Z] Client wmD2imgRlmEJDoK2AAAJ left zone: zone4
[2026-07-02T12:38:43.135Z] Client wmD2imgRlmEJDoK2AAAJ left zone: zone4
[2026-07-02T12:38:43.135Z] Client wmD2imgRlmEJDoK2AAAJ joined zone: zone4
[2026-07-02T12:38:43.136Z] Client wmD2imgRlmEJDoK2AAAJ joined zone: zone4
[2026-07-02T12:39:00.451Z] Initializing Socket.io...
[2026-07-02T12:39:02.879Z] Client connected: QU7SpwZmU5TEuWPQAAAB
[2026-07-02T12:39:02.891Z] Client QU7SpwZmU5TEuWPQAAAB joined zone: zone4
[2026-07-02T12:39:03.861Z] Client connected: Mivec2H9NEzd_4lmAAAD
[2026-07-02T12:39:25.449Z] Client disconnected: QU7SpwZmU5TEuWPQAAAB
[2026-07-02T12:39:26.409Z] Client connected: X09fKp3osm4WrcVuAAAF
[2026-07-02T12:39:26.436Z] Client X09fKp3osm4WrcVuAAAF joined zone: zone4
[2026-07-02T12:39:26.547Z] Client X09fKp3osm4WrcVuAAAF joined zone: zone4
[2026-07-02T12:39:26.548Z] Client X09fKp3osm4WrcVuAAAF left zone: zone4
[2026-07-02T12:39:26.549Z] Client X09fKp3osm4WrcVuAAAF left zone: zone4
[2026-07-02T12:39:26.550Z] Client X09fKp3osm4WrcVuAAAF joined zone: zone4
[2026-07-02T12:39:26.551Z] Client X09fKp3osm4WrcVuAAAF joined zone: zone4
[2026-07-02T12:39:26.552Z] Client X09fKp3osm4WrcVuAAAF joined zone: zone4
[2026-07-02T12:39:37.049Z] Client X09fKp3osm4WrcVuAAAF left zone: zone4
[2026-07-02T12:39:37.058Z] Client X09fKp3osm4WrcVuAAAF left zone: zone4
[2026-07-02T12:39:37.059Z] Client X09fKp3osm4WrcVuAAAF joined zone: zone4
[2026-07-02T12:39:37.059Z] Client X09fKp3osm4WrcVuAAAF left zone: zone4
[2026-07-02T12:39:37.060Z] Client X09fKp3osm4WrcVuAAAF joined zone: zone4
[2026-07-02T12:39:42.171Z] Client connected: vYPqbk_mzq2BpUqpAAAH
[2026-07-02T12:39:42.209Z] Client vYPqbk_mzq2BpUqpAAAH joined zone: zone4
[2026-07-02T12:39:42.225Z] Client vYPqbk_mzq2BpUqpAAAH left zone: zone4
[2026-07-02T12:39:42.225Z] Client vYPqbk_mzq2BpUqpAAAH joined zone: zone4
[2026-07-02T12:39:42.226Z] Client vYPqbk_mzq2BpUqpAAAH joined zone: zone4
[2026-07-02T12:39:42.334Z] Client vYPqbk_mzq2BpUqpAAAH left zone: zone4
[2026-07-02T12:44:50.085Z] Client disconnected: Mivec2H9NEzd_4lmAAAD
[2026-07-02T12:45:08.029Z] Client vYPqbk_mzq2BpUqpAAAH joined zone: zone5
[2026-07-02T12:45:08.041Z] Client vYPqbk_mzq2BpUqpAAAH left zone: zone5
[2026-07-02T12:45:08.041Z] Client vYPqbk_mzq2BpUqpAAAH joined zone: zone5
[2026-07-02T12:45:09.809Z] Client vYPqbk_mzq2BpUqpAAAH left zone: zone5
[2026-07-02T12:45:23.942Z] Client vYPqbk_mzq2BpUqpAAAH joined zone: zone1
[2026-07-02T12:45:24.076Z] Client vYPqbk_mzq2BpUqpAAAH left zone: zone1
[2026-07-02T12:45:24.077Z] Client vYPqbk_mzq2BpUqpAAAH joined zone: zone1
[2026-07-02T13:07:33.767Z] Client X09fKp3osm4WrcVuAAAF left zone: zone4
[2026-07-02T13:07:33.827Z] Client X09fKp3osm4WrcVuAAAF joined zone: zone2
[2026-07-02T13:07:33.828Z] Client X09fKp3osm4WrcVuAAAF left zone: zone2
[2026-07-02T13:07:33.829Z] Client X09fKp3osm4WrcVuAAAF joined zone: zone2
[2026-07-02T13:07:39.317Z] Client X09fKp3osm4WrcVuAAAF left zone: zone2
[2026-07-02T13:07:39.373Z] Client X09fKp3osm4WrcVuAAAF joined zone: zone4
[2026-07-02T13:07:39.374Z] Client X09fKp3osm4WrcVuAAAF left zone: zone4
[2026-07-02T13:07:39.375Z] Client X09fKp3osm4WrcVuAAAF joined zone: zone4
[2026-07-02T13:07:43.929Z] Client X09fKp3osm4WrcVuAAAF left zone: zone4
[2026-07-02T13:07:43.988Z] Client X09fKp3osm4WrcVuAAAF joined zone: zone2
[2026-07-02T13:07:43.989Z] Client X09fKp3osm4WrcVuAAAF left zone: zone2
[2026-07-02T13:07:43.989Z] Client X09fKp3osm4WrcVuAAAF joined zone: zone2
[2026-07-02T13:24:31.639Z] Client disconnected: X09fKp3osm4WrcVuAAAF
[2026-07-02T13:24:31.723Z] Client disconnected: vYPqbk_mzq2BpUqpAAAH
[2026-07-02T13:24:51.581Z] Client connected: r5VHhExCuC-0f9neAAAK
[2026-07-02T13:24:52.182Z] Client r5VHhExCuC-0f9neAAAK joined zone: zone2
[2026-07-02T13:24:52.250Z] Client r5VHhExCuC-0f9neAAAK left zone: zone2
[2026-07-02T13:24:52.254Z] Client r5VHhExCuC-0f9neAAAK joined zone: zone2
[2026-07-02T13:24:52.255Z] Client r5VHhExCuC-0f9neAAAK joined zone: zone2
[2026-07-02T13:24:54.084Z] Client connected: lk18u7NbNYMtT9E-AAAL
[2026-07-02T13:24:54.344Z] Client lk18u7NbNYMtT9E-AAAL joined zone: zone1
[2026-07-02T13:24:54.525Z] Client lk18u7NbNYMtT9E-AAAL left zone: zone1
[2026-07-02T13:24:54.527Z] Client lk18u7NbNYMtT9E-AAAL joined zone: zone1
[2026-07-02T13:24:54.528Z] Client lk18u7NbNYMtT9E-AAAL joined zone: zone1
[2026-07-02T13:32:46.689Z] Client disconnected: r5VHhExCuC-0f9neAAAK
[2026-07-02T13:41:10.256Z] Client connected: wIFC2CgPv6g_3XecAAAN
[2026-07-02T13:41:10.305Z] Client wIFC2CgPv6g_3XecAAAN joined zone: zone2
[2026-07-02T13:41:10.419Z] Client wIFC2CgPv6g_3XecAAAN left zone: zone2
[2026-07-02T13:41:10.422Z] Client wIFC2CgPv6g_3XecAAAN joined zone: zone2
[2026-07-02T13:41:10.423Z] Client wIFC2CgPv6g_3XecAAAN joined zone: zone2
[2026-07-02T13:41:12.670Z] Client wIFC2CgPv6g_3XecAAAN left zone: zone2
[2026-07-02T13:41:20.375Z] Client wIFC2CgPv6g_3XecAAAN joined user room: user_JVg34IGe24hIDXbhwUhWoveGvmr1
[2026-07-02T13:41:20.378Z] Client wIFC2CgPv6g_3XecAAAN left user room: user_JVg34IGe24hIDXbhwUhWoveGvmr1
[2026-07-02T13:41:20.379Z] Client wIFC2CgPv6g_3XecAAAN joined user room: user_JVg34IGe24hIDXbhwUhWoveGvmr1
[2026-07-02T13:47:22.781Z] Client disconnected: lk18u7NbNYMtT9E-AAAL
[2026-07-02T13:49:13.519Z] Client wIFC2CgPv6g_3XecAAAN left user room: user_JVg34IGe24hIDXbhwUhWoveGvmr1
[2026-07-02T13:49:20.281Z] Client wIFC2CgPv6g_3XecAAAN joined user room: user_JVg34IGe24hIDXbhwUhWoveGvmr1
[2026-07-02T13:49:20.309Z] Client wIFC2CgPv6g_3XecAAAN left user room: user_JVg34IGe24hIDXbhwUhWoveGvmr1
[2026-07-02T13:49:20.311Z] Client wIFC2CgPv6g_3XecAAAN joined user room: user_JVg34IGe24hIDXbhwUhWoveGvmr1
[2026-07-02T13:50:26.298Z] Client wIFC2CgPv6g_3XecAAAN left user room: user_JVg34IGe24hIDXbhwUhWoveGvmr1
[2026-07-02T13:51:15.066Z] Client disconnected: wIFC2CgPv6g_3XecAAAN
[2026-07-02T14:17:58.310Z] Initializing Socket.io...
[2026-07-02T14:18:59.109Z] Client connected: J1ftys4DvzPNSpjTAAAB
[2026-07-02T14:18:59.291Z] Client J1ftys4DvzPNSpjTAAAB joined zone: zone5
[2026-07-02T14:18:59.428Z] Client J1ftys4DvzPNSpjTAAAB joined zone: zone5
[2026-07-02T14:19:09.651Z] Client J1ftys4DvzPNSpjTAAAB left zone: zone5
[2026-07-02T14:19:52.179Z] Client connected: -4EgIuFR3C-ewsY-AAAD
[2026-07-02T14:19:52.392Z] Client -4EgIuFR3C-ewsY-AAAD joined zone: zone5
[2026-07-02T14:19:52.467Z] Client -4EgIuFR3C-ewsY-AAAD joined zone: zone5
[2026-07-02T14:19:53.277Z] Client -4EgIuFR3C-ewsY-AAAD left zone: zone5
[2026-07-02T14:21:48.228Z] Client disconnected: -4EgIuFR3C-ewsY-AAAD
[2026-07-03T05:50:11.685Z] Initializing Socket.io...
[2026-07-03T05:58:06.520Z] Initializing Socket.io...
[2026-07-03T06:02:02.138Z] Client connected: cFoHHeTIP7PineIMAAAB
[2026-07-03T06:02:02.192Z] Client cFoHHeTIP7PineIMAAAB joined zone: zone5
[2026-07-03T06:02:02.205Z] Client cFoHHeTIP7PineIMAAAB joined zone: zone5
[2026-07-03T06:02:04.491Z] Client disconnected: cFoHHeTIP7PineIMAAAB
[2026-07-03T06:02:12.008Z] Client connected: 1vHAzCpBM2m3xlAlAAAD
[2026-07-03T06:02:12.030Z] Client 1vHAzCpBM2m3xlAlAAAD joined zone: zone5
[2026-07-03T06:02:12.036Z] Client 1vHAzCpBM2m3xlAlAAAD joined zone: zone5
[2026-07-03T06:02:14.032Z] Client 1vHAzCpBM2m3xlAlAAAD left zone: zone5
[2026-07-03T06:02:16.404Z] Client 1vHAzCpBM2m3xlAlAAAD joined zone: zone5
[2026-07-03T06:02:16.416Z] Client 1vHAzCpBM2m3xlAlAAAD left zone: zone5
[2026-07-03T06:02:16.420Z] Client 1vHAzCpBM2m3xlAlAAAD joined zone: zone5
[2026-07-03T06:02:19.743Z] Client 1vHAzCpBM2m3xlAlAAAD left zone: zone5
[2026-07-03T06:02:35.429Z] Client 1vHAzCpBM2m3xlAlAAAD joined zone: zone2
[2026-07-03T06:02:35.476Z] Client 1vHAzCpBM2m3xlAlAAAD left zone: zone2
[2026-07-03T06:02:35.477Z] Client 1vHAzCpBM2m3xlAlAAAD joined zone: zone2
[2026-07-03T06:02:43.746Z] Client connected: 4hzwoSMRfJuNthYeAAAF
[2026-07-03T06:02:43.785Z] Client 4hzwoSMRfJuNthYeAAAF joined zone: zone5
[2026-07-03T06:02:43.796Z] Client 4hzwoSMRfJuNthYeAAAF joined zone: zone5
[2026-07-03T06:02:45.964Z] Client 4hzwoSMRfJuNthYeAAAF left zone: zone5
[2026-07-03T06:03:12.435Z] Client 4hzwoSMRfJuNthYeAAAF joined zone: zone1
[2026-07-03T06:03:12.571Z] Client 4hzwoSMRfJuNthYeAAAF left zone: zone1
[2026-07-03T06:03:12.572Z] Client 4hzwoSMRfJuNthYeAAAF joined zone: zone1
[2026-07-03T06:04:54.389Z] Initializing Socket.io...
[2026-07-03T06:04:54.937Z] Client connected: bgES2TU5neQcXcH3AAAB
[2026-07-03T06:04:54.950Z] Client bgES2TU5neQcXcH3AAAB joined zone: zone2
[2026-07-03T06:04:57.920Z] Client connected: fomAh5RM9Mm24CPZAAAD
[2026-07-03T06:04:57.928Z] Client fomAh5RM9Mm24CPZAAAD joined zone: zone1
[2026-07-03T06:05:15.890Z] Client disconnected: bgES2TU5neQcXcH3AAAB
[2026-07-03T06:05:15.896Z] Client disconnected: fomAh5RM9Mm24CPZAAAD
[2026-07-03T06:05:19.269Z] Client connected: T33YNqPS8KZNO-6hAAAG
[2026-07-03T06:05:19.344Z] Client T33YNqPS8KZNO-6hAAAG joined zone: zone1
[2026-07-03T06:05:19.430Z] Client T33YNqPS8KZNO-6hAAAG left zone: zone1
[2026-07-03T06:05:19.431Z] Client T33YNqPS8KZNO-6hAAAG joined zone: zone1
[2026-07-03T06:05:19.432Z] Client T33YNqPS8KZNO-6hAAAG joined zone: zone1
[2026-07-03T06:05:19.771Z] Client connected: wtb-j26mGzg6AKD0AAAH
[2026-07-03T06:05:19.826Z] Client wtb-j26mGzg6AKD0AAAH joined zone: zone2
[2026-07-03T06:05:19.844Z] Client wtb-j26mGzg6AKD0AAAH left zone: zone2
[2026-07-03T06:05:19.845Z] Client wtb-j26mGzg6AKD0AAAH joined zone: zone2
[2026-07-03T06:05:19.846Z] Client wtb-j26mGzg6AKD0AAAH joined zone: zone2
[2026-07-03T06:08:42.186Z] Initializing Socket.io...
[2026-07-03T06:08:42.239Z] Client connected: Na4hwsFI91HVw-ftAAAC
[2026-07-03T06:08:42.250Z] Client connected: Q9i8FdEwXjG1VjaUAAAD
[2026-07-03T06:08:42.253Z] Client Na4hwsFI91HVw-ftAAAC joined zone: zone1
[2026-07-03T06:08:42.258Z] Client Q9i8FdEwXjG1VjaUAAAD joined zone: zone2
[2026-07-03T06:09:03.091Z] Client disconnected: Na4hwsFI91HVw-ftAAAC
[2026-07-03T06:09:04.142Z] Client connected: ZHQRkAfMw4oFi_MkAAAF
[2026-07-03T06:09:04.250Z] Client ZHQRkAfMw4oFi_MkAAAF joined zone: zone1
[2026-07-03T06:09:04.356Z] Client ZHQRkAfMw4oFi_MkAAAF left zone: zone1
[2026-07-03T06:09:04.357Z] Client ZHQRkAfMw4oFi_MkAAAF joined zone: zone1
[2026-07-03T06:09:04.359Z] Client ZHQRkAfMw4oFi_MkAAAF joined zone: zone1
[2026-07-03T06:10:42.657Z] Client disconnected: ZHQRkAfMw4oFi_MkAAAF
[2026-07-03T06:10:43.475Z] Client connected: hedTJlwE9rby8LIBAAAH
[2026-07-03T06:10:43.526Z] Client hedTJlwE9rby8LIBAAAH joined zone: zone1
[2026-07-03T06:10:43.561Z] Client hedTJlwE9rby8LIBAAAH left zone: zone1
[2026-07-03T06:10:43.562Z] Client hedTJlwE9rby8LIBAAAH joined zone: zone1
[2026-07-03T06:10:43.567Z] Client hedTJlwE9rby8LIBAAAH joined zone: zone1
[2026-07-03T06:14:01.368Z] Client Q9i8FdEwXjG1VjaUAAAD left zone: zone2
[2026-07-03T06:14:06.500Z] Client hedTJlwE9rby8LIBAAAH left zone: zone1
[2026-07-03T06:14:06.548Z] Client hedTJlwE9rby8LIBAAAH joined user room: user_VWEetfpP2jbTu7WCSGs3uSQDhKX2
[2026-07-03T06:14:06.549Z] Client hedTJlwE9rby8LIBAAAH left user room: user_VWEetfpP2jbTu7WCSGs3uSQDhKX2
[2026-07-03T06:14:06.550Z] Client hedTJlwE9rby8LIBAAAH joined user room: user_VWEetfpP2jbTu7WCSGs3uSQDhKX2
[2026-07-03T07:03:25.491Z] Client disconnected: Q9i8FdEwXjG1VjaUAAAD
[2026-07-03T07:03:25.674Z] Client disconnected: hedTJlwE9rby8LIBAAAH
[2026-07-03T07:40:24.867Z] Initializing Socket.io...
[2026-07-03T07:40:50.391Z] Client connected: gBxZW1I34dXu1QFaAAAB
[2026-07-03T07:40:50.408Z] Client gBxZW1I34dXu1QFaAAAB joined zone: zone2
[2026-07-03T07:40:50.509Z] Client gBxZW1I34dXu1QFaAAAB left zone: zone2
[2026-07-03T07:40:50.510Z] Client gBxZW1I34dXu1QFaAAAB joined zone: zone2
[2026-07-03T07:40:50.511Z] Client gBxZW1I34dXu1QFaAAAB joined zone: zone2
[2026-07-03T07:40:56.693Z] Client gBxZW1I34dXu1QFaAAAB left zone: zone2
[2026-07-03T07:41:29.686Z] Client connected: OXsfig50EYlFIFsRAAAD
[2026-07-03T07:41:29.698Z] Client OXsfig50EYlFIFsRAAAD joined zone: zone1
[2026-07-03T07:41:29.703Z] Client OXsfig50EYlFIFsRAAAD left zone: zone1
[2026-07-03T07:41:29.704Z] Client OXsfig50EYlFIFsRAAAD joined zone: zone1
[2026-07-03T07:41:29.705Z] Client OXsfig50EYlFIFsRAAAD joined zone: zone1
[2026-07-03T07:42:44.362Z] Client OXsfig50EYlFIFsRAAAD left zone: zone1
[2026-07-03T07:42:44.403Z] Client OXsfig50EYlFIFsRAAAD joined user room: user_VWEetfpP2jbTu7WCSGs3uSQDhKX2
[2026-07-03T07:42:44.405Z] Client OXsfig50EYlFIFsRAAAD left user room: user_VWEetfpP2jbTu7WCSGs3uSQDhKX2
[2026-07-03T07:42:44.428Z] Client OXsfig50EYlFIFsRAAAD joined user room: user_VWEetfpP2jbTu7WCSGs3uSQDhKX2
[2026-07-03T07:46:00.527Z] Client OXsfig50EYlFIFsRAAAD left user room: user_VWEetfpP2jbTu7WCSGs3uSQDhKX2
[2026-07-03T07:47:50.281Z] Client OXsfig50EYlFIFsRAAAD joined user room: user_VWEetfpP2jbTu7WCSGs3uSQDhKX2
[2026-07-03T07:47:50.325Z] Client OXsfig50EYlFIFsRAAAD left user room: user_VWEetfpP2jbTu7WCSGs3uSQDhKX2
[2026-07-03T07:47:50.326Z] Client OXsfig50EYlFIFsRAAAD joined user room: user_VWEetfpP2jbTu7WCSGs3uSQDhKX2
[2026-07-03T07:54:16.907Z] Client disconnected: OXsfig50EYlFIFsRAAAD
[2026-07-03T07:54:17.852Z] Client connected: Dp4_vti7nTQje0vOAAAF
[2026-07-03T07:54:17.929Z] Client Dp4_vti7nTQje0vOAAAF joined user room: user_VWEetfpP2jbTu7WCSGs3uSQDhKX2
[2026-07-03T07:54:17.942Z] Client Dp4_vti7nTQje0vOAAAF left user room: user_VWEetfpP2jbTu7WCSGs3uSQDhKX2
[2026-07-03T07:54:17.943Z] Client Dp4_vti7nTQje0vOAAAF joined user room: user_VWEetfpP2jbTu7WCSGs3uSQDhKX2
[2026-07-03T07:54:17.943Z] Client Dp4_vti7nTQje0vOAAAF joined user room: user_VWEetfpP2jbTu7WCSGs3uSQDhKX2
[2026-07-03T07:56:17.608Z] Client disconnected: gBxZW1I34dXu1QFaAAAB
[2026-07-03T07:57:52.973Z] Client disconnected: Dp4_vti7nTQje0vOAAAF
[2026-07-03T07:57:53.673Z] Client connected: 8qXRv8y32NbCb_A8AAAH
[2026-07-03T07:57:53.712Z] Client 8qXRv8y32NbCb_A8AAAH joined user room: user_VWEetfpP2jbTu7WCSGs3uSQDhKX2
[2026-07-03T07:57:53.834Z] Client 8qXRv8y32NbCb_A8AAAH left user room: user_VWEetfpP2jbTu7WCSGs3uSQDhKX2
[2026-07-03T07:57:53.835Z] Client 8qXRv8y32NbCb_A8AAAH joined user room: user_VWEetfpP2jbTu7WCSGs3uSQDhKX2
[2026-07-03T07:57:53.835Z] Client 8qXRv8y32NbCb_A8AAAH joined user room: user_VWEetfpP2jbTu7WCSGs3uSQDhKX2
[2026-07-03T07:58:52.130Z] Client disconnected: 8qXRv8y32NbCb_A8AAAH
[2026-07-03T07:58:52.732Z] Client connected: AZbLFodDOrztrNvLAAAJ
[2026-07-03T07:58:52.819Z] Client AZbLFodDOrztrNvLAAAJ joined user room: user_VWEetfpP2jbTu7WCSGs3uSQDhKX2
[2026-07-03T07:58:52.831Z] Client AZbLFodDOrztrNvLAAAJ left user room: user_VWEetfpP2jbTu7WCSGs3uSQDhKX2
[2026-07-03T07:58:52.833Z] Client AZbLFodDOrztrNvLAAAJ joined user room: user_VWEetfpP2jbTu7WCSGs3uSQDhKX2
[2026-07-03T07:58:52.833Z] Client AZbLFodDOrztrNvLAAAJ joined user room: user_VWEetfpP2jbTu7WCSGs3uSQDhKX2
[2026-07-03T07:59:29.089Z] Client disconnected: AZbLFodDOrztrNvLAAAJ
[2026-07-03T08:01:44.638Z] Client connected: Fe-woRSMWteDVPtOAAAL
[2026-07-03T08:01:44.748Z] Client Fe-woRSMWteDVPtOAAAL joined user room: user_VWEetfpP2jbTu7WCSGs3uSQDhKX2
[2026-07-03T08:01:44.843Z] Client Fe-woRSMWteDVPtOAAAL left user room: user_VWEetfpP2jbTu7WCSGs3uSQDhKX2
[2026-07-03T08:01:44.843Z] Client Fe-woRSMWteDVPtOAAAL joined user room: user_VWEetfpP2jbTu7WCSGs3uSQDhKX2
[2026-07-03T08:01:44.866Z] Client Fe-woRSMWteDVPtOAAAL joined user room: user_VWEetfpP2jbTu7WCSGs3uSQDhKX2
[2026-07-03T08:05:33.500Z] Client Fe-woRSMWteDVPtOAAAL left user room: user_VWEetfpP2jbTu7WCSGs3uSQDhKX2
[2026-07-03T08:05:41.801Z] Client Fe-woRSMWteDVPtOAAAL joined user room: user_VWEetfpP2jbTu7WCSGs3uSQDhKX2
[2026-07-03T08:05:41.804Z] Client Fe-woRSMWteDVPtOAAAL left user room: user_VWEetfpP2jbTu7WCSGs3uSQDhKX2
[2026-07-03T08:05:41.805Z] Client Fe-woRSMWteDVPtOAAAL joined user room: user_VWEetfpP2jbTu7WCSGs3uSQDhKX2
[2026-07-03T08:06:38.579Z] Client disconnected: Fe-woRSMWteDVPtOAAAL
[2026-07-03T08:07:21.942Z] Client connected: Z-I2QT278SoHO8jcAAAN
[2026-07-03T08:07:22.077Z] Client Z-I2QT278SoHO8jcAAAN joined user room: user_VWEetfpP2jbTu7WCSGs3uSQDhKX2
[2026-07-03T08:07:22.173Z] Client Z-I2QT278SoHO8jcAAAN left user room: user_VWEetfpP2jbTu7WCSGs3uSQDhKX2
[2026-07-03T08:07:22.174Z] Client Z-I2QT278SoHO8jcAAAN joined user room: user_VWEetfpP2jbTu7WCSGs3uSQDhKX2
[2026-07-03T08:07:22.178Z] Client Z-I2QT278SoHO8jcAAAN joined user room: user_VWEetfpP2jbTu7WCSGs3uSQDhKX2
[2026-07-03T08:12:51.257Z] Client Z-I2QT278SoHO8jcAAAN left user room: user_VWEetfpP2jbTu7WCSGs3uSQDhKX2
[2026-07-03T08:12:51.276Z] Client Z-I2QT278SoHO8jcAAAN joined user room: user_VWEetfpP2jbTu7WCSGs3uSQDhKX2
[2026-07-03T08:12:51.277Z] Client Z-I2QT278SoHO8jcAAAN left user room: user_VWEetfpP2jbTu7WCSGs3uSQDhKX2
[2026-07-03T08:12:51.278Z] Client Z-I2QT278SoHO8jcAAAN joined user room: user_VWEetfpP2jbTu7WCSGs3uSQDhKX2
[2026-07-03T08:14:08.561Z] Client Z-I2QT278SoHO8jcAAAN left user room: user_VWEetfpP2jbTu7WCSGs3uSQDhKX2
[2026-07-03T08:14:08.595Z] Client Z-I2QT278SoHO8jcAAAN joined user room: user_VWEetfpP2jbTu7WCSGs3uSQDhKX2
[2026-07-03T08:14:08.596Z] Client Z-I2QT278SoHO8jcAAAN left user room: user_VWEetfpP2jbTu7WCSGs3uSQDhKX2
[2026-07-03T08:14:08.596Z] Client Z-I2QT278SoHO8jcAAAN joined user room: user_VWEetfpP2jbTu7WCSGs3uSQDhKX2
[2026-07-03T08:14:29.615Z] Client connected: 9F2cYa_dO3A4CX73AAAP
[2026-07-03T08:14:29.635Z] Client 9F2cYa_dO3A4CX73AAAP joined zone: zone2
[2026-07-03T08:14:29.660Z] Client 9F2cYa_dO3A4CX73AAAP left zone: zone2
[2026-07-03T08:14:29.664Z] Client 9F2cYa_dO3A4CX73AAAP joined zone: zone2
[2026-07-03T08:14:29.665Z] Client 9F2cYa_dO3A4CX73AAAP joined zone: zone2
[2026-07-03T08:14:32.309Z] Client disconnected: 9F2cYa_dO3A4CX73AAAP
[2026-07-03T08:14:33.094Z] Client connected: 8buwE0orQQQ5MRIIAAAR
[2026-07-03T08:14:33.124Z] Client 8buwE0orQQQ5MRIIAAAR joined zone: zone2
[2026-07-03T08:14:33.145Z] Client 8buwE0orQQQ5MRIIAAAR left zone: zone2
[2026-07-03T08:14:33.146Z] Client 8buwE0orQQQ5MRIIAAAR joined zone: zone2
[2026-07-03T08:14:33.146Z] Client 8buwE0orQQQ5MRIIAAAR joined zone: zone2
[2026-07-03T08:14:41.444Z] Client 8buwE0orQQQ5MRIIAAAR left zone: zone2
[2026-07-03T08:14:41.546Z] Client 8buwE0orQQQ5MRIIAAAR joined zone: zone4
[2026-07-03T08:14:41.547Z] Client 8buwE0orQQQ5MRIIAAAR left zone: zone4
[2026-07-03T08:14:41.549Z] Client 8buwE0orQQQ5MRIIAAAR joined zone: zone4
[2026-07-03T08:14:48.016Z] Client 8buwE0orQQQ5MRIIAAAR left zone: zone4
[2026-07-03T08:14:48.119Z] Client 8buwE0orQQQ5MRIIAAAR joined zone: zone2
[2026-07-03T08:14:48.120Z] Client 8buwE0orQQQ5MRIIAAAR left zone: zone2
[2026-07-03T08:14:48.120Z] Client 8buwE0orQQQ5MRIIAAAR joined zone: zone2
[2026-07-03T08:15:06.002Z] Client 8buwE0orQQQ5MRIIAAAR left zone: zone2
[2026-07-03T08:15:16.226Z] Client Z-I2QT278SoHO8jcAAAN left user room: user_VWEetfpP2jbTu7WCSGs3uSQDhKX2
[2026-07-03T08:15:16.251Z] Client Z-I2QT278SoHO8jcAAAN joined user room: user_VWEetfpP2jbTu7WCSGs3uSQDhKX2
[2026-07-03T08:15:16.253Z] Client Z-I2QT278SoHO8jcAAAN left user room: user_VWEetfpP2jbTu7WCSGs3uSQDhKX2
[2026-07-03T08:15:16.254Z] Client Z-I2QT278SoHO8jcAAAN joined user room: user_VWEetfpP2jbTu7WCSGs3uSQDhKX2
[2026-07-03T08:16:55.814Z] Client disconnected: Z-I2QT278SoHO8jcAAAN
[2026-07-03T08:16:55.833Z] Client disconnected: 8buwE0orQQQ5MRIIAAAR
[2026-07-03T08:17:07.196Z] Client connected: 56dTf97nK-x-iPtLAAAT
[2026-07-03T08:17:08.136Z] Client 56dTf97nK-x-iPtLAAAT joined user room: user_VWEetfpP2jbTu7WCSGs3uSQDhKX2
[2026-07-03T08:17:08.139Z] Client 56dTf97nK-x-iPtLAAAT left user room: user_VWEetfpP2jbTu7WCSGs3uSQDhKX2
[2026-07-03T08:17:08.141Z] Client 56dTf97nK-x-iPtLAAAT joined user room: user_VWEetfpP2jbTu7WCSGs3uSQDhKX2
[2026-07-03T08:17:08.142Z] Client 56dTf97nK-x-iPtLAAAT joined user room: user_VWEetfpP2jbTu7WCSGs3uSQDhKX2
[2026-07-03T08:18:00.292Z] Client disconnected: 56dTf97nK-x-iPtLAAAT
[2026-07-03T08:18:01.818Z] Client connected: qnSNTkHbY6rHxAIYAAAV
[2026-07-03T08:18:01.875Z] Client qnSNTkHbY6rHxAIYAAAV joined user room: user_VWEetfpP2jbTu7WCSGs3uSQDhKX2
[2026-07-03T08:18:01.968Z] Client qnSNTkHbY6rHxAIYAAAV left user room: user_VWEetfpP2jbTu7WCSGs3uSQDhKX2
[2026-07-03T08:18:01.976Z] Client qnSNTkHbY6rHxAIYAAAV joined user room: user_VWEetfpP2jbTu7WCSGs3uSQDhKX2
[2026-07-03T08:18:01.978Z] Client qnSNTkHbY6rHxAIYAAAV joined user room: user_VWEetfpP2jbTu7WCSGs3uSQDhKX2
[2026-07-03T08:18:12.882Z] Client connected: IeGPgfmKqtj3olXBAAAX
[2026-07-03T08:18:12.899Z] Client IeGPgfmKqtj3olXBAAAX joined user room: user_n8L5nrvKrQQYyf5cdVSH0exSQJL2
[2026-07-03T08:18:13.025Z] Client IeGPgfmKqtj3olXBAAAX left user room: user_n8L5nrvKrQQYyf5cdVSH0exSQJL2
[2026-07-03T08:18:13.026Z] Client IeGPgfmKqtj3olXBAAAX joined user room: user_n8L5nrvKrQQYyf5cdVSH0exSQJL2
[2026-07-03T08:18:13.026Z] Client IeGPgfmKqtj3olXBAAAX joined user room: user_n8L5nrvKrQQYyf5cdVSH0exSQJL2
[2026-07-03T08:24:31.342Z] Client qnSNTkHbY6rHxAIYAAAV left user room: user_VWEetfpP2jbTu7WCSGs3uSQDhKX2
[2026-07-03T08:24:31.374Z] Client qnSNTkHbY6rHxAIYAAAV joined user room: user_VWEetfpP2jbTu7WCSGs3uSQDhKX2
[2026-07-03T08:31:00.665Z] Client disconnected: IeGPgfmKqtj3olXBAAAX
[2026-07-03T08:31:00.674Z] Client disconnected: qnSNTkHbY6rHxAIYAAAV
[2026-07-03T08:37:05.020Z] Client connected: Fpa8oOyyb_uYCvMEAAAZ
[2026-07-03T08:37:05.635Z] Client connected: kCOEXV2usc1wL57kAAAb
[2026-07-03T08:37:05.825Z] Client Fpa8oOyyb_uYCvMEAAAZ joined user room: user_VWEetfpP2jbTu7WCSGs3uSQDhKX2
[2026-07-03T08:37:05.848Z] Client kCOEXV2usc1wL57kAAAb joined user room: user_n8L5nrvKrQQYyf5cdVSH0exSQJL2
[2026-07-03T08:38:32.285Z] Client kCOEXV2usc1wL57kAAAb left user room: user_n8L5nrvKrQQYyf5cdVSH0exSQJL2
[2026-07-03T08:38:32.380Z] Client kCOEXV2usc1wL57kAAAb joined zone: zone2
[2026-07-03T08:38:32.381Z] Client kCOEXV2usc1wL57kAAAb left zone: zone2
[2026-07-03T08:38:32.381Z] Client kCOEXV2usc1wL57kAAAb joined zone: zone2
[2026-07-03T08:39:40.347Z] Client Fpa8oOyyb_uYCvMEAAAZ left user room: user_VWEetfpP2jbTu7WCSGs3uSQDhKX2
[2026-07-03T08:39:40.375Z] Client Fpa8oOyyb_uYCvMEAAAZ joined user room: user_VWEetfpP2jbTu7WCSGs3uSQDhKX2
[2026-07-03T08:39:40.376Z] Client Fpa8oOyyb_uYCvMEAAAZ left user room: user_VWEetfpP2jbTu7WCSGs3uSQDhKX2
[2026-07-03T08:39:40.377Z] Client Fpa8oOyyb_uYCvMEAAAZ joined user room: user_VWEetfpP2jbTu7WCSGs3uSQDhKX2
[2026-07-03T08:39:57.314Z] Client disconnected: Fpa8oOyyb_uYCvMEAAAZ
[2026-07-03T08:39:58.650Z] Client connected: nltySyFdxZMW2RrvAAAd
[2026-07-03T08:39:58.958Z] Client nltySyFdxZMW2RrvAAAd joined user room: user_VWEetfpP2jbTu7WCSGs3uSQDhKX2
[2026-07-03T08:39:58.983Z] Client nltySyFdxZMW2RrvAAAd left user room: user_VWEetfpP2jbTu7WCSGs3uSQDhKX2
[2026-07-03T08:39:58.983Z] Client nltySyFdxZMW2RrvAAAd joined user room: user_VWEetfpP2jbTu7WCSGs3uSQDhKX2
[2026-07-03T08:39:58.986Z] Client nltySyFdxZMW2RrvAAAd joined user room: user_VWEetfpP2jbTu7WCSGs3uSQDhKX2
[2026-07-03T08:40:00.828Z] Client disconnected: kCOEXV2usc1wL57kAAAb
[2026-07-03T08:40:02.523Z] Client connected: pNM6BvBnZPxet67lAAAf
[2026-07-03T08:40:02.614Z] Client pNM6BvBnZPxet67lAAAf joined zone: zone2
[2026-07-03T08:40:02.640Z] Client pNM6BvBnZPxet67lAAAf left zone: zone2
[2026-07-03T08:40:02.645Z] Client pNM6BvBnZPxet67lAAAf joined zone: zone2
[2026-07-03T08:40:02.646Z] Client pNM6BvBnZPxet67lAAAf joined zone: zone2
[2026-07-03T08:40:11.500Z] Client disconnected: pNM6BvBnZPxet67lAAAf
[2026-07-03T08:40:12.423Z] Client connected: vfa_jb8oJNNdiNqmAAAh
[2026-07-03T08:40:12.469Z] Client vfa_jb8oJNNdiNqmAAAh joined zone: zone2
[2026-07-03T08:40:12.504Z] Client vfa_jb8oJNNdiNqmAAAh left zone: zone2
[2026-07-03T08:40:12.505Z] Client vfa_jb8oJNNdiNqmAAAh joined zone: zone2
[2026-07-03T08:40:12.506Z] Client vfa_jb8oJNNdiNqmAAAh joined zone: zone2
[2026-07-03T08:41:30.268Z] Client disconnected: nltySyFdxZMW2RrvAAAd
[2026-07-03T08:41:42.008Z] Client disconnected: vfa_jb8oJNNdiNqmAAAh
[2026-07-03T08:41:43.215Z] Client connected: NqdtfKL4tcvf16LjAAAj
[2026-07-03T08:41:43.250Z] Client NqdtfKL4tcvf16LjAAAj joined zone: zone2
[2026-07-03T08:41:43.464Z] Client NqdtfKL4tcvf16LjAAAj left zone: zone2
[2026-07-03T08:41:43.466Z] Client NqdtfKL4tcvf16LjAAAj joined zone: zone2
[2026-07-03T08:41:43.467Z] Client NqdtfKL4tcvf16LjAAAj joined zone: zone2
[2026-07-03T08:41:44.423Z] Client disconnected: NqdtfKL4tcvf16LjAAAj
[2026-07-03T08:41:58.412Z] Client connected: 5nY2zXpEBLr8rOcTAAAl
[2026-07-03T08:41:58.430Z] Client 5nY2zXpEBLr8rOcTAAAl joined zone: zone2
[2026-07-03T08:41:58.528Z] Client 5nY2zXpEBLr8rOcTAAAl left zone: zone2
[2026-07-03T08:41:58.529Z] Client 5nY2zXpEBLr8rOcTAAAl joined zone: zone2
[2026-07-03T08:41:58.530Z] Client 5nY2zXpEBLr8rOcTAAAl joined zone: zone2
[2026-07-03T08:42:01.979Z] Client 5nY2zXpEBLr8rOcTAAAl left zone: zone2
[2026-07-03T08:42:21.286Z] Client connected: amCQnof6CUT1vLJrAAAn
[2026-07-03T08:42:21.339Z] Client amCQnof6CUT1vLJrAAAn joined zone: zone1
[2026-07-03T08:42:21.340Z] Client amCQnof6CUT1vLJrAAAn left zone: zone1
[2026-07-03T08:42:21.340Z] Client amCQnof6CUT1vLJrAAAn joined zone: zone1
[2026-07-03T08:42:21.341Z] Client amCQnof6CUT1vLJrAAAn joined zone: zone1
[2026-07-03T08:42:25.942Z] Client amCQnof6CUT1vLJrAAAn left zone: zone1
[2026-07-03T08:42:26.005Z] Client amCQnof6CUT1vLJrAAAn joined user room: user_VWEetfpP2jbTu7WCSGs3uSQDhKX2
[2026-07-03T08:42:26.006Z] Client amCQnof6CUT1vLJrAAAn left user room: user_VWEetfpP2jbTu7WCSGs3uSQDhKX2
[2026-07-03T08:42:26.009Z] Client amCQnof6CUT1vLJrAAAn joined user room: user_VWEetfpP2jbTu7WCSGs3uSQDhKX2
[2026-07-03T08:48:02.675Z] Client 5nY2zXpEBLr8rOcTAAAl joined zone: zone2
[2026-07-03T08:48:02.908Z] Client 5nY2zXpEBLr8rOcTAAAl left zone: zone2
[2026-07-03T08:48:02.910Z] Client 5nY2zXpEBLr8rOcTAAAl joined zone: zone2
[2026-07-03T08:48:06.475Z] Client disconnected: 5nY2zXpEBLr8rOcTAAAl
[2026-07-03T08:48:08.634Z] Client connected: PbfsMmgq0h1bXeG6AAAp
[2026-07-03T08:48:08.690Z] Client PbfsMmgq0h1bXeG6AAAp joined zone: zone2
[2026-07-03T08:48:08.728Z] Client PbfsMmgq0h1bXeG6AAAp left zone: zone2
[2026-07-03T08:48:08.729Z] Client PbfsMmgq0h1bXeG6AAAp joined zone: zone2
[2026-07-03T08:48:08.731Z] Client PbfsMmgq0h1bXeG6AAAp joined zone: zone2
[2026-07-03T08:49:32.211Z] Initializing Socket.io...
[2026-07-03T08:49:42.887Z] Client connected: L0DKvxe8Lc3g-poiAAAC
[2026-07-03T08:49:42.890Z] Client connected: jbad6n7MkD_hlcH7AAAD
[2026-07-03T08:49:42.914Z] Client jbad6n7MkD_hlcH7AAAD joined zone: zone2
[2026-07-03T08:49:42.931Z] Client L0DKvxe8Lc3g-poiAAAC joined user room: user_VWEetfpP2jbTu7WCSGs3uSQDhKX2
[2026-07-03T08:51:06.846Z] Initializing Socket.io...
[2026-07-03T08:51:06.991Z] Client connected: Ju__aZqgj9kp7Nh_AAAC
[2026-07-03T08:51:07.006Z] Client connected: 0LgYoN-lpssZd7tPAAAD
[2026-07-03T08:51:07.044Z] Client Ju__aZqgj9kp7Nh_AAAC joined user room: user_VWEetfpP2jbTu7WCSGs3uSQDhKX2
[2026-07-03T08:51:07.064Z] Client 0LgYoN-lpssZd7tPAAAD joined zone: zone2
[2026-07-03T08:51:14.246Z] Initializing Socket.io...
[2026-07-03T08:51:14.359Z] Client connected: UtadkvGmnqtfu3JHAAAC
[2026-07-03T08:51:14.374Z] Client connected: l_eevAdj8vjXoVq9AAAD
[2026-07-03T08:51:14.424Z] Client UtadkvGmnqtfu3JHAAAC joined user room: user_VWEetfpP2jbTu7WCSGs3uSQDhKX2
[2026-07-03T08:51:14.428Z] Client l_eevAdj8vjXoVq9AAAD joined zone: zone2
[2026-07-03T08:57:50.309Z] Client disconnected: l_eevAdj8vjXoVq9AAAD
[2026-07-03T08:57:52.492Z] Client connected: OHYsa_U0jIpkVqcmAAAF
[2026-07-03T08:57:52.616Z] Client OHYsa_U0jIpkVqcmAAAF joined zone: zone2
[2026-07-03T08:57:52.658Z] Client OHYsa_U0jIpkVqcmAAAF left zone: zone2
[2026-07-03T08:57:52.659Z] Client OHYsa_U0jIpkVqcmAAAF joined zone: zone2
[2026-07-03T08:57:52.660Z] Client OHYsa_U0jIpkVqcmAAAF joined zone: zone2
[2026-07-03T08:58:46.512Z] Client UtadkvGmnqtfu3JHAAAC left user room: user_VWEetfpP2jbTu7WCSGs3uSQDhKX2
[2026-07-03T08:58:46.539Z] Client UtadkvGmnqtfu3JHAAAC joined user room: user_VWEetfpP2jbTu7WCSGs3uSQDhKX2
[2026-07-03T08:58:46.540Z] Client UtadkvGmnqtfu3JHAAAC left user room: user_VWEetfpP2jbTu7WCSGs3uSQDhKX2
[2026-07-03T08:58:46.541Z] Client UtadkvGmnqtfu3JHAAAC joined user room: user_VWEetfpP2jbTu7WCSGs3uSQDhKX2
[2026-07-03T08:59:20.856Z] Client UtadkvGmnqtfu3JHAAAC left user room: user_VWEetfpP2jbTu7WCSGs3uSQDhKX2
[2026-07-03T08:59:20.895Z] Client UtadkvGmnqtfu3JHAAAC joined user room: user_VWEetfpP2jbTu7WCSGs3uSQDhKX2
[2026-07-03T08:59:20.896Z] Client UtadkvGmnqtfu3JHAAAC left user room: user_VWEetfpP2jbTu7WCSGs3uSQDhKX2
[2026-07-03T08:59:20.896Z] Client UtadkvGmnqtfu3JHAAAC joined user room: user_VWEetfpP2jbTu7WCSGs3uSQDhKX2
[2026-07-03T09:00:07.125Z] Client UtadkvGmnqtfu3JHAAAC left user room: user_VWEetfpP2jbTu7WCSGs3uSQDhKX2
[2026-07-03T09:00:07.145Z] Client UtadkvGmnqtfu3JHAAAC joined user room: user_VWEetfpP2jbTu7WCSGs3uSQDhKX2
[2026-07-03T09:00:07.146Z] Client UtadkvGmnqtfu3JHAAAC left user room: user_VWEetfpP2jbTu7WCSGs3uSQDhKX2
[2026-07-03T09:00:07.147Z] Client UtadkvGmnqtfu3JHAAAC joined user room: user_VWEetfpP2jbTu7WCSGs3uSQDhKX2
[2026-07-03T09:00:50.298Z] Client UtadkvGmnqtfu3JHAAAC left user room: user_VWEetfpP2jbTu7WCSGs3uSQDhKX2
[2026-07-03T09:00:50.354Z] Client UtadkvGmnqtfu3JHAAAC joined user room: user_VWEetfpP2jbTu7WCSGs3uSQDhKX2
[2026-07-03T09:00:50.355Z] Client UtadkvGmnqtfu3JHAAAC left user room: user_VWEetfpP2jbTu7WCSGs3uSQDhKX2
[2026-07-03T09:00:50.358Z] Client UtadkvGmnqtfu3JHAAAC joined user room: user_VWEetfpP2jbTu7WCSGs3uSQDhKX2
[2026-07-03T09:01:04.181Z] Client disconnected: OHYsa_U0jIpkVqcmAAAF
[2026-07-03T09:01:06.185Z] Client connected: hKS1M2CJf9eKXap7AAAH
[2026-07-03T09:01:06.265Z] Client hKS1M2CJf9eKXap7AAAH joined zone: zone2
[2026-07-03T09:01:06.266Z] Client hKS1M2CJf9eKXap7AAAH left zone: zone2
[2026-07-03T09:01:06.267Z] Client hKS1M2CJf9eKXap7AAAH joined zone: zone2
[2026-07-03T09:01:06.268Z] Client hKS1M2CJf9eKXap7AAAH joined zone: zone2
[2026-07-03T09:01:10.534Z] Client disconnected: hKS1M2CJf9eKXap7AAAH
[2026-07-03T09:01:11.608Z] Client connected: -J77An8DHLljtCZ5AAAJ
[2026-07-03T09:01:11.647Z] Client -J77An8DHLljtCZ5AAAJ joined zone: zone2
[2026-07-03T09:01:11.664Z] Client -J77An8DHLljtCZ5AAAJ left zone: zone2
[2026-07-03T09:01:11.664Z] Client -J77An8DHLljtCZ5AAAJ joined zone: zone2
[2026-07-03T09:01:11.666Z] Client -J77An8DHLljtCZ5AAAJ joined zone: zone2
[2026-07-03T09:03:05.032Z] Initializing Socket.io...
[2026-07-03T09:03:06.891Z] Client connected: lV4P1n0BZnIbguNdAAAB
[2026-07-03T09:03:06.915Z] Client lV4P1n0BZnIbguNdAAAB joined user room: user_VWEetfpP2jbTu7WCSGs3uSQDhKX2
[2026-07-03T09:03:12.808Z] Client connected: oIi848rcNjgXDRXeAAAD
[2026-07-03T09:03:12.826Z] Client oIi848rcNjgXDRXeAAAD joined zone: zone2
[2026-07-03T09:03:57.324Z] Initializing Socket.io...
[2026-07-03T09:03:59.752Z] Client disconnected: oIi848rcNjgXDRXeAAAD
[2026-07-03T09:04:42.971Z] Client disconnected: lV4P1n0BZnIbguNdAAAB
[2026-07-03T09:04:55.645Z] Client connected: zqd0FFe1kXU08us9AAAG
[2026-07-03T09:04:55.763Z] Client zqd0FFe1kXU08us9AAAG joined zone: zone2
[2026-07-03T09:04:55.845Z] Client zqd0FFe1kXU08us9AAAG left zone: zone2
[2026-07-03T09:04:55.846Z] Client zqd0FFe1kXU08us9AAAG joined zone: zone2
[2026-07-03T09:04:55.847Z] Client zqd0FFe1kXU08us9AAAG joined zone: zone2
[2026-07-03T09:04:55.999Z] Client connected: RcI3xNIZmhDf0odOAAAH
[2026-07-03T09:04:56.162Z] Client RcI3xNIZmhDf0odOAAAH joined user room: user_VWEetfpP2jbTu7WCSGs3uSQDhKX2
[2026-07-03T09:04:56.283Z] Client RcI3xNIZmhDf0odOAAAH left user room: user_VWEetfpP2jbTu7WCSGs3uSQDhKX2
[2026-07-03T09:04:56.284Z] Client RcI3xNIZmhDf0odOAAAH joined user room: user_VWEetfpP2jbTu7WCSGs3uSQDhKX2
[2026-07-03T09:04:56.285Z] Client RcI3xNIZmhDf0odOAAAH joined user room: user_VWEetfpP2jbTu7WCSGs3uSQDhKX2
[2026-07-03T09:06:01.192Z] Initializing Socket.io...
[2026-07-03T09:06:02.902Z] Client connected: 4aIArJjJSS9kcOpmAAAB
[2026-07-03T09:06:02.929Z] Client 4aIArJjJSS9kcOpmAAAB joined zone: zone2
[2026-07-03T09:06:03.036Z] Client 4aIArJjJSS9kcOpmAAAB left zone: zone2
[2026-07-03T09:06:03.037Z] Client 4aIArJjJSS9kcOpmAAAB joined zone: zone2
[2026-07-03T09:06:03.038Z] Client 4aIArJjJSS9kcOpmAAAB joined zone: zone2
[2026-07-03T09:06:24.657Z] Initializing Socket.io...
[2026-07-03T09:06:30.404Z] Client connected: I7SPH4tge6BRkK-5AAAB
[2026-07-03T09:06:30.438Z] Client I7SPH4tge6BRkK-5AAAB joined zone: zone2
[2026-07-03T09:06:54.794Z] Client disconnected: I7SPH4tge6BRkK-5AAAB
[2026-07-03T09:06:57.930Z] Client connected: lMkdvP7Kanynr9jcAAAD
[2026-07-03T09:06:58.013Z] Client lMkdvP7Kanynr9jcAAAD joined zone: zone2
[2026-07-03T09:06:58.152Z] Client lMkdvP7Kanynr9jcAAAD left zone: zone2
[2026-07-03T09:06:58.154Z] Client lMkdvP7Kanynr9jcAAAD joined zone: zone2
[2026-07-03T09:06:58.155Z] Client lMkdvP7Kanynr9jcAAAD joined zone: zone2
[2026-07-03T09:07:03.866Z] Client connected: rLasCtIHsczi4yA6AAAF
[2026-07-03T09:07:04.067Z] Client rLasCtIHsczi4yA6AAAF joined user room: user_VWEetfpP2jbTu7WCSGs3uSQDhKX2
[2026-07-03T09:07:04.144Z] Client rLasCtIHsczi4yA6AAAF left user room: user_VWEetfpP2jbTu7WCSGs3uSQDhKX2
[2026-07-03T09:07:04.146Z] Client rLasCtIHsczi4yA6AAAF joined user room: user_VWEetfpP2jbTu7WCSGs3uSQDhKX2
[2026-07-03T09:07:04.148Z] Client rLasCtIHsczi4yA6AAAF joined user room: user_VWEetfpP2jbTu7WCSGs3uSQDhKX2
[2026-07-03T09:07:54.299Z] Client disconnected: rLasCtIHsczi4yA6AAAF
[2026-07-03T09:07:55.384Z] Client connected: rgEuhhDwqE6ock8LAAAH
[2026-07-03T09:07:55.497Z] Client rgEuhhDwqE6ock8LAAAH joined user room: user_VWEetfpP2jbTu7WCSGs3uSQDhKX2
[2026-07-03T09:07:55.708Z] Client rgEuhhDwqE6ock8LAAAH left user room: user_VWEetfpP2jbTu7WCSGs3uSQDhKX2
[2026-07-03T09:07:55.714Z] Client rgEuhhDwqE6ock8LAAAH joined user room: user_VWEetfpP2jbTu7WCSGs3uSQDhKX2
[2026-07-03T09:07:55.716Z] Client rgEuhhDwqE6ock8LAAAH joined user room: user_VWEetfpP2jbTu7WCSGs3uSQDhKX2
[2026-07-03T09:08:04.079Z] Client rgEuhhDwqE6ock8LAAAH left user room: user_VWEetfpP2jbTu7WCSGs3uSQDhKX2
[2026-07-03T09:08:04.141Z] Client rgEuhhDwqE6ock8LAAAH joined user room: user_VWEetfpP2jbTu7WCSGs3uSQDhKX2
[2026-07-03T09:08:04.142Z] Client rgEuhhDwqE6ock8LAAAH left user room: user_VWEetfpP2jbTu7WCSGs3uSQDhKX2
[2026-07-03T09:08:04.143Z] Client rgEuhhDwqE6ock8LAAAH joined user room: user_VWEetfpP2jbTu7WCSGs3uSQDhKX2
[2026-07-03T09:08:43.749Z] Client rgEuhhDwqE6ock8LAAAH left user room: user_VWEetfpP2jbTu7WCSGs3uSQDhKX2
[2026-07-03T09:08:43.821Z] Client rgEuhhDwqE6ock8LAAAH joined user room: user_VWEetfpP2jbTu7WCSGs3uSQDhKX2
[2026-07-03T09:08:43.823Z] Client rgEuhhDwqE6ock8LAAAH left user room: user_VWEetfpP2jbTu7WCSGs3uSQDhKX2
[2026-07-03T09:08:43.826Z] Client rgEuhhDwqE6ock8LAAAH joined user room: user_VWEetfpP2jbTu7WCSGs3uSQDhKX2
[2026-07-03T09:08:55.326Z] Emitted activeAdUpdated for zone: zone2
[2026-07-03T09:09:00.372Z] Client disconnected: lMkdvP7Kanynr9jcAAAD
[2026-07-03T09:09:01.244Z] Client connected: th--InB0zyE6Nw7nAAAJ
[2026-07-03T09:09:01.311Z] Client th--InB0zyE6Nw7nAAAJ joined zone: zone2
[2026-07-03T09:09:01.446Z] Client th--InB0zyE6Nw7nAAAJ left zone: zone2
[2026-07-03T09:09:01.454Z] Client th--InB0zyE6Nw7nAAAJ joined zone: zone2
[2026-07-03T09:09:01.455Z] Client th--InB0zyE6Nw7nAAAJ joined zone: zone2
[2026-07-03T09:09:11.306Z] Client rgEuhhDwqE6ock8LAAAH left user room: user_VWEetfpP2jbTu7WCSGs3uSQDhKX2
[2026-07-03T09:09:11.326Z] Client rgEuhhDwqE6ock8LAAAH joined user room: user_VWEetfpP2jbTu7WCSGs3uSQDhKX2
[2026-07-03T09:09:11.327Z] Client rgEuhhDwqE6ock8LAAAH left user room: user_VWEetfpP2jbTu7WCSGs3uSQDhKX2
[2026-07-03T09:09:11.328Z] Client rgEuhhDwqE6ock8LAAAH joined user room: user_VWEetfpP2jbTu7WCSGs3uSQDhKX2
[2026-07-03T09:14:20.134Z] Client th--InB0zyE6Nw7nAAAJ left zone: zone2
[2026-07-03T09:14:20.389Z] Client th--InB0zyE6Nw7nAAAJ joined zone: zone4
[2026-07-03T09:14:20.394Z] Client th--InB0zyE6Nw7nAAAJ left zone: zone4
[2026-07-03T09:14:20.396Z] Client th--InB0zyE6Nw7nAAAJ joined zone: zone4
[2026-07-03T09:14:27.666Z] Client th--InB0zyE6Nw7nAAAJ left zone: zone4
[2026-07-03T09:14:28.137Z] Client th--InB0zyE6Nw7nAAAJ joined zone: zone3
[2026-07-03T09:14:28.151Z] Client th--InB0zyE6Nw7nAAAJ left zone: zone3
[2026-07-03T09:14:28.152Z] Client th--InB0zyE6Nw7nAAAJ joined zone: zone3
[2026-07-03T09:14:55.533Z] Client rgEuhhDwqE6ock8LAAAH left user room: user_VWEetfpP2jbTu7WCSGs3uSQDhKX2
[2026-07-03T09:15:31.864Z] Client th--InB0zyE6Nw7nAAAJ left zone: zone3
[2026-07-03T09:15:31.961Z] Client th--InB0zyE6Nw7nAAAJ joined zone: zone2
[2026-07-03T09:15:31.962Z] Client th--InB0zyE6Nw7nAAAJ left zone: zone2
[2026-07-03T09:15:31.963Z] Client th--InB0zyE6Nw7nAAAJ joined zone: zone2
[2026-07-03T09:15:37.415Z] Client th--InB0zyE6Nw7nAAAJ left zone: zone2
[2026-07-03T09:15:50.785Z] Client rgEuhhDwqE6ock8LAAAH joined user room: user_VWEetfpP2jbTu7WCSGs3uSQDhKX2
[2026-07-03T09:15:50.805Z] Client rgEuhhDwqE6ock8LAAAH left user room: user_VWEetfpP2jbTu7WCSGs3uSQDhKX2
[2026-07-03T09:15:50.807Z] Client rgEuhhDwqE6ock8LAAAH joined user room: user_VWEetfpP2jbTu7WCSGs3uSQDhKX2
[2026-07-03T09:15:56.648Z] Client rgEuhhDwqE6ock8LAAAH left user room: user_VWEetfpP2jbTu7WCSGs3uSQDhKX2
[2026-07-03T09:15:56.686Z] Client rgEuhhDwqE6ock8LAAAH joined user room: user_VWEetfpP2jbTu7WCSGs3uSQDhKX2
[2026-07-03T09:15:56.687Z] Client rgEuhhDwqE6ock8LAAAH left user room: user_VWEetfpP2jbTu7WCSGs3uSQDhKX2
[2026-07-03T09:15:56.688Z] Client rgEuhhDwqE6ock8LAAAH joined user room: user_VWEetfpP2jbTu7WCSGs3uSQDhKX2
[2026-07-03T09:23:28.622Z] Client th--InB0zyE6Nw7nAAAJ joined zone: zone4
[2026-07-03T09:23:28.717Z] Client th--InB0zyE6Nw7nAAAJ left zone: zone4
[2026-07-03T09:23:28.718Z] Client th--InB0zyE6Nw7nAAAJ joined zone: zone4
[2026-07-03T09:23:57.636Z] Client rgEuhhDwqE6ock8LAAAH left user room: user_VWEetfpP2jbTu7WCSGs3uSQDhKX2
[2026-07-03T09:23:57.660Z] Client rgEuhhDwqE6ock8LAAAH joined user room: user_VWEetfpP2jbTu7WCSGs3uSQDhKX2
[2026-07-03T09:23:57.663Z] Client rgEuhhDwqE6ock8LAAAH left user room: user_VWEetfpP2jbTu7WCSGs3uSQDhKX2
[2026-07-03T09:23:57.663Z] Client rgEuhhDwqE6ock8LAAAH joined user room: user_VWEetfpP2jbTu7WCSGs3uSQDhKX2
[2026-07-03T09:24:13.212Z] Emitted activeAdUpdated for zone: zone3
[2026-07-03T09:24:18.636Z] Client disconnected: th--InB0zyE6Nw7nAAAJ
[2026-07-03T09:24:19.409Z] Client connected: LDRwWIxvqXMFCWiTAAAL
[2026-07-03T09:24:19.458Z] Client LDRwWIxvqXMFCWiTAAAL joined zone: zone4
[2026-07-03T09:24:19.482Z] Client LDRwWIxvqXMFCWiTAAAL left zone: zone4
[2026-07-03T09:24:19.483Z] Client LDRwWIxvqXMFCWiTAAAL joined zone: zone4
[2026-07-03T09:24:19.485Z] Client LDRwWIxvqXMFCWiTAAAL joined zone: zone4
[2026-07-03T09:24:29.160Z] Client LDRwWIxvqXMFCWiTAAAL left zone: zone4
[2026-07-03T09:24:38.460Z] Client LDRwWIxvqXMFCWiTAAAL joined user room: user_n8L5nrvKrQQYyf5cdVSH0exSQJL2
[2026-07-03T09:24:38.462Z] Client LDRwWIxvqXMFCWiTAAAL left user room: user_n8L5nrvKrQQYyf5cdVSH0exSQJL2
[2026-07-03T09:24:38.463Z] Client LDRwWIxvqXMFCWiTAAAL joined user room: user_n8L5nrvKrQQYyf5cdVSH0exSQJL2
[2026-07-03T09:25:13.622Z] Client LDRwWIxvqXMFCWiTAAAL left user room: user_n8L5nrvKrQQYyf5cdVSH0exSQJL2
[2026-07-03T09:25:30.790Z] Client rgEuhhDwqE6ock8LAAAH left user room: user_VWEetfpP2jbTu7WCSGs3uSQDhKX2
[2026-07-03T09:25:30.938Z] Client rgEuhhDwqE6ock8LAAAH joined zone: zone1
[2026-07-03T09:25:30.939Z] Client rgEuhhDwqE6ock8LAAAH left zone: zone1
[2026-07-03T09:25:30.940Z] Client rgEuhhDwqE6ock8LAAAH joined zone: zone1
[2026-07-03T09:25:33.127Z] Client disconnected: rgEuhhDwqE6ock8LAAAH
[2026-07-03T09:25:34.639Z] Client connected: mzP0T_CBD5eQ0dThAAAN
[2026-07-03T09:25:34.717Z] Client mzP0T_CBD5eQ0dThAAAN joined zone: zone1
[2026-07-03T09:25:34.770Z] Client mzP0T_CBD5eQ0dThAAAN left zone: zone1
[2026-07-03T09:25:34.771Z] Client mzP0T_CBD5eQ0dThAAAN joined zone: zone1
[2026-07-03T09:25:34.772Z] Client mzP0T_CBD5eQ0dThAAAN joined zone: zone1
[2026-07-03T09:25:39.417Z] Client LDRwWIxvqXMFCWiTAAAL joined zone: zone2
[2026-07-03T09:25:39.505Z] Client LDRwWIxvqXMFCWiTAAAL left zone: zone2
[2026-07-03T09:25:39.506Z] Client LDRwWIxvqXMFCWiTAAAL joined zone: zone2
[2026-07-03T09:25:55.962Z] Client disconnected: mzP0T_CBD5eQ0dThAAAN
[2026-07-03T09:25:56.470Z] Client connected: 3ninBTWCINCzpqAZAAAP
[2026-07-03T09:25:56.509Z] Client 3ninBTWCINCzpqAZAAAP joined zone: zone1
[2026-07-03T09:25:56.616Z] Client 3ninBTWCINCzpqAZAAAP left zone: zone1
[2026-07-03T09:25:56.617Z] Client 3ninBTWCINCzpqAZAAAP joined zone: zone1
[2026-07-03T09:25:56.617Z] Client 3ninBTWCINCzpqAZAAAP joined zone: zone1
[2026-07-03T09:26:42.289Z] Initializing Socket.io...
[2026-07-03T09:26:42.480Z] Client connected: Cb6x9cHTDM3Vf38oAAAB
[2026-07-03T09:26:42.670Z] Client Cb6x9cHTDM3Vf38oAAAB joined zone: zone2
[2026-07-03T09:26:42.851Z] Client connected: a3TrlK7LOawGk-NFAAAD
[2026-07-03T09:26:42.862Z] Client a3TrlK7LOawGk-NFAAAD joined zone: zone1
[2026-07-03T09:31:15.784Z] Initializing Socket.io...
[2026-07-03T09:31:16.876Z] Client connected: 0lXuplqPduOy6ZYgAAAB
[2026-07-03T09:31:16.895Z] Client 0lXuplqPduOy6ZYgAAAB joined zone: zone1
[2026-07-03T09:31:21.865Z] Client connected: 2Sx_FpYA7GmckDeKAAAD
[2026-07-03T09:31:21.884Z] Client 2Sx_FpYA7GmckDeKAAAD joined zone: zone2
[2026-07-03T09:32:10.055Z] Initializing Socket.io...
[2026-07-03T09:32:11.867Z] Client connected: o9jGvhceTGzoE01uAAAB
[2026-07-03T09:32:11.879Z] Client o9jGvhceTGzoE01uAAAB joined zone: zone2
[2026-07-03T09:32:12.846Z] Client connected: bz1W9O6qAEJ_fRqfAAAD
[2026-07-03T09:32:12.853Z] Client bz1W9O6qAEJ_fRqfAAAD joined zone: zone1
[2026-07-03T09:35:46.131Z] Client disconnected: bz1W9O6qAEJ_fRqfAAAD
[2026-07-03T09:35:47.360Z] Client connected: F2rAFHHQPYlzDIfjAAAF
[2026-07-03T09:35:47.428Z] Client F2rAFHHQPYlzDIfjAAAF joined zone: zone1
[2026-07-03T09:35:47.480Z] Client F2rAFHHQPYlzDIfjAAAF left zone: zone1
[2026-07-03T09:35:47.481Z] Client F2rAFHHQPYlzDIfjAAAF joined zone: zone1
[2026-07-03T09:35:47.482Z] Client F2rAFHHQPYlzDIfjAAAF joined zone: zone1
[2026-07-03T09:35:51.772Z] Client o9jGvhceTGzoE01uAAAB left zone: zone2
[2026-07-03T09:35:57.183Z] Client o9jGvhceTGzoE01uAAAB joined user room: user_n8L5nrvKrQQYyf5cdVSH0exSQJL2
[2026-07-03T09:35:57.185Z] Client o9jGvhceTGzoE01uAAAB left user room: user_n8L5nrvKrQQYyf5cdVSH0exSQJL2
[2026-07-03T09:35:57.186Z] Client o9jGvhceTGzoE01uAAAB joined user room: user_n8L5nrvKrQQYyf5cdVSH0exSQJL2
[2026-07-03T09:36:39.197Z] Client o9jGvhceTGzoE01uAAAB left user room: user_n8L5nrvKrQQYyf5cdVSH0exSQJL2
[2026-07-03T09:36:56.542Z] Client disconnected: o9jGvhceTGzoE01uAAAB
[2026-07-03T09:36:59.273Z] Client disconnected: F2rAFHHQPYlzDIfjAAAF
[2026-07-03T09:37:00.438Z] Client connected: ihaU6uR7qNjFryI4AAAH
[2026-07-03T09:37:00.529Z] Client ihaU6uR7qNjFryI4AAAH joined zone: zone1
[2026-07-03T09:37:00.580Z] Client ihaU6uR7qNjFryI4AAAH left zone: zone1
[2026-07-03T09:37:00.581Z] Client ihaU6uR7qNjFryI4AAAH joined zone: zone1
[2026-07-03T09:37:00.582Z] Client ihaU6uR7qNjFryI4AAAH joined zone: zone1
[2026-07-03T09:37:22.280Z] Initializing Socket.io...
[2026-07-03T09:37:22.367Z] Client connected: dxEUCARCHyfxnoJdAAAB
[2026-07-03T09:37:22.377Z] Client dxEUCARCHyfxnoJdAAAB joined zone: zone1
[2026-07-03T09:37:26.238Z] Client disconnected: dxEUCARCHyfxnoJdAAAB
[2026-07-03T09:37:27.541Z] Client connected: _JHSnC_Z-F4jzC2cAAAD
[2026-07-03T09:37:28.369Z] Client _JHSnC_Z-F4jzC2cAAAD joined zone: zone1
[2026-07-03T09:37:28.400Z] Client _JHSnC_Z-F4jzC2cAAAD left zone: zone1
[2026-07-03T09:37:28.405Z] Client _JHSnC_Z-F4jzC2cAAAD joined zone: zone1
[2026-07-03T09:37:28.406Z] Client _JHSnC_Z-F4jzC2cAAAD joined zone: zone1
[2026-07-03T09:37:51.016Z] Client connected: P_Fic7hgxxEYQ7POAAAF
[2026-07-03T09:37:51.024Z] Client P_Fic7hgxxEYQ7POAAAF joined user room: user_n8L5nrvKrQQYyf5cdVSH0exSQJL2
[2026-07-03T09:37:51.125Z] Client P_Fic7hgxxEYQ7POAAAF left user room: user_n8L5nrvKrQQYyf5cdVSH0exSQJL2
[2026-07-03T09:37:51.126Z] Client P_Fic7hgxxEYQ7POAAAF joined user room: user_n8L5nrvKrQQYyf5cdVSH0exSQJL2
[2026-07-03T09:37:51.126Z] Client P_Fic7hgxxEYQ7POAAAF joined user room: user_n8L5nrvKrQQYyf5cdVSH0exSQJL2
[2026-07-03T09:38:20.257Z] Client P_Fic7hgxxEYQ7POAAAF left user room: user_n8L5nrvKrQQYyf5cdVSH0exSQJL2
[2026-07-03T09:38:23.623Z] Client disconnected: P_Fic7hgxxEYQ7POAAAF
[2026-07-03T09:38:36.703Z] Emitted activeAdUpdated for zone: zone1
[2026-07-03T09:38:40.275Z] Client disconnected: _JHSnC_Z-F4jzC2cAAAD
[2026-07-03T09:38:40.772Z] Client connected: nbB2wCkdFaxZ71LgAAAH
[2026-07-03T09:38:40.820Z] Client nbB2wCkdFaxZ71LgAAAH joined zone: zone1
[2026-07-03T09:38:40.924Z] Client nbB2wCkdFaxZ71LgAAAH left zone: zone1
[2026-07-03T09:38:40.925Z] Client nbB2wCkdFaxZ71LgAAAH joined zone: zone1
[2026-07-03T09:38:40.927Z] Client nbB2wCkdFaxZ71LgAAAH joined zone: zone1
[2026-07-03T07:44:52.907Z] Initializing Socket.io...
[2026-07-03T07:46:11.474Z] Client connected: vqDVg1mqUd633mp0AAAB
[2026-07-03T07:46:11.486Z] Client vqDVg1mqUd633mp0AAAB joined zone: zone2
[2026-07-03T07:46:11.591Z] Client vqDVg1mqUd633mp0AAAB left zone: zone2
[2026-07-03T07:46:11.593Z] Client vqDVg1mqUd633mp0AAAB joined zone: zone2
[2026-07-03T07:46:11.594Z] Client vqDVg1mqUd633mp0AAAB joined zone: zone2
[2026-07-03T07:46:16.719Z] Client vqDVg1mqUd633mp0AAAB left zone: zone2
[2026-07-03T07:46:32.918Z] Client vqDVg1mqUd633mp0AAAB joined zone: zone2
[2026-07-03T07:46:32.957Z] Client vqDVg1mqUd633mp0AAAB left zone: zone2
[2026-07-03T07:46:32.958Z] Client vqDVg1mqUd633mp0AAAB joined zone: zone2
[2026-07-03T07:47:11.159Z] Client vqDVg1mqUd633mp0AAAB left zone: zone2
[2026-07-03T07:47:11.197Z] Client vqDVg1mqUd633mp0AAAB joined zone: zone4
[2026-07-03T07:47:11.198Z] Client vqDVg1mqUd633mp0AAAB left zone: zone4
[2026-07-03T07:47:11.198Z] Client vqDVg1mqUd633mp0AAAB joined zone: zone4
[2026-07-03T07:47:12.898Z] Client vqDVg1mqUd633mp0AAAB left zone: zone4
[2026-07-03T07:47:23.884Z] Client vqDVg1mqUd633mp0AAAB joined zone: zone2
[2026-07-03T07:47:23.922Z] Client vqDVg1mqUd633mp0AAAB left zone: zone2
[2026-07-03T07:47:23.923Z] Client vqDVg1mqUd633mp0AAAB joined zone: zone2
[2026-07-03T07:47:24.754Z] Client vqDVg1mqUd633mp0AAAB left zone: zone2
[2026-07-03T07:47:24.796Z] Client vqDVg1mqUd633mp0AAAB joined zone: zone4
[2026-07-03T07:47:24.797Z] Client vqDVg1mqUd633mp0AAAB left zone: zone4
[2026-07-03T07:47:24.798Z] Client vqDVg1mqUd633mp0AAAB joined zone: zone4
[2026-07-03T07:47:33.040Z] Client vqDVg1mqUd633mp0AAAB left zone: zone4
[2026-07-03T07:47:42.085Z] Client vqDVg1mqUd633mp0AAAB joined zone: zone4
[2026-07-03T07:47:42.118Z] Client vqDVg1mqUd633mp0AAAB left zone: zone4
[2026-07-03T07:47:42.119Z] Client vqDVg1mqUd633mp0AAAB joined zone: zone4
[2026-07-03T07:47:54.172Z] Client vqDVg1mqUd633mp0AAAB left zone: zone4
[2026-07-03T07:47:54.569Z] Client vqDVg1mqUd633mp0AAAB joined zone: zone3
[2026-07-03T07:47:54.571Z] Client vqDVg1mqUd633mp0AAAB left zone: zone3
[2026-07-03T07:47:54.572Z] Client vqDVg1mqUd633mp0AAAB joined zone: zone3
[2026-07-03T07:48:06.714Z] Client vqDVg1mqUd633mp0AAAB left zone: zone3
[2026-07-03T07:48:06.757Z] Client vqDVg1mqUd633mp0AAAB joined zone: zone4
[2026-07-03T07:48:06.758Z] Client vqDVg1mqUd633mp0AAAB left zone: zone4
[2026-07-03T07:48:06.758Z] Client vqDVg1mqUd633mp0AAAB joined zone: zone4
[2026-07-03T07:48:10.444Z] Client vqDVg1mqUd633mp0AAAB left zone: zone4
[2026-07-03T07:48:11.821Z] Client vqDVg1mqUd633mp0AAAB joined user room: user_n8L5nrvKrQQYyf5cdVSH0exSQJL2
[2026-07-03T07:48:11.824Z] Client vqDVg1mqUd633mp0AAAB left user room: user_n8L5nrvKrQQYyf5cdVSH0exSQJL2
[2026-07-03T07:48:11.825Z] Client vqDVg1mqUd633mp0AAAB joined user room: user_n8L5nrvKrQQYyf5cdVSH0exSQJL2
[2026-07-03T07:48:14.304Z] Client vqDVg1mqUd633mp0AAAB left user room: user_n8L5nrvKrQQYyf5cdVSH0exSQJL2
[2026-07-03T07:48:14.345Z] Client vqDVg1mqUd633mp0AAAB joined zone: zone2
[2026-07-03T07:48:14.346Z] Client vqDVg1mqUd633mp0AAAB left zone: zone2
[2026-07-03T07:48:14.346Z] Client vqDVg1mqUd633mp0AAAB joined zone: zone2
[2026-07-03T07:48:20.058Z] Client vqDVg1mqUd633mp0AAAB left zone: zone2
[2026-07-03T07:48:20.100Z] Client vqDVg1mqUd633mp0AAAB joined zone: zone4
[2026-07-03T07:48:20.101Z] Client vqDVg1mqUd633mp0AAAB left zone: zone4
[2026-07-03T07:48:20.102Z] Client vqDVg1mqUd633mp0AAAB joined zone: zone4
[2026-07-03T07:48:23.830Z] Client vqDVg1mqUd633mp0AAAB left zone: zone4
[2026-07-03T07:48:26.891Z] Client vqDVg1mqUd633mp0AAAB joined user room: user_n8L5nrvKrQQYyf5cdVSH0exSQJL2
[2026-07-03T07:48:26.894Z] Client vqDVg1mqUd633mp0AAAB left user room: user_n8L5nrvKrQQYyf5cdVSH0exSQJL2
[2026-07-03T07:48:26.894Z] Client vqDVg1mqUd633mp0AAAB joined user room: user_n8L5nrvKrQQYyf5cdVSH0exSQJL2
[2026-07-03T07:48:48.473Z] Client vqDVg1mqUd633mp0AAAB left user room: user_n8L5nrvKrQQYyf5cdVSH0exSQJL2
[2026-07-03T07:48:48.531Z] Client vqDVg1mqUd633mp0AAAB joined zone: zone2
[2026-07-03T07:48:48.532Z] Client vqDVg1mqUd633mp0AAAB left zone: zone2
[2026-07-03T07:48:48.532Z] Client vqDVg1mqUd633mp0AAAB joined zone: zone2
[2026-07-03T07:48:56.588Z] Client vqDVg1mqUd633mp0AAAB left zone: zone2
[2026-07-03T07:50:46.923Z] Client vqDVg1mqUd633mp0AAAB joined zone: zone5
[2026-07-03T07:50:46.931Z] Client vqDVg1mqUd633mp0AAAB left zone: zone5
[2026-07-03T07:50:46.933Z] Client vqDVg1mqUd633mp0AAAB joined zone: zone5
[2026-07-03T07:56:50.351Z] Client connected: XsBxe4qF9Wmg_8NrAAAD
[2026-07-03T07:56:50.362Z] Client XsBxe4qF9Wmg_8NrAAAD joined zone: zone2
[2026-07-03T07:56:50.366Z] Client XsBxe4qF9Wmg_8NrAAAD left zone: zone2
[2026-07-03T07:56:50.367Z] Client XsBxe4qF9Wmg_8NrAAAD joined zone: zone2
[2026-07-03T07:56:50.368Z] Client XsBxe4qF9Wmg_8NrAAAD joined zone: zone2
[2026-07-03T07:56:56.646Z] Client disconnected: vqDVg1mqUd633mp0AAAB
[2026-07-03T07:59:19.345Z] Client XsBxe4qF9Wmg_8NrAAAD left zone: zone2
[2026-07-03T07:59:19.386Z] Client XsBxe4qF9Wmg_8NrAAAD joined zone: zone4
[2026-07-03T07:59:19.387Z] Client XsBxe4qF9Wmg_8NrAAAD left zone: zone4
[2026-07-03T07:59:19.387Z] Client XsBxe4qF9Wmg_8NrAAAD joined zone: zone4
[2026-07-03T07:59:20.852Z] Client XsBxe4qF9Wmg_8NrAAAD left zone: zone4
[2026-07-03T07:59:25.456Z] Client XsBxe4qF9Wmg_8NrAAAD joined user room: user_n8L5nrvKrQQYyf5cdVSH0exSQJL2
[2026-07-03T07:59:25.462Z] Client XsBxe4qF9Wmg_8NrAAAD left user room: user_n8L5nrvKrQQYyf5cdVSH0exSQJL2
[2026-07-03T07:59:25.462Z] Client XsBxe4qF9Wmg_8NrAAAD joined user room: user_n8L5nrvKrQQYyf5cdVSH0exSQJL2
[2026-07-03T07:59:27.896Z] Client XsBxe4qF9Wmg_8NrAAAD left user room: user_n8L5nrvKrQQYyf5cdVSH0exSQJL2
[2026-07-03T07:59:27.936Z] Client XsBxe4qF9Wmg_8NrAAAD joined zone: zone2
[2026-07-03T07:59:27.937Z] Client XsBxe4qF9Wmg_8NrAAAD left zone: zone2
[2026-07-03T07:59:27.938Z] Client XsBxe4qF9Wmg_8NrAAAD joined zone: zone2
[2026-07-03T07:59:47.640Z] Client disconnected: XsBxe4qF9Wmg_8NrAAAD
[2026-07-03T08:00:50.994Z] Client connected: TX6JVTOA1gqwpjV2AAAF
[2026-07-03T08:00:51.066Z] Client TX6JVTOA1gqwpjV2AAAF joined zone: zone2
[2026-07-03T08:00:51.138Z] Client TX6JVTOA1gqwpjV2AAAF left zone: zone2
[2026-07-03T08:00:51.138Z] Client TX6JVTOA1gqwpjV2AAAF joined zone: zone2
[2026-07-03T08:00:51.139Z] Client TX6JVTOA1gqwpjV2AAAF joined zone: zone2
[2026-07-03T08:01:53.135Z] Client TX6JVTOA1gqwpjV2AAAF left zone: zone2
[2026-07-03T08:02:03.333Z] Client TX6JVTOA1gqwpjV2AAAF joined zone: zone2
[2026-07-03T08:02:03.373Z] Client TX6JVTOA1gqwpjV2AAAF left zone: zone2
[2026-07-03T08:02:03.373Z] Client TX6JVTOA1gqwpjV2AAAF joined zone: zone2
[2026-07-03T08:04:08.316Z] Client TX6JVTOA1gqwpjV2AAAF left zone: zone2
[2026-07-03T08:04:08.391Z] Client TX6JVTOA1gqwpjV2AAAF joined zone: zone2
[2026-07-03T08:04:11.761Z] Client disconnected: TX6JVTOA1gqwpjV2AAAF
[2026-07-03T08:04:12.669Z] Client connected: Ct7UIyQ8MoTSiSRyAAAH
[2026-07-03T08:04:12.729Z] Client Ct7UIyQ8MoTSiSRyAAAH joined zone: zone2
[2026-07-03T08:04:12.750Z] Client Ct7UIyQ8MoTSiSRyAAAH left zone: zone2
[2026-07-03T08:04:12.750Z] Client Ct7UIyQ8MoTSiSRyAAAH joined zone: zone2
[2026-07-03T08:04:12.751Z] Client Ct7UIyQ8MoTSiSRyAAAH joined zone: zone2
[2026-07-03T08:05:40.408Z] Client Ct7UIyQ8MoTSiSRyAAAH left zone: zone2
[2026-07-03T08:05:46.969Z] Client Ct7UIyQ8MoTSiSRyAAAH joined zone: zone2
[2026-07-03T08:05:47.004Z] Client Ct7UIyQ8MoTSiSRyAAAH left zone: zone2
[2026-07-03T08:05:47.005Z] Client Ct7UIyQ8MoTSiSRyAAAH joined zone: zone2
[2026-07-03T08:07:01.098Z] Initializing Socket.io...
[2026-07-03T08:07:03.860Z] Client connected: 1G5moppVo58BYW6dAAAB
[2026-07-03T08:07:03.872Z] Client 1G5moppVo58BYW6dAAAB joined zone: zone2
[2026-07-03T08:07:33.105Z] Client disconnected: 1G5moppVo58BYW6dAAAB
[2026-07-03T08:07:53.328Z] Client connected: EILsDDLz_L7dlJRlAAAD
[2026-07-03T08:07:53.382Z] Client EILsDDLz_L7dlJRlAAAD joined zone: zone2
[2026-07-03T08:07:53.393Z] Client EILsDDLz_L7dlJRlAAAD left zone: zone2
[2026-07-03T08:07:53.393Z] Client EILsDDLz_L7dlJRlAAAD joined zone: zone2
[2026-07-03T08:07:53.394Z] Client EILsDDLz_L7dlJRlAAAD joined zone: zone2
[2026-07-03T08:08:34.877Z] Client EILsDDLz_L7dlJRlAAAD left zone: zone2
[2026-07-03T08:08:35.025Z] Client EILsDDLz_L7dlJRlAAAD joined zone: zone2
[2026-07-03T08:08:36.673Z] Client disconnected: EILsDDLz_L7dlJRlAAAD
[2026-07-03T08:08:37.649Z] Client connected: jpLrQn40a0XsR32PAAAF
[2026-07-03T08:08:37.714Z] Client jpLrQn40a0XsR32PAAAF joined zone: zone2
[2026-07-03T08:08:37.727Z] Client jpLrQn40a0XsR32PAAAF left zone: zone2
[2026-07-03T08:08:37.728Z] Client jpLrQn40a0XsR32PAAAF joined zone: zone2
[2026-07-03T08:08:37.728Z] Client jpLrQn40a0XsR32PAAAF joined zone: zone2
[2026-07-03T08:09:31.988Z] Client disconnected: jpLrQn40a0XsR32PAAAF
[2026-07-03T08:09:48.813Z] Client connected: eseCuA8eAjQXgbsPAAAH
[2026-07-03T08:09:48.824Z] Client eseCuA8eAjQXgbsPAAAH joined zone: zone5
[2026-07-03T08:09:48.928Z] Client eseCuA8eAjQXgbsPAAAH left zone: zone5
[2026-07-03T08:09:48.929Z] Client eseCuA8eAjQXgbsPAAAH joined zone: zone5
[2026-07-03T08:09:48.930Z] Client eseCuA8eAjQXgbsPAAAH joined zone: zone5
[2026-07-03T08:09:51.480Z] Client disconnected: eseCuA8eAjQXgbsPAAAH
[2026-07-03T08:10:14.824Z] Client connected: xP_5nhEsPtbTQnwJAAAJ
[2026-07-03T08:10:14.834Z] Client xP_5nhEsPtbTQnwJAAAJ joined zone: zone2
[2026-07-03T08:10:14.939Z] Client xP_5nhEsPtbTQnwJAAAJ left zone: zone2
[2026-07-03T08:10:14.939Z] Client xP_5nhEsPtbTQnwJAAAJ joined zone: zone2
[2026-07-03T08:10:14.940Z] Client xP_5nhEsPtbTQnwJAAAJ joined zone: zone2
[2026-07-03T08:10:18.178Z] Client xP_5nhEsPtbTQnwJAAAJ left zone: zone2
[2026-07-03T08:11:42.748Z] Client disconnected: xP_5nhEsPtbTQnwJAAAJ
[2026-07-03T08:11:49.352Z] Client connected: hhFy7OL3sRAvrzs9AAAL
[2026-07-03T08:11:49.360Z] Client hhFy7OL3sRAvrzs9AAAL joined zone: zone2
[2026-07-03T08:11:49.482Z] Client hhFy7OL3sRAvrzs9AAAL left zone: zone2
[2026-07-03T08:11:49.483Z] Client hhFy7OL3sRAvrzs9AAAL joined zone: zone2
[2026-07-03T08:11:49.484Z] Client hhFy7OL3sRAvrzs9AAAL joined zone: zone2
[2026-07-03T08:11:53.879Z] Client hhFy7OL3sRAvrzs9AAAL left zone: zone2
[2026-07-03T08:12:26.445Z] Client hhFy7OL3sRAvrzs9AAAL joined zone: zone2
[2026-07-03T08:12:26.485Z] Client hhFy7OL3sRAvrzs9AAAL left zone: zone2
[2026-07-03T08:12:26.486Z] Client hhFy7OL3sRAvrzs9AAAL joined zone: zone2
[2026-07-03T08:12:30.893Z] Client hhFy7OL3sRAvrzs9AAAL left zone: zone2
[2026-07-03T08:12:35.309Z] Client disconnected: hhFy7OL3sRAvrzs9AAAL
[2026-07-03T08:13:07.897Z] Initializing Socket.io...
[2026-07-03T08:13:17.855Z] Initializing Socket.io...
[2026-07-03T08:14:14.970Z] Initializing Socket.io...
[2026-07-03T08:14:50.443Z] Client connected: ewVpKSG2nPMkcwpiAAAB
[2026-07-03T08:14:50.454Z] Client ewVpKSG2nPMkcwpiAAAB joined zone: zone2
[2026-07-03T08:14:50.571Z] Client ewVpKSG2nPMkcwpiAAAB left zone: zone2
[2026-07-03T08:14:50.572Z] Client ewVpKSG2nPMkcwpiAAAB joined zone: zone2
[2026-07-03T08:14:50.574Z] Client ewVpKSG2nPMkcwpiAAAB joined zone: zone2
[2026-07-03T08:14:56.123Z] Client ewVpKSG2nPMkcwpiAAAB left zone: zone2
[2026-07-03T08:14:59.221Z] Client disconnected: ewVpKSG2nPMkcwpiAAAB
[2026-07-03T08:15:27.945Z] Client connected: Q__rFCRNHrvdLQYiAAAD
[2026-07-03T08:15:27.951Z] Client Q__rFCRNHrvdLQYiAAAD joined zone: zone2
[2026-07-03T08:15:28.063Z] Client Q__rFCRNHrvdLQYiAAAD left zone: zone2
[2026-07-03T08:15:28.064Z] Client Q__rFCRNHrvdLQYiAAAD joined zone: zone2
[2026-07-03T08:15:28.066Z] Client Q__rFCRNHrvdLQYiAAAD joined zone: zone2
[2026-07-03T08:15:34.366Z] Client Q__rFCRNHrvdLQYiAAAD left zone: zone2
[2026-07-03T08:15:49.040Z] Client Q__rFCRNHrvdLQYiAAAD joined zone: zone2
[2026-07-03T08:15:49.083Z] Client Q__rFCRNHrvdLQYiAAAD left zone: zone2
[2026-07-03T08:15:49.084Z] Client Q__rFCRNHrvdLQYiAAAD joined zone: zone2
[2026-07-03T08:15:52.363Z] Client Q__rFCRNHrvdLQYiAAAD left zone: zone2
[2026-07-03T08:16:15.267Z] Client disconnected: Q__rFCRNHrvdLQYiAAAD
[2026-07-03T08:17:01.898Z] Client connected: Hp_0zyYcez0n_MAcAAAF
[2026-07-03T08:17:01.909Z] Client Hp_0zyYcez0n_MAcAAAF joined zone: zone2
[2026-07-03T08:17:02.022Z] Client Hp_0zyYcez0n_MAcAAAF left zone: zone2
[2026-07-03T08:17:02.024Z] Client Hp_0zyYcez0n_MAcAAAF joined zone: zone2
[2026-07-03T08:17:02.025Z] Client Hp_0zyYcez0n_MAcAAAF joined zone: zone2
[2026-07-03T08:17:06.124Z] Client Hp_0zyYcez0n_MAcAAAF left zone: zone2
[2026-07-03T08:19:34.020Z] Client disconnected: Hp_0zyYcez0n_MAcAAAF
[2026-07-03T08:19:41.798Z] Client connected: WSjzkxxDGDv7988fAAAH
[2026-07-03T08:19:41.809Z] Client WSjzkxxDGDv7988fAAAH joined zone: zone2
[2026-07-03T08:19:41.915Z] Client WSjzkxxDGDv7988fAAAH left zone: zone2
[2026-07-03T08:19:41.916Z] Client WSjzkxxDGDv7988fAAAH joined zone: zone2
[2026-07-03T08:19:41.917Z] Client WSjzkxxDGDv7988fAAAH joined zone: zone2
[2026-07-03T08:19:45.705Z] Client WSjzkxxDGDv7988fAAAH left zone: zone2
[2026-07-03T08:20:38.343Z] Client disconnected: WSjzkxxDGDv7988fAAAH
[2026-07-03T08:20:44.816Z] Client connected: p1wxXQYwDqV6paEmAAAJ
[2026-07-03T08:26:45.019Z] Client p1wxXQYwDqV6paEmAAAJ joined zone: zone2
[2026-07-03T08:26:45.061Z] Client p1wxXQYwDqV6paEmAAAJ left zone: zone2
[2026-07-03T08:26:45.061Z] Client p1wxXQYwDqV6paEmAAAJ joined zone: zone2
[2026-07-03T08:27:27.602Z] Client disconnected: p1wxXQYwDqV6paEmAAAJ
[2026-07-03T08:27:28.935Z] Client connected: UhkaFxoqMlHuFU74AAAL
[2026-07-03T08:27:28.976Z] Client UhkaFxoqMlHuFU74AAAL joined zone: zone2
[2026-07-03T08:27:29.010Z] Client UhkaFxoqMlHuFU74AAAL left zone: zone2
[2026-07-03T08:27:29.010Z] Client UhkaFxoqMlHuFU74AAAL joined zone: zone2
[2026-07-03T08:27:29.011Z] Client UhkaFxoqMlHuFU74AAAL joined zone: zone2
[2026-07-03T08:28:01.792Z] Client UhkaFxoqMlHuFU74AAAL left zone: zone2
[2026-07-03T08:28:01.834Z] Client UhkaFxoqMlHuFU74AAAL joined zone: zone4
[2026-07-03T08:28:01.834Z] Client UhkaFxoqMlHuFU74AAAL left zone: zone4
[2026-07-03T08:28:01.835Z] Client UhkaFxoqMlHuFU74AAAL joined zone: zone4
[2026-07-03T08:28:03.215Z] Client UhkaFxoqMlHuFU74AAAL left zone: zone4
[2026-07-03T09:42:30.719Z] Initializing Socket.io...
[2026-07-03T09:50:08.150Z] Client connected: 0XbyW1N-6crcfdtDAAAB
[2026-07-03T09:50:08.204Z] Client 0XbyW1N-6crcfdtDAAAB joined zone: zone5
[2026-07-03T09:50:08.307Z] Client 0XbyW1N-6crcfdtDAAAB left zone: zone5
[2026-07-03T09:50:08.308Z] Client 0XbyW1N-6crcfdtDAAAB joined zone: zone5
[2026-07-03T09:50:08.310Z] Client 0XbyW1N-6crcfdtDAAAB joined zone: zone5
[2026-07-03T09:50:09.830Z] Client 0XbyW1N-6crcfdtDAAAB left zone: zone5
[2026-07-03T09:50:58.744Z] Client 0XbyW1N-6crcfdtDAAAB joined zone: zone1
[2026-07-03T09:50:59.239Z] Client 0XbyW1N-6crcfdtDAAAB left zone: zone1
[2026-07-03T09:50:59.244Z] Client 0XbyW1N-6crcfdtDAAAB joined zone: zone1
[2026-07-03T09:51:02.428Z] Client 0XbyW1N-6crcfdtDAAAB left zone: zone1
[2026-07-03T09:51:05.425Z] Client 0XbyW1N-6crcfdtDAAAB joined zone: zone1
[2026-07-03T09:51:05.554Z] Client 0XbyW1N-6crcfdtDAAAB left zone: zone1
[2026-07-03T09:51:05.555Z] Client 0XbyW1N-6crcfdtDAAAB joined zone: zone1
[2026-07-03T09:52:39.639Z] Client disconnected: 0XbyW1N-6crcfdtDAAAB
[2026-07-03T10:12:45.356Z] Initializing Socket.io...
[2026-07-03T10:13:02.835Z] Initializing Socket.io...
[2026-07-03T10:13:43.913Z] Initializing Socket.io...
[2026-07-03T10:14:30.681Z] Initializing Socket.io...
[2026-07-03T09:54:44.380Z] Initializing Socket.io...
[2026-07-03T09:55:05.063Z] Client connected: 9nML2FJzfebLXeFYAAAB
[2026-07-03T09:55:05.102Z] Client 9nML2FJzfebLXeFYAAAB joined zone: zone5
[2026-07-03T09:55:05.215Z] Client 9nML2FJzfebLXeFYAAAB joined zone: zone5
[2026-07-03T09:55:10.453Z] Client 9nML2FJzfebLXeFYAAAB left zone: zone5
[2026-07-03T09:55:41.863Z] Client 9nML2FJzfebLXeFYAAAB joined zone: zone2
[2026-07-03T09:55:41.864Z] Client 9nML2FJzfebLXeFYAAAB left zone: zone2
[2026-07-03T09:55:41.865Z] Client 9nML2FJzfebLXeFYAAAB joined zone: zone2
[2026-07-03T09:55:56.637Z] Client 9nML2FJzfebLXeFYAAAB left zone: zone2
[2026-07-03T09:55:56.761Z] Client 9nML2FJzfebLXeFYAAAB joined zone: zone4
[2026-07-03T09:55:56.764Z] Client 9nML2FJzfebLXeFYAAAB left zone: zone4
[2026-07-03T09:55:56.766Z] Client 9nML2FJzfebLXeFYAAAB joined zone: zone4
[2026-07-03T09:56:25.331Z] Client 9nML2FJzfebLXeFYAAAB left zone: zone4
[2026-07-03T09:56:39.215Z] Client 9nML2FJzfebLXeFYAAAB joined zone: zone4
[2026-07-03T09:56:39.266Z] Client 9nML2FJzfebLXeFYAAAB left zone: zone4
[2026-07-03T09:56:39.327Z] Client 9nML2FJzfebLXeFYAAAB joined zone: zone4
[2026-07-03T09:57:28.193Z] Client 9nML2FJzfebLXeFYAAAB left zone: zone4
[2026-07-03T09:58:35.495Z] Client 9nML2FJzfebLXeFYAAAB joined zone: zone2
[2026-07-03T09:58:35.560Z] Client 9nML2FJzfebLXeFYAAAB left zone: zone2
[2026-07-03T09:58:35.561Z] Client 9nML2FJzfebLXeFYAAAB joined zone: zone2
[2026-07-03T09:58:43.559Z] Client 9nML2FJzfebLXeFYAAAB left zone: zone2
[2026-07-03T09:59:35.080Z] Client disconnected: 9nML2FJzfebLXeFYAAAB
[2026-07-03T09:59:53.337Z] Client connected: gM1GaRmdDGEg6RcHAAAD
[2026-07-03T09:59:53.396Z] Client gM1GaRmdDGEg6RcHAAAD joined zone: zone1
[2026-07-03T09:59:53.517Z] Client gM1GaRmdDGEg6RcHAAAD left zone: zone1
[2026-07-03T09:59:53.522Z] Client gM1GaRmdDGEg6RcHAAAD joined zone: zone1
[2026-07-03T09:59:53.524Z] Client gM1GaRmdDGEg6RcHAAAD joined zone: zone1
[2026-07-03T10:00:03.071Z] Client gM1GaRmdDGEg6RcHAAAD left zone: zone1
[2026-07-03T10:00:04.676Z] Client gM1GaRmdDGEg6RcHAAAD joined user room: user_VWEetfpP2jbTu7WCSGs3uSQDhKX2
[2026-07-03T10:00:04.707Z] Client gM1GaRmdDGEg6RcHAAAD left user room: user_VWEetfpP2jbTu7WCSGs3uSQDhKX2
[2026-07-03T10:00:04.709Z] Client gM1GaRmdDGEg6RcHAAAD joined user room: user_VWEetfpP2jbTu7WCSGs3uSQDhKX2
[2026-07-03T10:00:07.650Z] Client gM1GaRmdDGEg6RcHAAAD left user room: user_VWEetfpP2jbTu7WCSGs3uSQDhKX2
[2026-07-03T10:02:23.873Z] Client gM1GaRmdDGEg6RcHAAAD joined zone: zone1
[2026-07-03T10:02:23.980Z] Client gM1GaRmdDGEg6RcHAAAD left zone: zone1
[2026-07-03T10:02:23.981Z] Client gM1GaRmdDGEg6RcHAAAD joined zone: zone1
[2026-07-03T10:02:27.649Z] Client gM1GaRmdDGEg6RcHAAAD left zone: zone1
[2026-07-03T10:02:44.673Z] Client gM1GaRmdDGEg6RcHAAAD joined zone: zone5
[2026-07-03T10:02:44.675Z] Client gM1GaRmdDGEg6RcHAAAD left zone: zone5
[2026-07-03T10:02:44.675Z] Client gM1GaRmdDGEg6RcHAAAD joined zone: zone5
[2026-07-03T10:03:33.244Z] Client disconnected: gM1GaRmdDGEg6RcHAAAD
[2026-07-03T10:17:16.891Z] Initializing Socket.io...
[2026-07-03T10:21:22.099Z] Initializing Socket.io...
[2026-07-03T10:21:28.003Z] Initializing Socket.io...
[2026-07-03T10:21:33.863Z] Initializing Socket.io...
[2026-07-03T10:21:40.321Z] Initializing Socket.io...
[2026-07-03T10:21:51.172Z] Initializing Socket.io...
[2026-07-03T10:21:57.303Z] Initializing Socket.io...
[2026-07-03T10:28:15.122Z] Client connected: ayjgGOBHXIrNwBvAAAAB
[2026-07-03T10:28:15.329Z] Client ayjgGOBHXIrNwBvAAAAB joined zone: zone1
[2026-07-03T10:28:15.481Z] Client ayjgGOBHXIrNwBvAAAAB left zone: zone1
[2026-07-03T10:28:15.482Z] Client ayjgGOBHXIrNwBvAAAAB joined zone: zone1
[2026-07-03T10:28:15.483Z] Client ayjgGOBHXIrNwBvAAAAB joined zone: zone1
[2026-07-03T10:30:43.515Z] Initializing Socket.io...
[2026-07-03T10:30:45.885Z] Client connected: lA9TptaB3-3XeB2TAAAB
[2026-07-03T10:30:45.925Z] Client lA9TptaB3-3XeB2TAAAB joined zone: zone1
[2026-07-03T10:34:08.638Z] Initializing Socket.io...
[2026-07-03T10:34:10.898Z] Client connected: hmKFeGZul2ognMxXAAAB
[2026-07-03T10:34:10.914Z] Client hmKFeGZul2ognMxXAAAB joined zone: zone1
[2026-07-03T10:34:17.556Z] Initializing Socket.io...
[2026-07-03T10:34:19.220Z] Client connected: 5nC1brufrfan2B8pAAAB
[2026-07-03T10:34:19.241Z] Client 5nC1brufrfan2B8pAAAB joined zone: zone1
[2026-07-03T10:34:55.504Z] Client connected: J_43vv_Y1Lcj1kIvAAAD
[2026-07-03T10:34:55.533Z] Client J_43vv_Y1Lcj1kIvAAAD joined zone: zone2
[2026-07-03T10:34:55.542Z] Client J_43vv_Y1Lcj1kIvAAAD left zone: zone2
[2026-07-03T10:34:55.542Z] Client J_43vv_Y1Lcj1kIvAAAD joined zone: zone2
[2026-07-03T10:34:55.543Z] Client J_43vv_Y1Lcj1kIvAAAD joined zone: zone2
[2026-07-03T10:34:57.484Z] Client J_43vv_Y1Lcj1kIvAAAD left zone: zone2
[2026-07-03T10:36:10.163Z] Initializing Socket.io...
[2026-07-03T10:36:10.912Z] Client connected: rilRVmf7HrXFbZj7AAAB
[2026-07-03T10:36:10.925Z] Client rilRVmf7HrXFbZj7AAAB joined zone: zone1
[2026-07-03T10:36:12.865Z] Client connected: GmfnS228QdgKynVZAAAD
[2026-07-03T10:36:18.661Z] Initializing Socket.io...
[2026-07-03T10:36:20.556Z] Client connected: zlcshdMPyY-G27cmAAAB
[2026-07-03T10:36:21.855Z] Client connected: RknLqKISpBzbmaIrAAAD
[2026-07-03T10:36:21.866Z] Client RknLqKISpBzbmaIrAAAD joined zone: zone1
[2026-07-03T10:38:20.256Z] Initializing Socket.io...
[2026-07-03T10:38:23.881Z] Client connected: KosdoyLIfXhT1yZLAAAC
[2026-07-03T10:38:23.885Z] Client connected: Mrmutw8Zc2jmf9LKAAAD
[2026-07-03T10:38:23.897Z] Client KosdoyLIfXhT1yZLAAAC joined zone: zone1
[2026-07-03T10:38:49.653Z] Initializing Socket.io...
[2026-07-03T10:38:51.865Z] Client connected: -ddSSleh_InPWnZIAAAB
[2026-07-03T10:38:51.876Z] Client -ddSSleh_InPWnZIAAAB joined zone: zone1
[2026-07-03T10:38:58.867Z] Client connected: PNTh05TrWA3WKka-AAAD
[2026-07-03T10:39:44.790Z] Client disconnected: -ddSSleh_InPWnZIAAAB
[2026-07-03T10:39:44.899Z] Client disconnected: PNTh05TrWA3WKka-AAAD
[2026-07-03T10:40:25.673Z] Client connected: 0Qta4FIwzttxACpTAAAF
[2026-07-03T10:40:25.704Z] Client 0Qta4FIwzttxACpTAAAF joined zone: zone1
[2026-07-03T10:40:25.717Z] Client 0Qta4FIwzttxACpTAAAF left zone: zone1
[2026-07-03T10:40:25.718Z] Client 0Qta4FIwzttxACpTAAAF joined zone: zone1
[2026-07-03T10:40:25.718Z] Client 0Qta4FIwzttxACpTAAAF joined zone: zone1
[2026-07-03T10:52:25.239Z] Client disconnected: 0Qta4FIwzttxACpTAAAF
[2026-07-03T11:34:13.883Z] Initializing Socket.io...
[2026-07-03T13:30:08.012Z] Client connected: yaw_rmzbv3IE4OozAAAB
[2026-07-03T13:30:08.068Z] Client yaw_rmzbv3IE4OozAAAB joined zone: zone2
[2026-07-03T13:30:08.166Z] Client yaw_rmzbv3IE4OozAAAB left zone: zone2
[2026-07-03T13:30:08.167Z] Client yaw_rmzbv3IE4OozAAAB joined zone: zone2
[2026-07-03T13:30:08.169Z] Client yaw_rmzbv3IE4OozAAAB joined zone: zone2
[2026-07-03T13:30:54.719Z] Client connected: Ih9QePI7EA_5U6mOAAAD
[2026-07-03T13:30:54.739Z] Client Ih9QePI7EA_5U6mOAAAD joined zone: zone5
[2026-07-03T13:30:54.745Z] Client Ih9QePI7EA_5U6mOAAAD left zone: zone5
[2026-07-03T13:30:54.746Z] Client Ih9QePI7EA_5U6mOAAAD joined zone: zone5
[2026-07-03T13:30:54.747Z] Client Ih9QePI7EA_5U6mOAAAD joined zone: zone5
[2026-07-03T13:30:57.796Z] Client Ih9QePI7EA_5U6mOAAAD left zone: zone5
[2026-07-03T13:31:12.025Z] Client Ih9QePI7EA_5U6mOAAAD joined zone: zone1
[2026-07-03T13:31:12.358Z] Client Ih9QePI7EA_5U6mOAAAD left zone: zone1
[2026-07-03T13:31:12.359Z] Client Ih9QePI7EA_5U6mOAAAD joined zone: zone1
[2026-07-03T13:32:37.405Z] Client connected: B_WTADJR-aZrCUH2AAAF
[2026-07-03T13:32:37.481Z] Client B_WTADJR-aZrCUH2AAAF joined zone: zone5
[2026-07-03T13:32:37.498Z] Client B_WTADJR-aZrCUH2AAAF joined zone: zone5
[2026-07-03T13:32:40.463Z] Client B_WTADJR-aZrCUH2AAAF left zone: zone5
[2026-07-03T13:41:04.396Z] Client disconnected: B_WTADJR-aZrCUH2AAAF
[2026-07-03T13:41:04.447Z] Client disconnected: Ih9QePI7EA_5U6mOAAAD
[2026-07-03T13:41:04.459Z] Client disconnected: yaw_rmzbv3IE4OozAAAB
[2026-07-03T13:41:09.360Z] Initializing Socket.io...
[2026-07-03T11:58:59.128Z] Initializing Socket.io...
[2026-07-03T11:59:15.699Z] Client connected: JWN5SU-mR_A44aNvAAAB
[2026-07-03T11:59:15.775Z] Client JWN5SU-mR_A44aNvAAAB joined zone: zone5
[2026-07-03T11:59:15.787Z] Client JWN5SU-mR_A44aNvAAAB joined zone: zone5
[2026-07-03T11:59:21.843Z] Client JWN5SU-mR_A44aNvAAAB left zone: zone5
[2026-07-03T11:59:30.597Z] Client JWN5SU-mR_A44aNvAAAB joined zone: zone5
[2026-07-03T11:59:30.606Z] Client JWN5SU-mR_A44aNvAAAB left zone: zone5
[2026-07-03T11:59:30.607Z] Client JWN5SU-mR_A44aNvAAAB joined zone: zone5
[2026-07-03T11:59:42.602Z] Client JWN5SU-mR_A44aNvAAAB left zone: zone5
[2026-07-03T11:59:52.073Z] Client connected: iKP1OZv3zhwgHEDvAAAD
[2026-07-03T11:59:52.129Z] Client iKP1OZv3zhwgHEDvAAAD joined zone: zone5
[2026-07-03T11:59:52.152Z] Client iKP1OZv3zhwgHEDvAAAD joined zone: zone5
[2026-07-03T11:59:59.080Z] Client iKP1OZv3zhwgHEDvAAAD left zone: zone5
[2026-07-03T12:00:25.648Z] Client disconnected: JWN5SU-mR_A44aNvAAAB
[2026-07-03T12:01:17.106Z] Client iKP1OZv3zhwgHEDvAAAD joined zone: zone5
[2026-07-03T12:01:17.113Z] Client iKP1OZv3zhwgHEDvAAAD left zone: zone5
[2026-07-03T12:01:17.114Z] Client iKP1OZv3zhwgHEDvAAAD joined zone: zone5
[2026-07-03T12:01:21.719Z] Client iKP1OZv3zhwgHEDvAAAD left zone: zone5
[2026-07-03T12:01:25.497Z] Client iKP1OZv3zhwgHEDvAAAD joined zone: zone5
[2026-07-03T12:01:25.499Z] Client iKP1OZv3zhwgHEDvAAAD left zone: zone5
[2026-07-03T12:01:25.501Z] Client iKP1OZv3zhwgHEDvAAAD joined zone: zone5
[2026-07-03T12:01:29.179Z] Client iKP1OZv3zhwgHEDvAAAD left zone: zone5
[2026-07-03T12:01:33.093Z] Client iKP1OZv3zhwgHEDvAAAD joined zone: zone5
[2026-07-03T12:01:33.099Z] Client iKP1OZv3zhwgHEDvAAAD left zone: zone5
[2026-07-03T12:01:33.100Z] Client iKP1OZv3zhwgHEDvAAAD joined zone: zone5
[2026-07-03T12:01:41.232Z] Client iKP1OZv3zhwgHEDvAAAD left zone: zone5
[2026-07-03T12:01:46.432Z] Client iKP1OZv3zhwgHEDvAAAD joined zone: zone5
[2026-07-03T12:01:46.437Z] Client iKP1OZv3zhwgHEDvAAAD left zone: zone5
[2026-07-03T12:01:46.440Z] Client iKP1OZv3zhwgHEDvAAAD joined zone: zone5
[2026-07-03T12:01:47.768Z] Client iKP1OZv3zhwgHEDvAAAD left zone: zone5
[2026-07-03T12:01:58.615Z] Client iKP1OZv3zhwgHEDvAAAD joined zone: zone5
[2026-07-03T12:01:58.620Z] Client iKP1OZv3zhwgHEDvAAAD left zone: zone5
[2026-07-03T12:01:58.621Z] Client iKP1OZv3zhwgHEDvAAAD joined zone: zone5
[2026-07-03T12:02:48.217Z] Client iKP1OZv3zhwgHEDvAAAD left zone: zone5
[2026-07-03T12:02:51.181Z] Client iKP1OZv3zhwgHEDvAAAD joined zone: zone5
[2026-07-03T12:02:51.188Z] Client iKP1OZv3zhwgHEDvAAAD left zone: zone5
[2026-07-03T12:02:51.189Z] Client iKP1OZv3zhwgHEDvAAAD joined zone: zone5
[2026-07-03T12:02:52.842Z] Client iKP1OZv3zhwgHEDvAAAD left zone: zone5
[2026-07-03T12:03:20.788Z] Client iKP1OZv3zhwgHEDvAAAD joined zone: zone5
[2026-07-03T12:03:20.792Z] Client iKP1OZv3zhwgHEDvAAAD left zone: zone5
[2026-07-03T12:03:20.794Z] Client iKP1OZv3zhwgHEDvAAAD joined zone: zone5
[2026-07-03T12:03:21.938Z] Client iKP1OZv3zhwgHEDvAAAD left zone: zone5
[2026-07-03T12:03:56.037Z] Client iKP1OZv3zhwgHEDvAAAD joined zone: zone5
[2026-07-03T12:03:56.042Z] Client iKP1OZv3zhwgHEDvAAAD left zone: zone5
[2026-07-03T12:03:56.043Z] Client iKP1OZv3zhwgHEDvAAAD joined zone: zone5
[2026-07-03T12:03:57.808Z] Client iKP1OZv3zhwgHEDvAAAD left zone: zone5
[2026-07-03T12:04:15.424Z] Client iKP1OZv3zhwgHEDvAAAD joined zone: zone5
[2026-07-03T12:04:15.430Z] Client iKP1OZv3zhwgHEDvAAAD left zone: zone5
[2026-07-03T12:04:15.432Z] Client iKP1OZv3zhwgHEDvAAAD joined zone: zone5
[2026-07-03T12:04:19.457Z] Client iKP1OZv3zhwgHEDvAAAD left zone: zone5
[2026-07-03T12:05:24.850Z] Client iKP1OZv3zhwgHEDvAAAD joined zone: zone5
[2026-07-03T12:05:24.852Z] Client iKP1OZv3zhwgHEDvAAAD left zone: zone5
[2026-07-03T12:05:24.853Z] Client iKP1OZv3zhwgHEDvAAAD joined zone: zone5
[2026-07-03T12:05:27.359Z] Client iKP1OZv3zhwgHEDvAAAD left zone: zone5
[2026-07-03T12:06:03.311Z] Client disconnected: iKP1OZv3zhwgHEDvAAAD
[2026-07-03T12:06:08.824Z] Client connected: 0qq75LgX4c0B42WOAAAF
[2026-07-03T12:15:22.479Z] Client disconnected: 0qq75LgX4c0B42WOAAAF
[2026-07-03T12:15:26.831Z] Client connected: pf5yzaq9l9W-fHOYAAAH
[2026-07-03T12:16:28.860Z] Client disconnected: pf5yzaq9l9W-fHOYAAAH
[2026-07-03T12:56:14.112Z] Client connected: jqAKAfOdJvAIyTMiAAAJ
[2026-07-03T12:56:41.254Z] Client jqAKAfOdJvAIyTMiAAAJ joined zone: zone5
[2026-07-03T12:56:41.259Z] Client jqAKAfOdJvAIyTMiAAAJ left zone: zone5
[2026-07-03T12:56:41.265Z] Client jqAKAfOdJvAIyTMiAAAJ joined zone: zone5
[2026-07-03T13:05:47.923Z] Initializing Socket.io...
[2026-07-03T13:05:48.847Z] Client connected: BlMs95dT_S2HAlO-AAAB
[2026-07-03T13:05:48.875Z] Client BlMs95dT_S2HAlO-AAAB joined zone: zone5
[2026-07-03T13:59:43.435Z] Initializing Socket.io...
[2026-07-03T14:00:51.057Z] Client connected: TxqU3af48IxvftFlAAAB
[2026-07-03T14:00:51.154Z] Client TxqU3af48IxvftFlAAAB joined zone: zone5
[2026-07-03T14:00:51.234Z] Client TxqU3af48IxvftFlAAAB joined zone: zone5
[2026-07-03T14:00:51.919Z] Client connected: CjSg_pA9sNylr4-rAAAD
[2026-07-03T14:00:52.151Z] Client CjSg_pA9sNylr4-rAAAD joined zone: zone5
[2026-07-03T14:00:52.255Z] Client CjSg_pA9sNylr4-rAAAD joined zone: zone5
[2026-07-03T14:00:58.347Z] Client TxqU3af48IxvftFlAAAB left zone: zone5
[2026-07-03T14:01:19.375Z] Client TxqU3af48IxvftFlAAAB joined zone: zone2
[2026-07-03T14:01:19.376Z] Client TxqU3af48IxvftFlAAAB left zone: zone2
[2026-07-03T14:01:19.378Z] Client TxqU3af48IxvftFlAAAB joined zone: zone2
[2026-07-03T14:01:27.323Z] Client connected: AbIrzgnXgcpoO5LFAAAF
[2026-07-03T14:01:27.478Z] Client AbIrzgnXgcpoO5LFAAAF joined zone: zone5
[2026-07-03T14:01:27.609Z] Client AbIrzgnXgcpoO5LFAAAF joined zone: zone5
[2026-07-03T14:01:29.108Z] Client AbIrzgnXgcpoO5LFAAAF left zone: zone5
[2026-07-03T14:01:41.694Z] Client AbIrzgnXgcpoO5LFAAAF joined zone: zone1
[2026-07-03T14:01:42.412Z] Client AbIrzgnXgcpoO5LFAAAF left zone: zone1
[2026-07-03T14:01:42.413Z] Client AbIrzgnXgcpoO5LFAAAF joined zone: zone1
[2026-07-03T14:01:50.030Z] Client connected: HX22NlLhp5kuEdPiAAAH
[2026-07-03T14:01:50.089Z] Client HX22NlLhp5kuEdPiAAAH joined zone: zone5
[2026-07-03T14:01:50.112Z] Client HX22NlLhp5kuEdPiAAAH joined zone: zone5
[2026-07-03T14:02:00.575Z] Client disconnected: HX22NlLhp5kuEdPiAAAH
[2026-07-03T14:02:28.302Z] Client connected: TC7gU4h6zHAg9EwCAAAJ
[2026-07-03T14:02:28.366Z] Client TC7gU4h6zHAg9EwCAAAJ joined zone: zone5
[2026-07-03T14:02:28.384Z] Client TC7gU4h6zHAg9EwCAAAJ joined zone: zone5
[2026-07-03T14:02:31.006Z] Client TC7gU4h6zHAg9EwCAAAJ left zone: zone5
[2026-07-03T14:05:17.581Z] Client disconnected: TxqU3af48IxvftFlAAAB
[2026-07-03T14:05:19.292Z] Client connected: KGBDcOE1gmlaaxqSAAAL
[2026-07-03T14:05:19.366Z] Client KGBDcOE1gmlaaxqSAAAL joined zone: zone2
[2026-07-03T14:05:19.446Z] Client KGBDcOE1gmlaaxqSAAAL left zone: zone2
[2026-07-03T14:05:19.447Z] Client KGBDcOE1gmlaaxqSAAAL joined zone: zone2
[2026-07-03T14:05:19.448Z] Client KGBDcOE1gmlaaxqSAAAL joined zone: zone2
[2026-07-03T14:05:27.473Z] Client KGBDcOE1gmlaaxqSAAAL left zone: zone2
[2026-07-03T14:05:46.584Z] Client AbIrzgnXgcpoO5LFAAAF left zone: zone1
[2026-07-03T14:07:01.853Z] Client disconnected: AbIrzgnXgcpoO5LFAAAF
[2026-07-03T14:08:05.636Z] Client disconnected: KGBDcOE1gmlaaxqSAAAL
[2026-07-03T14:29:11.257Z] Client disconnected: TC7gU4h6zHAg9EwCAAAJ
[2026-07-03T14:29:11.357Z] Client disconnected: CjSg_pA9sNylr4-rAAAD
[2026-07-03T14:29:13.437Z] Client connected: u5CcULNJk0OJT7UdAAAN
[2026-07-03T14:29:13.555Z] Client u5CcULNJk0OJT7UdAAAN joined zone: zone5
[2026-07-03T14:29:13.592Z] Client u5CcULNJk0OJT7UdAAAN joined zone: zone5
[2026-07-03T13:58:53.662Z] Initializing Socket.io...
[2026-07-03T13:59:20.723Z] Client connected: y55a6hh2RSAV2TxnAAAB
[2026-07-03T13:59:20.793Z] Client y55a6hh2RSAV2TxnAAAB joined zone: zone5
[2026-07-03T13:59:20.808Z] Client y55a6hh2RSAV2TxnAAAB joined zone: zone5
[2026-07-03T13:59:24.988Z] Client y55a6hh2RSAV2TxnAAAB left zone: zone5
[2026-07-03T14:00:31.063Z] Client disconnected: y55a6hh2RSAV2TxnAAAB
[2026-07-03T14:01:31.085Z] Client connected: KHVUrQPs20ui1XwpAAAD
[2026-07-03T14:01:31.148Z] Client KHVUrQPs20ui1XwpAAAD joined zone: zone5
[2026-07-03T14:01:31.274Z] Client KHVUrQPs20ui1XwpAAAD left zone: zone5
[2026-07-03T14:01:31.275Z] Client KHVUrQPs20ui1XwpAAAD joined zone: zone5
[2026-07-03T14:01:31.293Z] Client KHVUrQPs20ui1XwpAAAD joined zone: zone5
[2026-07-03T14:01:40.657Z] Client disconnected: KHVUrQPs20ui1XwpAAAD
[2026-07-03T14:23:43.146Z] Initializing Socket.io...
[2026-07-03T14:24:09.250Z] Initializing Socket.io...
[2026-07-03T14:24:25.672Z] Initializing Socket.io...
<<<<<<< HEAD
[2026-07-03T14:29:12.020Z] Initializing Socket.io...
[2026-07-03T14:37:00.704Z] Client connected: M18fGcbZ6JYbvQwuAAAB
[2026-07-03T14:37:00.720Z] Client M18fGcbZ6JYbvQwuAAAB joined zone: zone2
[2026-07-03T14:37:00.839Z] Client M18fGcbZ6JYbvQwuAAAB left zone: zone2
[2026-07-03T14:37:00.839Z] Client M18fGcbZ6JYbvQwuAAAB joined zone: zone2
[2026-07-03T14:37:00.840Z] Client M18fGcbZ6JYbvQwuAAAB joined zone: zone2
[2026-07-03T14:37:05.511Z] Client M18fGcbZ6JYbvQwuAAAB left zone: zone2
[2026-07-03T14:37:36.696Z] Initializing Socket.io...
[2026-07-03T14:37:38.868Z] Client connected: OxSzUl2ihSlH5u23AAAB
[2026-07-03T14:38:21.171Z] Client disconnected: OxSzUl2ihSlH5u23AAAB
[2026-07-03T14:38:44.067Z] Client connected: cnQzVc_gjzqHIEZqAAAD
[2026-07-03T14:38:44.076Z] Client cnQzVc_gjzqHIEZqAAAD joined zone: zone2
[2026-07-03T14:38:44.186Z] Client cnQzVc_gjzqHIEZqAAAD left zone: zone2
[2026-07-03T14:38:44.187Z] Client cnQzVc_gjzqHIEZqAAAD joined zone: zone2
[2026-07-03T14:38:44.188Z] Client cnQzVc_gjzqHIEZqAAAD joined zone: zone2
[2026-07-03T14:43:29.232Z] Client disconnected: cnQzVc_gjzqHIEZqAAAD
[2026-07-03T14:43:29.617Z] Client connected: SvKOYsEeCoab2sEWAAAF
[2026-07-03T14:43:29.648Z] Client SvKOYsEeCoab2sEWAAAF joined zone: zone2
[2026-07-03T14:43:29.675Z] Client SvKOYsEeCoab2sEWAAAF left zone: zone2
[2026-07-03T14:43:29.676Z] Client SvKOYsEeCoab2sEWAAAF joined zone: zone2
[2026-07-03T14:43:29.677Z] Client SvKOYsEeCoab2sEWAAAF joined zone: zone2
[2026-07-03T14:43:45.626Z] Client disconnected: SvKOYsEeCoab2sEWAAAF
[2026-07-03T14:43:45.949Z] Client connected: Fk_hMC-TxEIyr_4SAAAH
[2026-07-03T14:43:45.962Z] Client Fk_hMC-TxEIyr_4SAAAH joined zone: zone2
[2026-07-03T14:43:46.072Z] Client Fk_hMC-TxEIyr_4SAAAH left zone: zone2
[2026-07-03T14:43:46.074Z] Client Fk_hMC-TxEIyr_4SAAAH joined zone: zone2
[2026-07-03T14:43:46.075Z] Client Fk_hMC-TxEIyr_4SAAAH joined zone: zone2
[2026-07-03T14:43:56.585Z] Client disconnected: Fk_hMC-TxEIyr_4SAAAH
[2026-07-03T14:43:56.903Z] Client connected: XaqV0yX2HkNSi-j-AAAJ
[2026-07-03T14:43:56.924Z] Client XaqV0yX2HkNSi-j-AAAJ joined zone: zone2
[2026-07-03T14:43:57.038Z] Client XaqV0yX2HkNSi-j-AAAJ left zone: zone2
[2026-07-03T14:43:57.041Z] Client XaqV0yX2HkNSi-j-AAAJ joined zone: zone2
[2026-07-03T14:43:57.043Z] Client XaqV0yX2HkNSi-j-AAAJ joined zone: zone2
[2026-07-03T14:44:10.549Z] Client disconnected: XaqV0yX2HkNSi-j-AAAJ
[2026-07-03T14:44:10.855Z] Client connected: l3eG0AqDeyFdT8YVAAAL
[2026-07-03T14:44:10.879Z] Client l3eG0AqDeyFdT8YVAAAL joined zone: zone2
[2026-07-03T14:44:10.889Z] Client l3eG0AqDeyFdT8YVAAAL left zone: zone2
[2026-07-03T14:44:10.889Z] Client l3eG0AqDeyFdT8YVAAAL joined zone: zone2
[2026-07-03T14:44:10.890Z] Client l3eG0AqDeyFdT8YVAAAL joined zone: zone2
[2026-07-03T14:45:02.474Z] Client disconnected: l3eG0AqDeyFdT8YVAAAL
[2026-07-03T14:45:02.788Z] Client connected: 2ud9HvSRBbe7yh1oAAAN
[2026-07-03T14:45:02.803Z] Client 2ud9HvSRBbe7yh1oAAAN joined zone: zone2
[2026-07-03T14:45:02.910Z] Client 2ud9HvSRBbe7yh1oAAAN left zone: zone2
[2026-07-03T14:45:02.912Z] Client 2ud9HvSRBbe7yh1oAAAN joined zone: zone2
[2026-07-03T14:45:02.913Z] Client 2ud9HvSRBbe7yh1oAAAN joined zone: zone2
[2026-07-03T14:45:26.628Z] Client disconnected: 2ud9HvSRBbe7yh1oAAAN
[2026-07-03T14:45:30.009Z] Client connected: 36V1uYPDmaskgL3JAAAP
[2026-07-03T14:45:30.085Z] Client 36V1uYPDmaskgL3JAAAP joined zone: zone5
[2026-07-03T14:45:30.110Z] Client 36V1uYPDmaskgL3JAAAP joined zone: zone5
[2026-07-03T14:46:14.902Z] Client disconnected: 36V1uYPDmaskgL3JAAAP
[2026-07-03T14:46:34.890Z] Client connected: VNRmgd3X0uitJjstAAAR
[2026-07-03T14:46:34.911Z] Client VNRmgd3X0uitJjstAAAR joined zone: zone5
[2026-07-03T14:46:34.916Z] Client VNRmgd3X0uitJjstAAAR joined zone: zone5
[2026-07-03T14:46:36.352Z] Client VNRmgd3X0uitJjstAAAR left zone: zone5
[2026-07-03T14:46:36.361Z] Client VNRmgd3X0uitJjstAAAR joined zone: zone5
[2026-07-03T14:46:36.362Z] Client VNRmgd3X0uitJjstAAAR left zone: zone5
[2026-07-03T14:46:36.362Z] Client VNRmgd3X0uitJjstAAAR joined zone: zone5
[2026-07-03T14:47:19.546Z] Client disconnected: VNRmgd3X0uitJjstAAAR
[2026-07-03T14:48:21.525Z] Client connected: ZhKDaOyVG4Ihlb-NAAAT
[2026-07-03T14:48:21.534Z] Client ZhKDaOyVG4Ihlb-NAAAT joined zone: zone2
[2026-07-03T14:48:21.658Z] Client ZhKDaOyVG4Ihlb-NAAAT left zone: zone2
[2026-07-03T14:48:21.659Z] Client ZhKDaOyVG4Ihlb-NAAAT joined zone: zone2
[2026-07-03T14:48:21.660Z] Client ZhKDaOyVG4Ihlb-NAAAT joined zone: zone2
[2026-07-03T14:48:27.239Z] Client disconnected: ZhKDaOyVG4Ihlb-NAAAT
[2026-07-03T14:48:27.559Z] Client connected: J3dgIwoLQaqANeYKAAAV
[2026-07-03T14:48:27.574Z] Client J3dgIwoLQaqANeYKAAAV joined zone: zone2
[2026-07-03T14:48:27.578Z] Client J3dgIwoLQaqANeYKAAAV left zone: zone2
[2026-07-03T14:48:27.578Z] Client J3dgIwoLQaqANeYKAAAV joined zone: zone2
[2026-07-03T14:48:27.579Z] Client J3dgIwoLQaqANeYKAAAV joined zone: zone2
[2026-07-03T14:48:31.874Z] Client J3dgIwoLQaqANeYKAAAV left zone: zone2
[2026-07-03T14:48:31.922Z] Client J3dgIwoLQaqANeYKAAAV joined zone: zone4
[2026-07-03T14:48:31.923Z] Client J3dgIwoLQaqANeYKAAAV left zone: zone4
[2026-07-03T14:48:31.924Z] Client J3dgIwoLQaqANeYKAAAV joined zone: zone4
[2026-07-03T14:48:47.765Z] Client J3dgIwoLQaqANeYKAAAV left zone: zone4
[2026-07-03T14:51:24.374Z] Client J3dgIwoLQaqANeYKAAAV joined zone: zone2
[2026-07-03T14:51:24.409Z] Client J3dgIwoLQaqANeYKAAAV left zone: zone2
[2026-07-03T14:51:24.409Z] Client J3dgIwoLQaqANeYKAAAV joined zone: zone2
[2026-07-03T14:51:31.388Z] Client J3dgIwoLQaqANeYKAAAV left zone: zone2
[2026-07-03T14:52:02.289Z] Client connected: l3c79O0IuX6yPXolAAAX
[2026-07-03T14:52:02.308Z] Client l3c79O0IuX6yPXolAAAX joined zone: zone1
[2026-07-03T14:52:02.316Z] Client l3c79O0IuX6yPXolAAAX left zone: zone1
[2026-07-03T14:52:02.317Z] Client l3c79O0IuX6yPXolAAAX joined zone: zone1
[2026-07-03T14:52:02.318Z] Client l3c79O0IuX6yPXolAAAX joined zone: zone1
[2026-07-03T14:52:07.592Z] Client disconnected: J3dgIwoLQaqANeYKAAAV
[2026-07-03T14:52:39.653Z] Client l3c79O0IuX6yPXolAAAX left zone: zone1
[2026-07-03T14:52:40.965Z] Client l3c79O0IuX6yPXolAAAX joined user room: user_VWEetfpP2jbTu7WCSGs3uSQDhKX2
[2026-07-03T14:52:40.971Z] Client l3c79O0IuX6yPXolAAAX left user room: user_VWEetfpP2jbTu7WCSGs3uSQDhKX2
[2026-07-03T14:52:40.972Z] Client l3c79O0IuX6yPXolAAAX joined user room: user_VWEetfpP2jbTu7WCSGs3uSQDhKX2
[2026-07-03T14:52:41.937Z] Client l3c79O0IuX6yPXolAAAX left user room: user_VWEetfpP2jbTu7WCSGs3uSQDhKX2
[2026-07-03T14:52:42.797Z] Client l3c79O0IuX6yPXolAAAX joined user room: user_VWEetfpP2jbTu7WCSGs3uSQDhKX2
[2026-07-03T14:52:42.800Z] Client l3c79O0IuX6yPXolAAAX left user room: user_VWEetfpP2jbTu7WCSGs3uSQDhKX2
[2026-07-03T14:52:42.800Z] Client l3c79O0IuX6yPXolAAAX joined user room: user_VWEetfpP2jbTu7WCSGs3uSQDhKX2
[2026-07-03T14:52:44.761Z] Client l3c79O0IuX6yPXolAAAX left user room: user_VWEetfpP2jbTu7WCSGs3uSQDhKX2
[2026-07-03T14:52:44.833Z] Client l3c79O0IuX6yPXolAAAX joined zone: zone1
[2026-07-03T14:52:44.834Z] Client l3c79O0IuX6yPXolAAAX left zone: zone1
[2026-07-03T14:52:44.834Z] Client l3c79O0IuX6yPXolAAAX joined zone: zone1
=======
[2026-07-03T14:30:47.500Z] Initializing Socket.io...
[2026-07-03T14:30:49.011Z] Client connected: zXOU7I8ubfr0Joo5AAAB
[2026-07-03T14:30:49.024Z] Client zXOU7I8ubfr0Joo5AAAB joined zone: zone5
[2026-07-03T14:32:14.843Z] Initializing Socket.io...
[2026-07-03T14:32:15.020Z] Client connected: mrI5BXh4BpQ96MlVAAAB
[2026-07-03T14:32:15.036Z] Client mrI5BXh4BpQ96MlVAAAB joined zone: zone5
[2026-07-03T14:34:01.335Z] Client disconnected: mrI5BXh4BpQ96MlVAAAB
[2026-07-03T14:48:18.201Z] Client connected: ZlnDI9N5ynRCH0gUAAAD
[2026-07-03T14:48:18.240Z] Client ZlnDI9N5ynRCH0gUAAAD joined zone: zone5
[2026-07-03T14:48:18.250Z] Client ZlnDI9N5ynRCH0gUAAAD joined zone: zone5
[2026-07-03T14:49:22.063Z] Client ZlnDI9N5ynRCH0gUAAAD left zone: zone5
[2026-07-03T14:49:22.097Z] Client ZlnDI9N5ynRCH0gUAAAD joined zone: zone5
[2026-07-03T14:49:22.099Z] Client ZlnDI9N5ynRCH0gUAAAD left zone: zone5
[2026-07-03T14:49:22.102Z] Client ZlnDI9N5ynRCH0gUAAAD joined zone: zone5
>>>>>>> ce148ea56e33765f50d1e627f3ccafe143edba69
[2026-07-03T14:55:21.349Z] Initializing Socket.io...
[2026-07-03T14:57:15.552Z] Client connected: qDHYqbhibMS1uo6pAAAB
[2026-07-03T14:57:15.602Z] Client qDHYqbhibMS1uo6pAAAB joined zone: zone1
[2026-07-03T14:57:15.614Z] Client qDHYqbhibMS1uo6pAAAB left zone: zone1
[2026-07-03T14:57:15.614Z] Client qDHYqbhibMS1uo6pAAAB joined zone: zone1
[2026-07-03T14:57:15.615Z] Client qDHYqbhibMS1uo6pAAAB joined zone: zone1
[2026-07-03T14:57:28.371Z] Client connected: CuYnzGT-4T-JBiL7AAAD
[2026-07-03T14:57:28.412Z] Client CuYnzGT-4T-JBiL7AAAD joined zone: zone2
[2026-07-03T14:57:28.431Z] Client CuYnzGT-4T-JBiL7AAAD left zone: zone2
[2026-07-03T14:57:28.436Z] Client CuYnzGT-4T-JBiL7AAAD joined zone: zone2
[2026-07-03T14:57:28.436Z] Client CuYnzGT-4T-JBiL7AAAD joined zone: zone2
[2026-07-03T15:01:29.381Z] Client disconnected: CuYnzGT-4T-JBiL7AAAD
[2026-07-03T15:03:07.813Z] Client disconnected: qDHYqbhibMS1uo6pAAAB
[2026-07-03T15:03:45.297Z] Client connected: huiYI2qCbDSr0kJlAAAF
[2026-07-03T15:03:45.328Z] Client huiYI2qCbDSr0kJlAAAF joined zone: zone2
[2026-07-03T15:03:45.337Z] Client huiYI2qCbDSr0kJlAAAF left zone: zone2
[2026-07-03T15:03:45.337Z] Client huiYI2qCbDSr0kJlAAAF joined zone: zone2
[2026-07-03T15:03:45.339Z] Client huiYI2qCbDSr0kJlAAAF joined zone: zone2
[2026-07-03T15:07:15.579Z] Client disconnected: huiYI2qCbDSr0kJlAAAF
[2026-07-03T15:07:22.168Z] Client connected: QfeIlF8PEYa5j1CfAAAH
[2026-07-03T15:07:22.272Z] Client QfeIlF8PEYa5j1CfAAAH joined zone: zone2
[2026-07-03T15:07:22.429Z] Client QfeIlF8PEYa5j1CfAAAH left zone: zone2
[2026-07-03T15:07:22.430Z] Client QfeIlF8PEYa5j1CfAAAH joined zone: zone2
[2026-07-03T15:07:22.431Z] Client QfeIlF8PEYa5j1CfAAAH joined zone: zone2
[2026-07-03T15:08:43.566Z] Initializing Socket.io...
[2026-07-03T15:08:49.004Z] Client connected: BbmzdlcWmzwtbXKnAAAB
[2026-07-03T15:08:49.012Z] Client BbmzdlcWmzwtbXKnAAAB joined zone: zone2
[2026-07-03T15:29:17.824Z] Client connected: eacGPfegoFTYNsHRAAAD
[2026-07-03T15:29:17.852Z] Client eacGPfegoFTYNsHRAAAD joined zone: zone1
[2026-07-03T15:29:17.972Z] Client eacGPfegoFTYNsHRAAAD left zone: zone1
[2026-07-03T15:29:17.973Z] Client eacGPfegoFTYNsHRAAAD joined zone: zone1
[2026-07-03T15:29:17.974Z] Client eacGPfegoFTYNsHRAAAD joined zone: zone1
[2026-07-03T15:29:25.492Z] Client eacGPfegoFTYNsHRAAAD left zone: zone1
[2026-07-03T15:33:49.917Z] Initializing Socket.io...
[2026-07-03T15:33:50.027Z] Client connected: OW9WcUatH_Bp87kvAAAB
[2026-07-03T15:33:50.044Z] Client OW9WcUatH_Bp87kvAAAB joined zone: zone2
[2026-07-03T15:33:51.996Z] Client connected: CDhDnjt0Sf8Ndyg2AAAD
[2026-07-03T15:34:08.667Z] Client disconnected: CDhDnjt0Sf8Ndyg2AAAD
[2026-07-03T15:35:50.151Z] Initializing Socket.io...
[2026-07-03T15:35:50.271Z] Client connected: GFhlVSyWmqbMi1dgAAAB
[2026-07-03T15:35:50.291Z] Client GFhlVSyWmqbMi1dgAAAB joined zone: zone2
[2026-07-03T15:38:10.284Z] Initializing Socket.io...
[2026-07-03T15:38:12.053Z] Client connected: KkSBUZMGp_baWcYoAAAB
[2026-07-03T15:38:12.088Z] Client KkSBUZMGp_baWcYoAAAB joined zone: zone2
[2026-07-03T15:39:22.167Z] Initializing Socket.io...
[2026-07-03T15:39:22.264Z] Client connected: 9Dvy_61cRDXjOreHAAAB
[2026-07-03T15:39:22.278Z] Client 9Dvy_61cRDXjOreHAAAB joined zone: zone2
[2026-07-06T06:43:01.458Z] Initializing Socket.io...
[2026-07-06T12:23:51.116Z] Initializing Socket.io...
[2026-07-06T12:25:38.166Z] Initializing Socket.io...
[2026-07-06T13:47:28.124Z] Initializing Socket.io...
[2026-07-07T15:26:19.231Z] Initializing Socket.io...
[2026-07-07T15:26:57.803Z] Initializing Socket.io...
[2026-07-07T15:28:07.053Z] Initializing Socket.io...
[2026-07-07T15:30:04.613Z] Client connected: hT7rwg9rs5N53GhDAAAB
[2026-07-07T15:30:04.625Z] Client hT7rwg9rs5N53GhDAAAB joined zone: zone1
[2026-07-07T15:30:04.674Z] Client hT7rwg9rs5N53GhDAAAB left zone: zone1
[2026-07-07T15:30:04.675Z] Client hT7rwg9rs5N53GhDAAAB joined zone: zone1
[2026-07-07T15:30:04.675Z] Client hT7rwg9rs5N53GhDAAAB joined zone: zone1
[2026-07-07T15:30:17.070Z] Client hT7rwg9rs5N53GhDAAAB left zone: zone1
[2026-07-07T15:30:17.096Z] Client hT7rwg9rs5N53GhDAAAB joined user room: user_DAYsSmngufcZOio70ncMrb3D2vm2
[2026-07-07T15:30:17.098Z] Client hT7rwg9rs5N53GhDAAAB left user room: user_DAYsSmngufcZOio70ncMrb3D2vm2
[2026-07-07T15:30:17.098Z] Client hT7rwg9rs5N53GhDAAAB joined user room: user_DAYsSmngufcZOio70ncMrb3D2vm2
[2026-07-07T15:31:47.245Z] Client connected: u44pLXpxl0MCjjR2AAAD
[2026-07-07T15:31:47.254Z] Client u44pLXpxl0MCjjR2AAAD joined zone: zone2
[2026-07-07T15:31:47.355Z] Client u44pLXpxl0MCjjR2AAAD left zone: zone2
[2026-07-07T15:31:47.355Z] Client u44pLXpxl0MCjjR2AAAD joined zone: zone2
[2026-07-07T15:31:47.356Z] Client u44pLXpxl0MCjjR2AAAD joined zone: zone2
[2026-07-07T15:31:50.922Z] Client u44pLXpxl0MCjjR2AAAD left zone: zone2
[2026-07-07T15:35:23.059Z] Initializing Socket.io...
[2026-07-07T15:35:24.535Z] Client connected: NmWHc7YOkThBwjgZAAAB
[2026-07-07T15:35:26.524Z] Client connected: rbbUKlFOicIr7eu9AAAD
[2026-07-07T15:35:26.530Z] Client rbbUKlFOicIr7eu9AAAD joined user room: user_DAYsSmngufcZOio70ncMrb3D2vm2
[2026-07-07T15:35:39.922Z] Initializing Socket.io...
[2026-07-07T15:35:41.534Z] Client connected: L5b1UJ-VnH9ID_enAAAB
[2026-07-07T15:35:41.543Z] Client L5b1UJ-VnH9ID_enAAAB joined user room: user_DAYsSmngufcZOio70ncMrb3D2vm2
[2026-07-07T15:35:42.554Z] Client connected: vPp1iZaXOHyYzh3TAAAD
[2026-07-07T15:36:24.095Z] Client vPp1iZaXOHyYzh3TAAAD joined zone: zone2
[2026-07-07T15:36:24.240Z] Client vPp1iZaXOHyYzh3TAAAD left zone: zone2
[2026-07-07T15:36:24.241Z] Client vPp1iZaXOHyYzh3TAAAD joined zone: zone2
[2026-07-07T15:36:27.598Z] Client vPp1iZaXOHyYzh3TAAAD left zone: zone2
[2026-07-07T15:47:28.795Z] Client disconnected: vPp1iZaXOHyYzh3TAAAD
[2026-07-07T15:47:28.797Z] Client disconnected: L5b1UJ-VnH9ID_enAAAB
[2026-07-07T15:50:23.623Z] Client connected: mPREgrr0WXSlx5hOAAAG
[2026-07-07T15:50:25.208Z] Client connected: 3kcNdmfWuAXThbDLAAAH
[2026-07-07T15:50:27.440Z] Client 3kcNdmfWuAXThbDLAAAH joined user room: user_DAYsSmngufcZOio70ncMrb3D2vm2
[2026-07-07T15:59:30.219Z] Client disconnected: 3kcNdmfWuAXThbDLAAAH
[2026-07-07T15:59:30.220Z] Client disconnected: mPREgrr0WXSlx5hOAAAG
[2026-07-07T15:59:32.571Z] Client connected: 3vOXWqihotmoBv9JAAAJ
[2026-07-07T15:59:32.590Z] Client 3vOXWqihotmoBv9JAAAJ joined user room: user_DAYsSmngufcZOio70ncMrb3D2vm2
[2026-07-07T15:59:32.713Z] Client 3vOXWqihotmoBv9JAAAJ left user room: user_DAYsSmngufcZOio70ncMrb3D2vm2
[2026-07-07T15:59:32.714Z] Client 3vOXWqihotmoBv9JAAAJ joined user room: user_DAYsSmngufcZOio70ncMrb3D2vm2
[2026-07-07T15:59:32.714Z] Client 3vOXWqihotmoBv9JAAAJ joined user room: user_DAYsSmngufcZOio70ncMrb3D2vm2
[2026-07-07T16:01:29.151Z] Initializing Socket.io...
[2026-07-07T16:01:31.536Z] Client connected: fFZ60sXLThCNYkHQAAAB
[2026-07-07T16:01:31.558Z] Client fFZ60sXLThCNYkHQAAAB joined user room: user_DAYsSmngufcZOio70ncMrb3D2vm2
[2026-07-07T16:01:52.154Z] Initializing Socket.io...
[2026-07-07T16:01:53.509Z] Client connected: lnN9hDroXTJcFlLkAAAB
[2026-07-07T16:01:53.542Z] Client lnN9hDroXTJcFlLkAAAB joined user room: user_DAYsSmngufcZOio70ncMrb3D2vm2
[2026-07-07T16:03:13.743Z] Initializing Socket.io...
[2026-07-07T16:03:15.462Z] Client connected: 0HDsHaONaxfziR_hAAAB
[2026-07-07T16:03:15.470Z] Client 0HDsHaONaxfziR_hAAAB joined user room: user_DAYsSmngufcZOio70ncMrb3D2vm2
[2026-07-07T16:13:30.814Z] Client 0HDsHaONaxfziR_hAAAB left user room: user_DAYsSmngufcZOio70ncMrb3D2vm2
[2026-07-07T16:13:40.280Z] Client 0HDsHaONaxfziR_hAAAB joined zone: zone1
[2026-07-07T16:13:40.638Z] Client 0HDsHaONaxfziR_hAAAB left zone: zone1
[2026-07-07T16:13:40.639Z] Client 0HDsHaONaxfziR_hAAAB joined zone: zone1
[2026-07-07T16:13:59.688Z] Client connected: 8SbGFY4bTYwMTHajAAAD
[2026-07-07T16:13:59.704Z] Client 8SbGFY4bTYwMTHajAAAD joined zone: zone2
[2026-07-07T16:13:59.815Z] Client 8SbGFY4bTYwMTHajAAAD left zone: zone2
[2026-07-07T16:13:59.816Z] Client 8SbGFY4bTYwMTHajAAAD joined zone: zone2
[2026-07-07T16:13:59.818Z] Client 8SbGFY4bTYwMTHajAAAD joined zone: zone2
[2026-07-07T16:15:48.811Z] Initializing Socket.io...
[2026-07-07T16:15:49.485Z] Client connected: RIJIvSNnRrBgvZ3NAAAB
[2026-07-07T16:15:49.500Z] Client RIJIvSNnRrBgvZ3NAAAB joined zone: zone1
[2026-07-07T16:15:50.470Z] Client connected: ik7alboXCxBZ3WAvAAAD
[2026-07-07T16:15:50.489Z] Client ik7alboXCxBZ3WAvAAAD joined zone: zone2
[2026-07-07T16:16:11.457Z] Initializing Socket.io...
[2026-07-07T16:16:12.508Z] Client connected: ftjBJU1scnEIyMWrAAAB
[2026-07-07T16:16:12.526Z] Client ftjBJU1scnEIyMWrAAAB joined zone: zone2
[2026-07-07T16:16:13.458Z] Client connected: 2dKrn_rS61sPe_CeAAAD
[2026-07-07T16:16:13.474Z] Client 2dKrn_rS61sPe_CeAAAD joined zone: zone1
[2026-07-07T16:22:10.646Z] Initializing Socket.io...
[2026-07-07T16:22:13.523Z] Client connected: FFUiqn66yT3hDyUoAAAC
[2026-07-07T16:22:13.540Z] Client connected: vcp7ZcQr5Dmvq-GWAAAD
[2026-07-07T16:22:13.546Z] Client FFUiqn66yT3hDyUoAAAC joined zone: zone2
[2026-07-07T16:22:13.552Z] Client vcp7ZcQr5Dmvq-GWAAAD joined zone: zone1
[2026-07-07T16:22:41.996Z] Initializing Socket.io...
[2026-07-07T16:22:44.471Z] Client connected: NFqIMJC13x9V9riUAAAB
[2026-07-07T16:22:44.480Z] Client NFqIMJC13x9V9riUAAAB joined zone: zone1
[2026-07-07T16:22:45.464Z] Client connected: fRegKnjuPkXSVSgVAAAD
[2026-07-07T16:22:45.474Z] Client fRegKnjuPkXSVSgVAAAD joined zone: zone2
[2026-07-07T16:25:36.641Z] Initializing Socket.io...
[2026-07-07T16:25:39.538Z] Client connected: _GQY5vb25kyy-0v1AAAB
[2026-07-07T16:25:39.558Z] Client _GQY5vb25kyy-0v1AAAB joined zone: zone2
[2026-07-07T16:25:40.459Z] Client connected: YTM1LGwLE21mDSwhAAAD
[2026-07-07T16:25:41.068Z] Client YTM1LGwLE21mDSwhAAAD joined zone: zone1
[2026-07-07T16:26:39.459Z] Initializing Socket.io...
[2026-07-07T16:26:41.477Z] Client connected: 6kV5-AYLypfZllqKAAAC
[2026-07-07T16:26:41.489Z] Client connected: RQEDIzQsWVxtxLZ_AAAD
[2026-07-07T16:26:41.495Z] Client 6kV5-AYLypfZllqKAAAC joined zone: zone2
[2026-07-07T16:26:41.500Z] Client RQEDIzQsWVxtxLZ_AAAD joined zone: zone1
[2026-07-07T16:34:07.323Z] Client disconnected: 6kV5-AYLypfZllqKAAAC
[2026-07-07T16:34:07.587Z] Client disconnected: RQEDIzQsWVxtxLZ_AAAD
[2026-07-07T16:34:15.577Z] Client connected: otjHt-RXVWvH2zZaAAAF
[2026-07-07T16:34:15.723Z] Client otjHt-RXVWvH2zZaAAAF joined zone: zone2
[2026-07-07T16:34:15.754Z] Client otjHt-RXVWvH2zZaAAAF left zone: zone2
[2026-07-07T16:34:15.755Z] Client otjHt-RXVWvH2zZaAAAF joined zone: zone2
[2026-07-07T16:34:15.755Z] Client otjHt-RXVWvH2zZaAAAF joined zone: zone2
[2026-07-07T16:34:16.414Z] Client connected: 28iONBdPfJOgrG0hAAAH
[2026-07-07T16:34:16.436Z] Client 28iONBdPfJOgrG0hAAAH joined zone: zone1
[2026-07-07T16:34:16.445Z] Client 28iONBdPfJOgrG0hAAAH left zone: zone1
[2026-07-07T16:34:16.446Z] Client 28iONBdPfJOgrG0hAAAH joined zone: zone1
[2026-07-07T16:34:16.446Z] Client 28iONBdPfJOgrG0hAAAH joined zone: zone1
[2026-07-07T16:42:47.542Z] Client disconnected: 28iONBdPfJOgrG0hAAAH
[2026-07-07T16:42:51.628Z] Client disconnected: otjHt-RXVWvH2zZaAAAF
[2026-07-07T16:45:52.209Z] Initializing Socket.io...
[2026-07-07T16:56:06.273Z] Initializing Socket.io...
[2026-07-08T09:13:57.291Z] Initializing Socket.io...
[2026-07-08T10:03:39.520Z] Client connected: 00ejzizh3VJ4TPyAAAAB
[2026-07-08T10:03:39.576Z] Client 00ejzizh3VJ4TPyAAAAB joined zone: zone5
[2026-07-08T10:03:39.587Z] Client 00ejzizh3VJ4TPyAAAAB joined zone: zone5
[2026-07-08T10:03:39.589Z] Client 00ejzizh3VJ4TPyAAAAB joined zone: zone5
[2026-07-08T10:03:48.880Z] Client 00ejzizh3VJ4TPyAAAAB left zone: zone5
[2026-07-08T10:03:48.895Z] Client 00ejzizh3VJ4TPyAAAAB left zone: zone5
[2026-07-08T10:03:48.899Z] Client 00ejzizh3VJ4TPyAAAAB joined zone: zone5
[2026-07-08T10:03:48.900Z] Client 00ejzizh3VJ4TPyAAAAB joined zone: zone5
[2026-07-08T10:03:48.963Z] Client 00ejzizh3VJ4TPyAAAAB left zone: zone5
[2026-07-08T10:03:48.964Z] Client 00ejzizh3VJ4TPyAAAAB left zone: zone5
[2026-07-08T10:03:48.964Z] Client 00ejzizh3VJ4TPyAAAAB joined zone: zone5
[2026-07-08T10:03:49.035Z] Client 00ejzizh3VJ4TPyAAAAB joined zone: zone5
[2026-07-08T10:03:50.368Z] Client 00ejzizh3VJ4TPyAAAAB left zone: zone5
[2026-07-08T10:03:50.403Z] Client 00ejzizh3VJ4TPyAAAAB left zone: zone5
[2026-07-08T10:03:50.406Z] Client 00ejzizh3VJ4TPyAAAAB joined zone: zone5
[2026-07-08T10:03:50.407Z] Client 00ejzizh3VJ4TPyAAAAB joined zone: zone5
[2026-07-08T10:03:50.408Z] Client 00ejzizh3VJ4TPyAAAAB left zone: zone5
[2026-07-08T10:03:50.414Z] Client 00ejzizh3VJ4TPyAAAAB left zone: zone5
[2026-07-08T10:03:50.416Z] Client 00ejzizh3VJ4TPyAAAAB joined zone: zone5
[2026-07-08T10:03:50.417Z] Client 00ejzizh3VJ4TPyAAAAB joined zone: zone5
[2026-07-08T10:03:58.961Z] Client 00ejzizh3VJ4TPyAAAAB left zone: zone5
[2026-07-08T10:03:58.965Z] Client 00ejzizh3VJ4TPyAAAAB left zone: zone5
[2026-07-08T10:04:20.055Z] Client connected: sHxnD-In6Isbi7LsAAAD
[2026-07-08T10:04:20.101Z] Client sHxnD-In6Isbi7LsAAAD joined zone: zone5
[2026-07-08T10:04:20.123Z] Client sHxnD-In6Isbi7LsAAAD joined zone: zone5
[2026-07-08T10:04:20.124Z] Client sHxnD-In6Isbi7LsAAAD joined zone: zone5
[2026-07-08T10:04:21.705Z] Client sHxnD-In6Isbi7LsAAAD left zone: zone5
[2026-07-08T10:04:21.720Z] Client sHxnD-In6Isbi7LsAAAD left zone: zone5
[2026-07-08T10:12:00.625Z] Client 00ejzizh3VJ4TPyAAAAB joined zone: zone2
[2026-07-08T10:12:00.885Z] Client 00ejzizh3VJ4TPyAAAAB left zone: zone2
[2026-07-08T10:12:00.887Z] Client 00ejzizh3VJ4TPyAAAAB joined zone: zone2
[2026-07-08T10:12:34.553Z] Client 00ejzizh3VJ4TPyAAAAB left zone: zone2
[2026-07-08T10:12:34.661Z] Client 00ejzizh3VJ4TPyAAAAB joined zone: zone4
[2026-07-08T10:12:34.662Z] Client 00ejzizh3VJ4TPyAAAAB left zone: zone4
[2026-07-08T10:12:34.663Z] Client 00ejzizh3VJ4TPyAAAAB joined zone: zone4
[2026-07-08T10:12:59.746Z] Client 00ejzizh3VJ4TPyAAAAB left zone: zone4
[2026-07-08T10:13:00.092Z] Client 00ejzizh3VJ4TPyAAAAB joined zone: zone3
[2026-07-08T10:13:00.098Z] Client 00ejzizh3VJ4TPyAAAAB left zone: zone3
[2026-07-08T10:13:00.099Z] Client 00ejzizh3VJ4TPyAAAAB joined zone: zone3
[2026-07-08T10:13:16.170Z] Client 00ejzizh3VJ4TPyAAAAB left zone: zone3
[2026-07-08T10:13:16.282Z] Client 00ejzizh3VJ4TPyAAAAB joined zone: zone4
[2026-07-08T10:13:16.287Z] Client 00ejzizh3VJ4TPyAAAAB left zone: zone4
[2026-07-08T10:13:16.312Z] Client 00ejzizh3VJ4TPyAAAAB joined zone: zone4
[2026-07-08T10:13:22.541Z] Client 00ejzizh3VJ4TPyAAAAB left zone: zone4
[2026-07-08T10:13:22.851Z] Client 00ejzizh3VJ4TPyAAAAB joined zone: zone3
[2026-07-08T10:13:22.855Z] Client 00ejzizh3VJ4TPyAAAAB left zone: zone3
[2026-07-08T10:13:22.857Z] Client 00ejzizh3VJ4TPyAAAAB joined zone: zone3
[2026-07-08T10:14:06.773Z] Client 00ejzizh3VJ4TPyAAAAB left zone: zone3
[2026-07-08T10:14:06.889Z] Client 00ejzizh3VJ4TPyAAAAB joined user room: user_i9Z7PIWWrcVKPlAalPqgKM32B9T2
[2026-07-08T10:14:07.018Z] Client 00ejzizh3VJ4TPyAAAAB left user room: user_i9Z7PIWWrcVKPlAalPqgKM32B9T2
[2026-07-08T10:14:07.019Z] Client 00ejzizh3VJ4TPyAAAAB joined user room: user_i9Z7PIWWrcVKPlAalPqgKM32B9T2
[2026-07-08T10:14:14.256Z] Client 00ejzizh3VJ4TPyAAAAB left user room: user_i9Z7PIWWrcVKPlAalPqgKM32B9T2
[2026-07-08T10:15:18.005Z] Client 00ejzizh3VJ4TPyAAAAB joined zone: zone4
[2026-07-08T10:15:18.223Z] Client 00ejzizh3VJ4TPyAAAAB left zone: zone4
[2026-07-08T10:15:18.239Z] Client 00ejzizh3VJ4TPyAAAAB joined zone: zone4
[2026-07-08T10:15:31.827Z] Client 00ejzizh3VJ4TPyAAAAB left zone: zone4
[2026-07-08T10:16:33.617Z] Client 00ejzizh3VJ4TPyAAAAB joined zone: zone4
[2026-07-08T10:16:33.775Z] Client 00ejzizh3VJ4TPyAAAAB left zone: zone4
[2026-07-08T10:16:33.776Z] Client 00ejzizh3VJ4TPyAAAAB joined zone: zone4
[2026-07-08T10:16:53.030Z] Client disconnected: 00ejzizh3VJ4TPyAAAAB
[2026-07-08T10:16:54.430Z] Client connected: XhzxhpLfkanWaQLXAAAF
[2026-07-08T10:16:54.534Z] Client XhzxhpLfkanWaQLXAAAF joined zone: zone4
[2026-07-08T10:16:54.673Z] Client XhzxhpLfkanWaQLXAAAF left zone: zone4
[2026-07-08T10:16:54.674Z] Client XhzxhpLfkanWaQLXAAAF joined zone: zone4
[2026-07-08T10:16:54.675Z] Client XhzxhpLfkanWaQLXAAAF joined zone: zone4
[2026-07-08T10:16:56.667Z] Client XhzxhpLfkanWaQLXAAAF left zone: zone4
[2026-07-08T10:17:05.969Z] Client disconnected: XhzxhpLfkanWaQLXAAAF
[2026-07-08T10:18:31.616Z] Client connected: czEY-4H8GvtKIgJkAAAH
[2026-07-08T10:18:31.641Z] Client czEY-4H8GvtKIgJkAAAH joined zone: zone4
[2026-07-08T10:18:31.685Z] Client czEY-4H8GvtKIgJkAAAH left zone: zone4
[2026-07-08T10:18:31.686Z] Client czEY-4H8GvtKIgJkAAAH joined zone: zone4
[2026-07-08T10:18:31.687Z] Client czEY-4H8GvtKIgJkAAAH joined zone: zone4
[2026-07-08T10:18:35.636Z] Client czEY-4H8GvtKIgJkAAAH left zone: zone4
[2026-07-08T10:18:57.111Z] Client czEY-4H8GvtKIgJkAAAH joined zone: zone4
[2026-07-08T10:18:57.249Z] Client czEY-4H8GvtKIgJkAAAH left zone: zone4
[2026-07-08T10:18:57.253Z] Client czEY-4H8GvtKIgJkAAAH joined zone: zone4
[2026-07-08T10:23:59.696Z] Initializing Socket.io...
[2026-07-08T10:24:05.477Z] Client disconnected: sHxnD-In6Isbi7LsAAAD
[2026-07-08T10:25:07.695Z] Client disconnected: czEY-4H8GvtKIgJkAAAH
[2026-07-08T10:25:17.714Z] Initializing Socket.io...
[2026-07-08T10:26:15.255Z] Initializing Socket.io...
[2026-07-08T10:26:56.037Z] Initializing Socket.io...
[2026-07-08T10:27:59.825Z] Client connected: rvLuIHvTRbjpsvOfAAAB
[2026-07-08T10:27:59.878Z] Client rvLuIHvTRbjpsvOfAAAB joined zone: zone4
[2026-07-08T10:27:59.990Z] Client rvLuIHvTRbjpsvOfAAAB left zone: zone4
[2026-07-08T10:27:59.992Z] Client rvLuIHvTRbjpsvOfAAAB joined zone: zone4
[2026-07-08T10:27:59.993Z] Client rvLuIHvTRbjpsvOfAAAB joined zone: zone4
[2026-07-08T10:28:04.793Z] Client connected: EqCN-HKNKlydhHgEAAAD
[2026-07-08T10:28:04.846Z] Client EqCN-HKNKlydhHgEAAAD joined zone: zone5
[2026-07-08T10:28:04.855Z] Client EqCN-HKNKlydhHgEAAAD joined zone: zone5
[2026-07-08T10:28:04.857Z] Client EqCN-HKNKlydhHgEAAAD left zone: zone5
[2026-07-08T10:28:04.859Z] Client EqCN-HKNKlydhHgEAAAD left zone: zone5
[2026-07-08T10:28:04.860Z] Client EqCN-HKNKlydhHgEAAAD joined zone: zone5
[2026-07-08T10:28:04.861Z] Client EqCN-HKNKlydhHgEAAAD joined zone: zone5
[2026-07-08T10:28:04.862Z] Client EqCN-HKNKlydhHgEAAAD joined zone: zone5
[2026-07-08T10:28:08.141Z] Client EqCN-HKNKlydhHgEAAAD left zone: zone5
[2026-07-08T10:28:08.153Z] Client EqCN-HKNKlydhHgEAAAD left zone: zone5
[2026-07-08T10:28:09.900Z] Client disconnected: EqCN-HKNKlydhHgEAAAD
[2026-07-08T10:29:48.835Z] Client disconnected: rvLuIHvTRbjpsvOfAAAB
[2026-07-08T10:29:57.289Z] Client connected: f8Y6NkEBttq9QvXNAAAF
[2026-07-08T10:29:57.423Z] Client f8Y6NkEBttq9QvXNAAAF joined zone: zone4
[2026-07-08T10:29:57.445Z] Client f8Y6NkEBttq9QvXNAAAF left zone: zone4
[2026-07-08T10:29:57.446Z] Client f8Y6NkEBttq9QvXNAAAF joined zone: zone4
[2026-07-08T10:29:57.447Z] Client f8Y6NkEBttq9QvXNAAAF joined zone: zone4
[2026-07-08T10:30:01.867Z] Client connected: SNExmAN0fPUHtLzEAAAH
[2026-07-08T10:30:01.969Z] Client SNExmAN0fPUHtLzEAAAH joined zone: zone5
[2026-07-08T10:30:01.985Z] Client SNExmAN0fPUHtLzEAAAH joined zone: zone5
[2026-07-08T10:30:01.990Z] Client SNExmAN0fPUHtLzEAAAH left zone: zone5
[2026-07-08T10:30:01.994Z] Client SNExmAN0fPUHtLzEAAAH left zone: zone5
[2026-07-08T10:30:02.000Z] Client SNExmAN0fPUHtLzEAAAH joined zone: zone5
[2026-07-08T10:30:02.002Z] Client SNExmAN0fPUHtLzEAAAH joined zone: zone5
[2026-07-08T10:30:02.004Z] Client SNExmAN0fPUHtLzEAAAH joined zone: zone5
[2026-07-08T10:30:10.430Z] Client SNExmAN0fPUHtLzEAAAH left zone: zone5
[2026-07-08T10:30:10.434Z] Client SNExmAN0fPUHtLzEAAAH left zone: zone5
[2026-07-08T10:30:10.435Z] Client SNExmAN0fPUHtLzEAAAH joined zone: zone5
[2026-07-08T10:30:10.436Z] Client SNExmAN0fPUHtLzEAAAH joined zone: zone5
[2026-07-08T10:30:10.437Z] Client SNExmAN0fPUHtLzEAAAH left zone: zone5
[2026-07-08T10:30:10.440Z] Client SNExmAN0fPUHtLzEAAAH left zone: zone5
[2026-07-08T10:30:10.442Z] Client SNExmAN0fPUHtLzEAAAH joined zone: zone5
[2026-07-08T10:30:10.444Z] Client SNExmAN0fPUHtLzEAAAH joined zone: zone5
[2026-07-08T10:30:10.929Z] Client SNExmAN0fPUHtLzEAAAH left zone: zone5
[2026-07-08T10:30:10.972Z] Client SNExmAN0fPUHtLzEAAAH left zone: zone5
[2026-07-08T10:30:11.412Z] Client SNExmAN0fPUHtLzEAAAH joined zone: zone5
[2026-07-08T10:30:11.427Z] Client SNExmAN0fPUHtLzEAAAH joined zone: zone5
[2026-07-08T10:30:11.428Z] Client SNExmAN0fPUHtLzEAAAH left zone: zone5
[2026-07-08T10:30:11.443Z] Client SNExmAN0fPUHtLzEAAAH left zone: zone5
[2026-07-08T10:30:11.452Z] Client SNExmAN0fPUHtLzEAAAH joined zone: zone5
[2026-07-08T10:30:11.453Z] Client SNExmAN0fPUHtLzEAAAH joined zone: zone5
[2026-07-08T10:30:14.413Z] Client SNExmAN0fPUHtLzEAAAH left zone: zone5
[2026-07-08T10:30:14.450Z] Client SNExmAN0fPUHtLzEAAAH left zone: zone5
[2026-07-08T10:30:15.049Z] Client SNExmAN0fPUHtLzEAAAH joined zone: zone5
[2026-07-08T10:30:15.066Z] Client SNExmAN0fPUHtLzEAAAH joined zone: zone5
[2026-07-08T10:30:15.067Z] Client SNExmAN0fPUHtLzEAAAH left zone: zone5
[2026-07-08T10:30:15.069Z] Client SNExmAN0fPUHtLzEAAAH left zone: zone5
[2026-07-08T10:30:15.070Z] Client SNExmAN0fPUHtLzEAAAH joined zone: zone5
[2026-07-08T10:30:15.074Z] Client SNExmAN0fPUHtLzEAAAH joined zone: zone5
[2026-07-08T10:30:17.422Z] Client SNExmAN0fPUHtLzEAAAH left zone: zone5
[2026-07-08T10:30:17.453Z] Client SNExmAN0fPUHtLzEAAAH left zone: zone5
[2026-07-08T10:30:17.897Z] Client SNExmAN0fPUHtLzEAAAH joined zone: zone5
[2026-07-08T10:30:17.935Z] Client SNExmAN0fPUHtLzEAAAH joined zone: zone5
[2026-07-08T10:30:17.938Z] Client SNExmAN0fPUHtLzEAAAH left zone: zone5
[2026-07-08T10:30:17.939Z] Client SNExmAN0fPUHtLzEAAAH left zone: zone5
[2026-07-08T10:30:17.941Z] Client SNExmAN0fPUHtLzEAAAH joined zone: zone5
[2026-07-08T10:30:17.942Z] Client SNExmAN0fPUHtLzEAAAH joined zone: zone5
[2026-07-08T10:30:29.865Z] Client SNExmAN0fPUHtLzEAAAH left zone: zone5
[2026-07-08T10:30:29.873Z] Client SNExmAN0fPUHtLzEAAAH left zone: zone5
[2026-07-08T10:30:29.874Z] Client SNExmAN0fPUHtLzEAAAH joined zone: zone5
[2026-07-08T10:30:29.875Z] Client SNExmAN0fPUHtLzEAAAH joined zone: zone5
[2026-07-08T10:30:29.877Z] Client SNExmAN0fPUHtLzEAAAH left zone: zone5
[2026-07-08T10:30:29.879Z] Client SNExmAN0fPUHtLzEAAAH left zone: zone5
[2026-07-08T10:30:29.880Z] Client SNExmAN0fPUHtLzEAAAH joined zone: zone5
[2026-07-08T10:30:29.881Z] Client SNExmAN0fPUHtLzEAAAH joined zone: zone5
[2026-07-08T10:30:31.840Z] Client disconnected: SNExmAN0fPUHtLzEAAAH
[2026-07-08T10:30:32.742Z] Client connected: A6sq-5wIKvxOFqV1AAAJ
[2026-07-08T10:30:32.779Z] Client A6sq-5wIKvxOFqV1AAAJ joined zone: zone5
[2026-07-08T10:30:32.831Z] Client A6sq-5wIKvxOFqV1AAAJ joined zone: zone5
[2026-07-08T10:30:32.833Z] Client A6sq-5wIKvxOFqV1AAAJ joined zone: zone5
[2026-07-08T10:30:34.756Z] Client A6sq-5wIKvxOFqV1AAAJ left zone: zone5
[2026-07-08T10:30:34.812Z] Client A6sq-5wIKvxOFqV1AAAJ left zone: zone5
[2026-07-08T10:30:35.334Z] Client A6sq-5wIKvxOFqV1AAAJ joined zone: zone5
[2026-07-08T10:30:35.346Z] Client A6sq-5wIKvxOFqV1AAAJ joined zone: zone5
[2026-07-08T10:30:35.350Z] Client A6sq-5wIKvxOFqV1AAAJ left zone: zone5
[2026-07-08T10:30:35.353Z] Client A6sq-5wIKvxOFqV1AAAJ left zone: zone5
[2026-07-08T10:30:35.356Z] Client A6sq-5wIKvxOFqV1AAAJ joined zone: zone5
[2026-07-08T10:30:35.358Z] Client A6sq-5wIKvxOFqV1AAAJ joined zone: zone5
[2026-07-08T10:31:10.586Z] Client disconnected: A6sq-5wIKvxOFqV1AAAJ
[2026-07-08T10:31:11.346Z] Client disconnected: f8Y6NkEBttq9QvXNAAAF
[2026-07-08T10:31:17.092Z] Client connected: NOKan1bw9ytc_es5AAAL
[2026-07-08T10:31:17.131Z] Client NOKan1bw9ytc_es5AAAL joined zone: zone5
[2026-07-08T10:31:17.205Z] Client NOKan1bw9ytc_es5AAAL joined zone: zone5
[2026-07-08T10:31:17.207Z] Client NOKan1bw9ytc_es5AAAL joined zone: zone5
[2026-07-08T10:31:18.783Z] Client NOKan1bw9ytc_es5AAAL left zone: zone5
[2026-07-08T10:31:18.802Z] Client NOKan1bw9ytc_es5AAAL left zone: zone5
[2026-07-08T10:31:31.145Z] Client NOKan1bw9ytc_es5AAAL joined zone: zone5
[2026-07-08T10:31:31.172Z] Client NOKan1bw9ytc_es5AAAL joined zone: zone5
[2026-07-08T10:31:31.175Z] Client NOKan1bw9ytc_es5AAAL left zone: zone5
[2026-07-08T10:31:31.190Z] Client NOKan1bw9ytc_es5AAAL left zone: zone5
[2026-07-08T10:31:31.190Z] Client NOKan1bw9ytc_es5AAAL joined zone: zone5
[2026-07-08T10:31:31.191Z] Client NOKan1bw9ytc_es5AAAL joined zone: zone5
[2026-07-08T10:31:46.622Z] Client NOKan1bw9ytc_es5AAAL left zone: zone5
[2026-07-08T10:31:46.636Z] Client NOKan1bw9ytc_es5AAAL left zone: zone5
[2026-07-08T10:31:46.638Z] Client NOKan1bw9ytc_es5AAAL joined zone: zone5
[2026-07-08T10:31:46.639Z] Client NOKan1bw9ytc_es5AAAL joined zone: zone5
[2026-07-08T10:31:46.641Z] Client NOKan1bw9ytc_es5AAAL left zone: zone5
[2026-07-08T10:31:46.643Z] Client NOKan1bw9ytc_es5AAAL left zone: zone5
[2026-07-08T10:31:46.644Z] Client NOKan1bw9ytc_es5AAAL joined zone: zone5
[2026-07-08T10:31:46.645Z] Client NOKan1bw9ytc_es5AAAL joined zone: zone5
[2026-07-08T10:31:47.890Z] Client NOKan1bw9ytc_es5AAAL left zone: zone5
[2026-07-08T10:31:47.907Z] Client NOKan1bw9ytc_es5AAAL left zone: zone5
[2026-07-08T10:31:47.908Z] Client NOKan1bw9ytc_es5AAAL joined zone: zone5
[2026-07-08T10:31:47.927Z] Client NOKan1bw9ytc_es5AAAL joined zone: zone5
[2026-07-08T10:31:47.928Z] Client NOKan1bw9ytc_es5AAAL left zone: zone5
[2026-07-08T10:31:47.929Z] Client NOKan1bw9ytc_es5AAAL left zone: zone5
[2026-07-08T10:31:47.930Z] Client NOKan1bw9ytc_es5AAAL joined zone: zone5
[2026-07-08T10:31:47.930Z] Client NOKan1bw9ytc_es5AAAL joined zone: zone5
[2026-07-08T10:31:53.851Z] Client disconnected: NOKan1bw9ytc_es5AAAL
[2026-07-08T10:31:55.748Z] Client connected: czp6Lv8aTkcDleKjAAAN
[2026-07-08T10:31:55.790Z] Client czp6Lv8aTkcDleKjAAAN joined zone: zone5
[2026-07-08T10:31:55.796Z] Client czp6Lv8aTkcDleKjAAAN joined zone: zone5
[2026-07-08T10:31:55.797Z] Client czp6Lv8aTkcDleKjAAAN joined zone: zone5
[2026-07-08T10:31:59.313Z] Client czp6Lv8aTkcDleKjAAAN left zone: zone5
[2026-07-08T10:31:59.376Z] Client czp6Lv8aTkcDleKjAAAN left zone: zone5
[2026-07-08T10:31:59.778Z] Client czp6Lv8aTkcDleKjAAAN joined zone: zone5
[2026-07-08T10:31:59.790Z] Client czp6Lv8aTkcDleKjAAAN joined zone: zone5
[2026-07-08T10:31:59.791Z] Client czp6Lv8aTkcDleKjAAAN left zone: zone5
[2026-07-08T10:31:59.793Z] Client czp6Lv8aTkcDleKjAAAN left zone: zone5
[2026-07-08T10:31:59.795Z] Client czp6Lv8aTkcDleKjAAAN joined zone: zone5
[2026-07-08T10:31:59.796Z] Client czp6Lv8aTkcDleKjAAAN joined zone: zone5
[2026-07-08T10:32:03.376Z] Client disconnected: czp6Lv8aTkcDleKjAAAN
[2026-07-08T10:32:03.827Z] Client connected: f3BJzw52PdvwLfWwAAAP
[2026-07-08T10:32:03.881Z] Client f3BJzw52PdvwLfWwAAAP joined zone: zone5
[2026-07-08T10:32:03.896Z] Client f3BJzw52PdvwLfWwAAAP joined zone: zone5
[2026-07-08T10:32:03.897Z] Client f3BJzw52PdvwLfWwAAAP joined zone: zone5
[2026-07-08T10:32:06.370Z] Client f3BJzw52PdvwLfWwAAAP left zone: zone5
[2026-07-08T10:32:06.390Z] Client f3BJzw52PdvwLfWwAAAP left zone: zone5
[2026-07-08T10:32:06.393Z] Client f3BJzw52PdvwLfWwAAAP joined zone: zone5
[2026-07-08T10:32:06.394Z] Client f3BJzw52PdvwLfWwAAAP joined zone: zone5
[2026-07-08T10:32:06.397Z] Client f3BJzw52PdvwLfWwAAAP left zone: zone5
[2026-07-08T10:32:06.398Z] Client f3BJzw52PdvwLfWwAAAP left zone: zone5
[2026-07-08T10:32:06.399Z] Client f3BJzw52PdvwLfWwAAAP joined zone: zone5
[2026-07-08T10:32:06.401Z] Client f3BJzw52PdvwLfWwAAAP joined zone: zone5
[2026-07-08T10:32:12.042Z] Client f3BJzw52PdvwLfWwAAAP left zone: zone5
[2026-07-08T10:32:12.056Z] Client f3BJzw52PdvwLfWwAAAP left zone: zone5
[2026-07-08T10:32:12.057Z] Client f3BJzw52PdvwLfWwAAAP joined zone: zone5
[2026-07-08T10:32:12.058Z] Client f3BJzw52PdvwLfWwAAAP joined zone: zone5
[2026-07-08T10:32:12.059Z] Client f3BJzw52PdvwLfWwAAAP left zone: zone5
[2026-07-08T10:32:12.061Z] Client f3BJzw52PdvwLfWwAAAP left zone: zone5
[2026-07-08T10:32:12.062Z] Client f3BJzw52PdvwLfWwAAAP joined zone: zone5
[2026-07-08T10:32:12.064Z] Client f3BJzw52PdvwLfWwAAAP joined zone: zone5
[2026-07-08T10:32:14.554Z] Client f3BJzw52PdvwLfWwAAAP left zone: zone5
[2026-07-08T10:32:14.564Z] Client f3BJzw52PdvwLfWwAAAP left zone: zone5
[2026-07-08T10:32:26.956Z] Client f3BJzw52PdvwLfWwAAAP joined zone: zone5
[2026-07-08T10:32:26.966Z] Client f3BJzw52PdvwLfWwAAAP joined zone: zone5
[2026-07-08T10:32:26.967Z] Client f3BJzw52PdvwLfWwAAAP left zone: zone5
[2026-07-08T10:32:26.967Z] Client f3BJzw52PdvwLfWwAAAP left zone: zone5
[2026-07-08T10:32:26.968Z] Client f3BJzw52PdvwLfWwAAAP joined zone: zone5
[2026-07-08T10:32:26.969Z] Client f3BJzw52PdvwLfWwAAAP joined zone: zone5
[2026-07-08T10:35:58.547Z] Client disconnected: f3BJzw52PdvwLfWwAAAP
[2026-07-08T10:41:16.799Z] Client connected: cbJg4Z-I_ebmUKpZAAAR
[2026-07-08T10:41:17.031Z] Client cbJg4Z-I_ebmUKpZAAAR joined zone: zone5
[2026-07-08T10:41:17.332Z] Client cbJg4Z-I_ebmUKpZAAAR joined zone: zone5
[2026-07-08T10:41:17.333Z] Client cbJg4Z-I_ebmUKpZAAAR joined zone: zone5
[2026-07-08T10:41:22.954Z] Client cbJg4Z-I_ebmUKpZAAAR left zone: zone5
[2026-07-08T10:41:23.314Z] Client cbJg4Z-I_ebmUKpZAAAR left zone: zone5
[2026-07-08T10:41:25.089Z] Client cbJg4Z-I_ebmUKpZAAAR joined zone: zone5
[2026-07-08T10:41:25.133Z] Client cbJg4Z-I_ebmUKpZAAAR joined zone: zone5
[2026-07-08T10:41:25.134Z] Client cbJg4Z-I_ebmUKpZAAAR left zone: zone5
[2026-07-08T10:41:25.135Z] Client cbJg4Z-I_ebmUKpZAAAR left zone: zone5
[2026-07-08T10:41:25.136Z] Client cbJg4Z-I_ebmUKpZAAAR joined zone: zone5
[2026-07-08T10:41:25.136Z] Client cbJg4Z-I_ebmUKpZAAAR joined zone: zone5
[2026-07-08T10:41:34.996Z] Client cbJg4Z-I_ebmUKpZAAAR left zone: zone5
[2026-07-08T10:41:35.198Z] Client cbJg4Z-I_ebmUKpZAAAR left zone: zone5
[2026-07-08T10:41:36.364Z] Client cbJg4Z-I_ebmUKpZAAAR joined zone: zone5
[2026-07-08T10:41:36.397Z] Client cbJg4Z-I_ebmUKpZAAAR joined zone: zone5
[2026-07-08T10:41:36.398Z] Client cbJg4Z-I_ebmUKpZAAAR left zone: zone5
[2026-07-08T10:41:36.405Z] Client cbJg4Z-I_ebmUKpZAAAR left zone: zone5
[2026-07-08T10:41:36.406Z] Client cbJg4Z-I_ebmUKpZAAAR joined zone: zone5
[2026-07-08T10:41:36.408Z] Client cbJg4Z-I_ebmUKpZAAAR joined zone: zone5
[2026-07-08T10:41:45.239Z] Client cbJg4Z-I_ebmUKpZAAAR left zone: zone5
[2026-07-08T10:41:45.264Z] Client cbJg4Z-I_ebmUKpZAAAR left zone: zone5
[2026-07-08T10:41:45.265Z] Client cbJg4Z-I_ebmUKpZAAAR joined zone: zone5
[2026-07-08T10:41:45.267Z] Client cbJg4Z-I_ebmUKpZAAAR joined zone: zone5
[2026-07-08T10:41:45.267Z] Client cbJg4Z-I_ebmUKpZAAAR left zone: zone5
[2026-07-08T10:41:45.268Z] Client cbJg4Z-I_ebmUKpZAAAR left zone: zone5
[2026-07-08T10:41:45.269Z] Client cbJg4Z-I_ebmUKpZAAAR joined zone: zone5
[2026-07-08T10:41:45.270Z] Client cbJg4Z-I_ebmUKpZAAAR joined zone: zone5
[2026-07-08T10:43:47.163Z] Client cbJg4Z-I_ebmUKpZAAAR left zone: zone5
[2026-07-08T10:43:47.183Z] Client cbJg4Z-I_ebmUKpZAAAR left zone: zone5
[2026-07-08T10:43:47.186Z] Client cbJg4Z-I_ebmUKpZAAAR joined zone: zone5
[2026-07-08T10:43:47.187Z] Client cbJg4Z-I_ebmUKpZAAAR joined zone: zone5
[2026-07-08T10:43:47.191Z] Client cbJg4Z-I_ebmUKpZAAAR left zone: zone5
[2026-07-08T10:43:47.193Z] Client cbJg4Z-I_ebmUKpZAAAR left zone: zone5
[2026-07-08T10:43:47.194Z] Client cbJg4Z-I_ebmUKpZAAAR joined zone: zone5
[2026-07-08T10:43:47.194Z] Client cbJg4Z-I_ebmUKpZAAAR joined zone: zone5
[2026-07-08T10:43:49.171Z] Client cbJg4Z-I_ebmUKpZAAAR left zone: zone5
[2026-07-08T10:43:49.386Z] Client cbJg4Z-I_ebmUKpZAAAR left zone: zone5
[2026-07-08T10:43:50.578Z] Client cbJg4Z-I_ebmUKpZAAAR joined zone: zone5
[2026-07-08T10:43:50.617Z] Client cbJg4Z-I_ebmUKpZAAAR joined zone: zone5
[2026-07-08T10:43:50.618Z] Client cbJg4Z-I_ebmUKpZAAAR left zone: zone5
[2026-07-08T10:43:50.623Z] Client cbJg4Z-I_ebmUKpZAAAR left zone: zone5
[2026-07-08T10:43:50.628Z] Client cbJg4Z-I_ebmUKpZAAAR joined zone: zone5
[2026-07-08T10:43:50.628Z] Client cbJg4Z-I_ebmUKpZAAAR joined zone: zone5
[2026-07-08T10:45:52.089Z] Client cbJg4Z-I_ebmUKpZAAAR left zone: zone5
[2026-07-08T10:45:52.226Z] Client cbJg4Z-I_ebmUKpZAAAR left zone: zone5
[2026-07-08T10:45:52.228Z] Client cbJg4Z-I_ebmUKpZAAAR joined zone: zone5
[2026-07-08T10:45:52.231Z] Client cbJg4Z-I_ebmUKpZAAAR joined zone: zone5
[2026-07-08T10:45:52.235Z] Client cbJg4Z-I_ebmUKpZAAAR left zone: zone5
[2026-07-08T10:45:52.236Z] Client cbJg4Z-I_ebmUKpZAAAR left zone: zone5
[2026-07-08T10:45:52.240Z] Client cbJg4Z-I_ebmUKpZAAAR joined zone: zone5
[2026-07-08T10:45:52.240Z] Client cbJg4Z-I_ebmUKpZAAAR joined zone: zone5
[2026-07-08T10:45:53.806Z] Client cbJg4Z-I_ebmUKpZAAAR left zone: zone5
[2026-07-08T10:45:53.863Z] Client cbJg4Z-I_ebmUKpZAAAR left zone: zone5
[2026-07-08T10:49:00.663Z] Client cbJg4Z-I_ebmUKpZAAAR joined zone: zone2
[2026-07-08T10:49:01.514Z] Client cbJg4Z-I_ebmUKpZAAAR left zone: zone2
[2026-07-08T10:49:01.516Z] Client cbJg4Z-I_ebmUKpZAAAR joined zone: zone2
[2026-07-08T10:49:08.785Z] Client cbJg4Z-I_ebmUKpZAAAR left zone: zone2
[2026-07-08T10:49:12.122Z] Client cbJg4Z-I_ebmUKpZAAAR joined zone: zone4
[2026-07-08T10:49:12.300Z] Client cbJg4Z-I_ebmUKpZAAAR left zone: zone4
[2026-07-08T10:49:12.301Z] Client cbJg4Z-I_ebmUKpZAAAR joined zone: zone4
[2026-07-08T10:49:29.693Z] Client cbJg4Z-I_ebmUKpZAAAR left zone: zone4
[2026-07-08T10:49:29.703Z] Client cbJg4Z-I_ebmUKpZAAAR joined zone: zone4
[2026-07-08T10:49:29.704Z] Client cbJg4Z-I_ebmUKpZAAAR left zone: zone4
[2026-07-08T10:49:29.705Z] Client cbJg4Z-I_ebmUKpZAAAR joined zone: zone4
[2026-07-08T10:49:30.150Z] Client cbJg4Z-I_ebmUKpZAAAR left zone: zone4
[2026-07-08T10:49:32.782Z] Client cbJg4Z-I_ebmUKpZAAAR joined zone: zone5
[2026-07-08T10:49:32.795Z] Client cbJg4Z-I_ebmUKpZAAAR joined zone: zone5
[2026-07-08T10:49:32.797Z] Client cbJg4Z-I_ebmUKpZAAAR left zone: zone5
[2026-07-08T10:49:32.797Z] Client cbJg4Z-I_ebmUKpZAAAR left zone: zone5
[2026-07-08T10:49:32.798Z] Client cbJg4Z-I_ebmUKpZAAAR joined zone: zone5
[2026-07-08T10:49:32.800Z] Client cbJg4Z-I_ebmUKpZAAAR joined zone: zone5
[2026-07-08T10:49:34.407Z] Client cbJg4Z-I_ebmUKpZAAAR left zone: zone5
[2026-07-08T10:49:34.414Z] Client cbJg4Z-I_ebmUKpZAAAR left zone: zone5
[2026-07-08T10:49:54.556Z] Client cbJg4Z-I_ebmUKpZAAAR joined zone: zone1
[2026-07-08T10:49:54.877Z] Client cbJg4Z-I_ebmUKpZAAAR left zone: zone1
[2026-07-08T10:49:54.878Z] Client cbJg4Z-I_ebmUKpZAAAR joined zone: zone1
[2026-07-08T10:49:59.597Z] Client cbJg4Z-I_ebmUKpZAAAR left zone: zone1
[2026-07-08T10:50:11.004Z] Client cbJg4Z-I_ebmUKpZAAAR joined user room: user_Vpv5FnHA3IV9DggekAP2aAyUES43
[2026-07-08T10:50:11.014Z] Client cbJg4Z-I_ebmUKpZAAAR left user room: user_Vpv5FnHA3IV9DggekAP2aAyUES43
[2026-07-08T10:50:11.016Z] Client cbJg4Z-I_ebmUKpZAAAR joined user room: user_Vpv5FnHA3IV9DggekAP2aAyUES43
[2026-07-08T10:50:13.553Z] Client cbJg4Z-I_ebmUKpZAAAR left user room: user_Vpv5FnHA3IV9DggekAP2aAyUES43
[2026-07-08T10:50:23.730Z] Client cbJg4Z-I_ebmUKpZAAAR joined zone: zone1
[2026-07-08T10:50:23.745Z] Client cbJg4Z-I_ebmUKpZAAAR left zone: zone1
[2026-07-08T10:50:23.746Z] Client cbJg4Z-I_ebmUKpZAAAR joined zone: zone1
[2026-07-08T10:51:09.242Z] Client cbJg4Z-I_ebmUKpZAAAR left zone: zone1
[2026-07-08T10:53:32.806Z] Client disconnected: cbJg4Z-I_ebmUKpZAAAR
[2026-07-08T10:53:54.026Z] Client connected: pqEpxDEij1BJ2o5RAAAT
[2026-07-08T10:53:54.326Z] Client pqEpxDEij1BJ2o5RAAAT joined zone: zone1
[2026-07-08T10:53:54.340Z] Client pqEpxDEij1BJ2o5RAAAT left zone: zone1
[2026-07-08T10:53:54.340Z] Client pqEpxDEij1BJ2o5RAAAT joined zone: zone1
[2026-07-08T10:53:54.342Z] Client pqEpxDEij1BJ2o5RAAAT joined zone: zone1
[2026-07-08T10:54:17.958Z] Client connected: uDp00h6XNoKEEIkTAAAV
[2026-07-08T10:54:17.995Z] Client uDp00h6XNoKEEIkTAAAV joined zone: zone5
[2026-07-08T10:54:18.023Z] Client uDp00h6XNoKEEIkTAAAV joined zone: zone5
[2026-07-08T10:54:18.024Z] Client uDp00h6XNoKEEIkTAAAV joined zone: zone5
[2026-07-08T10:54:19.715Z] Client uDp00h6XNoKEEIkTAAAV left zone: zone5
[2026-07-08T10:54:19.732Z] Client uDp00h6XNoKEEIkTAAAV left zone: zone5
[2026-07-08T10:56:29.971Z] Client pqEpxDEij1BJ2o5RAAAT left zone: zone1
[2026-07-08T10:56:29.991Z] Client pqEpxDEij1BJ2o5RAAAT joined user room: user_Vpv5FnHA3IV9DggekAP2aAyUES43
[2026-07-08T10:56:29.992Z] Client pqEpxDEij1BJ2o5RAAAT left user room: user_Vpv5FnHA3IV9DggekAP2aAyUES43
[2026-07-08T10:56:29.993Z] Client pqEpxDEij1BJ2o5RAAAT joined user room: user_Vpv5FnHA3IV9DggekAP2aAyUES43
[2026-07-08T10:57:11.372Z] Client uDp00h6XNoKEEIkTAAAV joined user room: user_2vMDMh5oE7PDXejIchA0eKtg7dq2
[2026-07-08T10:57:11.380Z] Client uDp00h6XNoKEEIkTAAAV left user room: user_2vMDMh5oE7PDXejIchA0eKtg7dq2
[2026-07-08T10:57:11.382Z] Client uDp00h6XNoKEEIkTAAAV joined user room: user_2vMDMh5oE7PDXejIchA0eKtg7dq2
[2026-07-08T10:57:14.117Z] Client uDp00h6XNoKEEIkTAAAV left user room: user_2vMDMh5oE7PDXejIchA0eKtg7dq2
[2026-07-08T10:58:03.283Z] Client connected: jLZRHlYVAwDIeSslAAAX
[2026-07-08T10:58:03.360Z] Client jLZRHlYVAwDIeSslAAAX joined zone: zone5
[2026-07-08T10:58:03.374Z] Client jLZRHlYVAwDIeSslAAAX joined zone: zone5
[2026-07-08T10:58:03.376Z] Client jLZRHlYVAwDIeSslAAAX joined zone: zone5
[2026-07-08T10:58:05.115Z] Client jLZRHlYVAwDIeSslAAAX left zone: zone5
[2026-07-08T10:58:05.141Z] Client jLZRHlYVAwDIeSslAAAX left zone: zone5
[2026-07-08T10:58:05.142Z] Client jLZRHlYVAwDIeSslAAAX joined zone: zone5
[2026-07-08T10:58:05.143Z] Client jLZRHlYVAwDIeSslAAAX joined zone: zone5
[2026-07-08T10:58:05.145Z] Client jLZRHlYVAwDIeSslAAAX left zone: zone5
[2026-07-08T10:58:05.146Z] Client jLZRHlYVAwDIeSslAAAX left zone: zone5
[2026-07-08T10:58:05.146Z] Client jLZRHlYVAwDIeSslAAAX joined zone: zone5
[2026-07-08T10:58:05.147Z] Client jLZRHlYVAwDIeSslAAAX joined zone: zone5
[2026-07-08T10:58:08.331Z] Client jLZRHlYVAwDIeSslAAAX left zone: zone5
[2026-07-08T10:58:08.338Z] Client jLZRHlYVAwDIeSslAAAX left zone: zone5
[2026-07-08T10:58:19.803Z] Client jLZRHlYVAwDIeSslAAAX joined zone: zone2
[2026-07-08T10:58:19.936Z] Client jLZRHlYVAwDIeSslAAAX left zone: zone2
[2026-07-08T10:58:19.937Z] Client jLZRHlYVAwDIeSslAAAX joined zone: zone2
[2026-07-08T10:58:23.191Z] Client jLZRHlYVAwDIeSslAAAX left zone: zone2
[2026-07-08T10:59:33.148Z] Client disconnected: jLZRHlYVAwDIeSslAAAX
[2026-07-08T11:00:10.111Z] Client connected: joSQf_uz_cS-g4wZAAAZ
[2026-07-08T11:00:10.127Z] Client joSQf_uz_cS-g4wZAAAZ joined user room: user_i9Z7PIWWrcVKPlAalPqgKM32B9T2
[2026-07-08T11:00:10.129Z] Client joSQf_uz_cS-g4wZAAAZ left user room: user_i9Z7PIWWrcVKPlAalPqgKM32B9T2
[2026-07-08T11:00:10.131Z] Client joSQf_uz_cS-g4wZAAAZ joined user room: user_i9Z7PIWWrcVKPlAalPqgKM32B9T2
[2026-07-08T11:00:10.133Z] Client joSQf_uz_cS-g4wZAAAZ joined user room: user_i9Z7PIWWrcVKPlAalPqgKM32B9T2
[2026-07-08T11:00:11.273Z] Client joSQf_uz_cS-g4wZAAAZ left user room: user_i9Z7PIWWrcVKPlAalPqgKM32B9T2
[2026-07-08T11:00:13.744Z] Client joSQf_uz_cS-g4wZAAAZ joined zone: zone4
[2026-07-08T11:00:13.912Z] Client joSQf_uz_cS-g4wZAAAZ left zone: zone4
[2026-07-08T11:00:13.918Z] Client joSQf_uz_cS-g4wZAAAZ joined zone: zone4
[2026-07-08T11:00:15.774Z] Client joSQf_uz_cS-g4wZAAAZ left zone: zone4
[2026-07-08T11:00:15.918Z] Client joSQf_uz_cS-g4wZAAAZ joined zone: zone2
[2026-07-08T11:00:15.920Z] Client joSQf_uz_cS-g4wZAAAZ left zone: zone2
[2026-07-08T11:00:15.922Z] Client joSQf_uz_cS-g4wZAAAZ joined zone: zone2
[2026-07-08T11:00:17.363Z] Client joSQf_uz_cS-g4wZAAAZ left zone: zone2
[2026-07-08T11:00:17.479Z] Client joSQf_uz_cS-g4wZAAAZ joined zone: zone4
[2026-07-08T11:00:17.479Z] Client joSQf_uz_cS-g4wZAAAZ left zone: zone4
[2026-07-08T11:00:17.480Z] Client joSQf_uz_cS-g4wZAAAZ joined zone: zone4
[2026-07-08T11:00:32.898Z] Client joSQf_uz_cS-g4wZAAAZ left zone: zone4
[2026-07-08T11:00:39.696Z] Client joSQf_uz_cS-g4wZAAAZ joined zone: zone4
[2026-07-08T11:00:39.860Z] Client joSQf_uz_cS-g4wZAAAZ left zone: zone4
[2026-07-08T11:00:39.862Z] Client joSQf_uz_cS-g4wZAAAZ joined zone: zone4
[2026-07-08T11:00:46.269Z] Client joSQf_uz_cS-g4wZAAAZ left zone: zone4
[2026-07-08T11:07:21.629Z] Client pqEpxDEij1BJ2o5RAAAT left user room: user_Vpv5FnHA3IV9DggekAP2aAyUES43
[2026-07-08T11:18:13.257Z] Initializing Socket.io...
[2026-07-08T11:18:13.400Z] Client connected: 5lVSIISMcWcaR-BXAAAB
[2026-07-08T11:18:13.664Z] Initializing Socket.io...
[2026-07-08T11:18:13.862Z] Client connected: L_Z7-4Z5DqHXtW7GAAAD
[2026-07-08T11:18:14.859Z] Client connected: qo0kL65zVnF-GmNvAAAF
[2026-07-08T11:20:25.414Z] Client 5lVSIISMcWcaR-BXAAAB joined zone: zone1
[2026-07-08T11:20:25.450Z] Client 5lVSIISMcWcaR-BXAAAB left zone: zone1
[2026-07-08T11:20:25.451Z] Client 5lVSIISMcWcaR-BXAAAB joined zone: zone1
[2026-07-08T11:27:56.738Z] Client 5lVSIISMcWcaR-BXAAAB left zone: zone1
[2026-07-08T11:36:16.977Z] Initializing Socket.io...
[2026-07-08T11:36:17.153Z] Client connected: WxH9feZh-nE1vEViAAAD
[2026-07-08T11:36:17.158Z] Client connected: 5Q80l7j4n7OXa2vGAAAE
[2026-07-08T11:36:17.180Z] Client connected: qXaaYktOJUkNA0N1AAAF
[2026-07-08T11:36:17.293Z] Initializing Socket.io...
[2026-07-08T11:36:46.345Z] Initializing Socket.io...
[2026-07-08T11:36:46.470Z] Client connected: XgAtHhbEn7ZC_8pZAAAB
[2026-07-08T11:36:46.788Z] Initializing Socket.io...
[2026-07-08T11:36:46.863Z] Client connected: hcKUk6im7selUEMkAAAE
[2026-07-08T11:36:46.868Z] Client connected: VywEcbLBb3x13V7UAAAF
[2026-07-08T11:40:57.501Z] Initializing Socket.io...
[2026-07-08T11:40:57.731Z] Initializing Socket.io...
[2026-07-08T11:40:58.872Z] Client connected: ljkN6gGbXs2xTG1HAAAD
[2026-07-08T11:40:58.884Z] Client connected: r-MHfcMAMWxnzu-sAAAE
[2026-07-08T11:40:58.888Z] Client connected: jZGHkEwL0ETypCU7AAAF
[2026-07-08T11:43:33.631Z] Client connected: Ky5YUQhRFM96G53uAAAH
[2026-07-08T11:43:33.665Z] Client Ky5YUQhRFM96G53uAAAH joined zone: zone5
[2026-07-08T11:43:33.710Z] Client Ky5YUQhRFM96G53uAAAH joined zone: zone5
[2026-07-08T11:43:33.712Z] Client Ky5YUQhRFM96G53uAAAH joined zone: zone5
[2026-07-08T11:43:43.624Z] Client Ky5YUQhRFM96G53uAAAH left zone: zone5
[2026-07-08T11:43:43.631Z] Client Ky5YUQhRFM96G53uAAAH left zone: zone5
[2026-07-08T11:43:43.633Z] Client Ky5YUQhRFM96G53uAAAH joined zone: zone5
[2026-07-08T11:43:43.635Z] Client Ky5YUQhRFM96G53uAAAH joined zone: zone5
[2026-07-08T11:43:43.638Z] Client Ky5YUQhRFM96G53uAAAH left zone: zone5
[2026-07-08T11:43:43.639Z] Client Ky5YUQhRFM96G53uAAAH left zone: zone5
[2026-07-08T11:43:43.640Z] Client Ky5YUQhRFM96G53uAAAH joined zone: zone5
[2026-07-08T11:43:43.641Z] Client Ky5YUQhRFM96G53uAAAH joined zone: zone5
[2026-07-08T11:43:51.623Z] Client Ky5YUQhRFM96G53uAAAH left zone: zone5
[2026-07-08T11:43:51.629Z] Client Ky5YUQhRFM96G53uAAAH left zone: zone5
[2026-07-08T11:43:51.631Z] Client Ky5YUQhRFM96G53uAAAH joined zone: zone5
[2026-07-08T11:43:51.632Z] Client Ky5YUQhRFM96G53uAAAH joined zone: zone5
[2026-07-08T11:43:51.633Z] Client Ky5YUQhRFM96G53uAAAH left zone: zone5
[2026-07-08T11:43:51.634Z] Client Ky5YUQhRFM96G53uAAAH left zone: zone5
[2026-07-08T11:43:51.634Z] Client Ky5YUQhRFM96G53uAAAH joined zone: zone5
[2026-07-08T11:43:51.635Z] Client Ky5YUQhRFM96G53uAAAH joined zone: zone5
[2026-07-08T11:43:59.617Z] Client Ky5YUQhRFM96G53uAAAH left zone: zone5
[2026-07-08T11:43:59.624Z] Client Ky5YUQhRFM96G53uAAAH left zone: zone5
[2026-07-08T11:43:59.625Z] Client Ky5YUQhRFM96G53uAAAH joined zone: zone5
[2026-07-08T11:43:59.625Z] Client Ky5YUQhRFM96G53uAAAH joined zone: zone5
[2026-07-08T11:43:59.626Z] Client Ky5YUQhRFM96G53uAAAH left zone: zone5
[2026-07-08T11:43:59.628Z] Client Ky5YUQhRFM96G53uAAAH left zone: zone5
[2026-07-08T11:43:59.629Z] Client Ky5YUQhRFM96G53uAAAH joined zone: zone5
[2026-07-08T11:43:59.630Z] Client Ky5YUQhRFM96G53uAAAH joined zone: zone5
[2026-07-08T11:44:07.632Z] Client Ky5YUQhRFM96G53uAAAH left zone: zone5
[2026-07-08T11:44:07.637Z] Client Ky5YUQhRFM96G53uAAAH left zone: zone5
[2026-07-08T11:44:07.638Z] Client Ky5YUQhRFM96G53uAAAH joined zone: zone5
[2026-07-08T11:44:07.638Z] Client Ky5YUQhRFM96G53uAAAH joined zone: zone5
[2026-07-08T11:44:07.639Z] Client Ky5YUQhRFM96G53uAAAH left zone: zone5
[2026-07-08T11:44:07.640Z] Client Ky5YUQhRFM96G53uAAAH left zone: zone5
[2026-07-08T11:44:07.640Z] Client Ky5YUQhRFM96G53uAAAH joined zone: zone5
[2026-07-08T11:44:07.642Z] Client Ky5YUQhRFM96G53uAAAH joined zone: zone5
[2026-07-08T11:44:15.696Z] Client Ky5YUQhRFM96G53uAAAH left zone: zone5
[2026-07-08T11:44:15.711Z] Client Ky5YUQhRFM96G53uAAAH left zone: zone5
[2026-07-08T11:44:15.714Z] Client Ky5YUQhRFM96G53uAAAH joined zone: zone5
[2026-07-08T11:44:15.715Z] Client Ky5YUQhRFM96G53uAAAH joined zone: zone5
[2026-07-08T11:44:15.717Z] Client Ky5YUQhRFM96G53uAAAH left zone: zone5
[2026-07-08T11:44:15.718Z] Client Ky5YUQhRFM96G53uAAAH left zone: zone5
[2026-07-08T11:44:15.724Z] Client Ky5YUQhRFM96G53uAAAH joined zone: zone5
[2026-07-08T11:44:15.726Z] Client Ky5YUQhRFM96G53uAAAH joined zone: zone5
[2026-07-08T11:50:27.420Z] Client disconnected: Ky5YUQhRFM96G53uAAAH
[2026-07-08T11:50:28.501Z] Client connected: 4KFDDjyhGKpVxGHqAAAJ
[2026-07-08T11:50:28.588Z] Client 4KFDDjyhGKpVxGHqAAAJ joined zone: zone5
[2026-07-08T11:50:28.628Z] Client 4KFDDjyhGKpVxGHqAAAJ joined zone: zone5
[2026-07-08T11:50:28.629Z] Client 4KFDDjyhGKpVxGHqAAAJ joined zone: zone5
[2026-07-08T11:50:59.445Z] Client disconnected: ljkN6gGbXs2xTG1HAAAD
[2026-07-08T11:57:36.201Z] Client disconnected: jZGHkEwL0ETypCU7AAAF
[2026-07-08T11:59:36.313Z] Client disconnected: r-MHfcMAMWxnzu-sAAAE
[2026-07-08T12:04:33.506Z] Client 4KFDDjyhGKpVxGHqAAAJ joined zone: zone5
[2026-07-08T12:04:33.514Z] Client 4KFDDjyhGKpVxGHqAAAJ left zone: zone5
[2026-07-08T12:04:33.516Z] Client 4KFDDjyhGKpVxGHqAAAJ joined zone: zone5
[2026-07-08T12:04:36.518Z] Client 4KFDDjyhGKpVxGHqAAAJ left zone: zone5
[2026-07-08T12:04:36.543Z] Client 4KFDDjyhGKpVxGHqAAAJ left zone: zone5
[2026-07-08T12:05:36.975Z] Client disconnected: 4KFDDjyhGKpVxGHqAAAJ
[2026-07-08T12:05:40.808Z] Client connected: XvEMFFkQ7mMNgszPAAAL
[2026-07-08T12:05:41.043Z] Client XvEMFFkQ7mMNgszPAAAL joined zone: zone5
[2026-07-08T12:05:41.090Z] Client XvEMFFkQ7mMNgszPAAAL joined zone: zone5
[2026-07-08T12:07:47.093Z] Client disconnected: XvEMFFkQ7mMNgszPAAAL
[2026-07-08T12:07:47.771Z] Client connected: 0Vu2kk3JoKVh0NSaAAAN
[2026-07-08T12:07:47.798Z] Client 0Vu2kk3JoKVh0NSaAAAN joined zone: zone5
[2026-07-08T12:07:47.837Z] Client 0Vu2kk3JoKVh0NSaAAAN joined zone: zone5
[2026-07-08T12:08:16.418Z] Client disconnected: 0Vu2kk3JoKVh0NSaAAAN
[2026-07-08T12:09:02.023Z] Client connected: zhQrMTHc2p1OtKtsAAAP
[2026-07-08T12:09:02.064Z] Client zhQrMTHc2p1OtKtsAAAP joined zone: zone5
[2026-07-08T12:09:02.138Z] Client zhQrMTHc2p1OtKtsAAAP joined zone: zone5
[2026-07-08T12:11:37.638Z] Client zhQrMTHc2p1OtKtsAAAP left zone: zone5
[2026-07-08T12:11:37.669Z] Client zhQrMTHc2p1OtKtsAAAP joined zone: zone5
[2026-07-08T12:11:37.670Z] Client zhQrMTHc2p1OtKtsAAAP joined zone: zone5
[2026-07-08T12:11:37.678Z] Client zhQrMTHc2p1OtKtsAAAP left zone: zone5
[2026-07-08T12:11:37.689Z] Client zhQrMTHc2p1OtKtsAAAP left zone: zone5
[2026-07-08T12:11:37.690Z] Client zhQrMTHc2p1OtKtsAAAP joined zone: zone5
[2026-07-08T12:11:37.696Z] Client zhQrMTHc2p1OtKtsAAAP joined zone: zone5
[2026-07-08T12:11:40.147Z] Client zhQrMTHc2p1OtKtsAAAP left zone: zone5
[2026-07-08T12:11:40.161Z] Client zhQrMTHc2p1OtKtsAAAP left zone: zone5
[2026-07-08T12:11:40.163Z] Client zhQrMTHc2p1OtKtsAAAP joined zone: zone5
[2026-07-08T12:11:40.164Z] Client zhQrMTHc2p1OtKtsAAAP left zone: zone5
[2026-07-08T12:11:40.165Z] Client zhQrMTHc2p1OtKtsAAAP joined zone: zone5
[2026-07-08T12:14:10.932Z] Client disconnected: zhQrMTHc2p1OtKtsAAAP
[2026-07-08T12:14:12.674Z] Client connected: w85DONPpe4y_0OhUAAAR
[2026-07-08T12:14:12.854Z] Client w85DONPpe4y_0OhUAAAR joined zone: zone5
[2026-07-08T12:14:12.882Z] Client w85DONPpe4y_0OhUAAAR joined zone: zone5
[2026-07-08T12:14:38.112Z] Client disconnected: w85DONPpe4y_0OhUAAAR
[2026-07-08T12:14:38.536Z] Client connected: dSEJQWs3Y4kytlYzAAAT
[2026-07-08T12:14:38.579Z] Client dSEJQWs3Y4kytlYzAAAT joined zone: zone5
[2026-07-08T12:14:38.592Z] Client dSEJQWs3Y4kytlYzAAAT joined zone: zone5
[2026-07-08T12:14:57.958Z] Client disconnected: dSEJQWs3Y4kytlYzAAAT
[2026-07-08T12:14:58.643Z] Client connected: vkG7iKWOwOlmAcs3AAAV
[2026-07-08T12:14:58.714Z] Client vkG7iKWOwOlmAcs3AAAV joined zone: zone5
[2026-07-08T12:14:58.726Z] Client vkG7iKWOwOlmAcs3AAAV joined zone: zone5
[2026-07-08T12:16:16.693Z] Client disconnected: vkG7iKWOwOlmAcs3AAAV
[2026-07-08T12:16:18.690Z] Client connected: K5P8b4RpfFOjfCa4AAAX
[2026-07-08T12:16:18.850Z] Client K5P8b4RpfFOjfCa4AAAX joined zone: zone5
[2026-07-08T12:16:18.892Z] Client K5P8b4RpfFOjfCa4AAAX joined zone: zone5
[2026-07-08T12:16:23.498Z] Client disconnected: K5P8b4RpfFOjfCa4AAAX
[2026-07-08T12:16:30.212Z] Client connected: QlzoCYJ_nIib_HlNAAAZ
[2026-07-08T12:16:30.226Z] Client QlzoCYJ_nIib_HlNAAAZ joined zone: zone5
[2026-07-08T12:16:30.237Z] Client QlzoCYJ_nIib_HlNAAAZ left zone: zone5
[2026-07-08T12:16:30.242Z] Client QlzoCYJ_nIib_HlNAAAZ joined zone: zone5
[2026-07-08T12:16:30.242Z] Client QlzoCYJ_nIib_HlNAAAZ joined zone: zone5
[2026-07-08T12:16:33.430Z] Client QlzoCYJ_nIib_HlNAAAZ left zone: zone5
[2026-07-08T12:16:33.449Z] Client QlzoCYJ_nIib_HlNAAAZ joined zone: zone5
[2026-07-08T12:16:33.451Z] Client QlzoCYJ_nIib_HlNAAAZ joined zone: zone5
[2026-07-08T12:16:33.452Z] Client QlzoCYJ_nIib_HlNAAAZ left zone: zone5
[2026-07-08T12:16:33.456Z] Client QlzoCYJ_nIib_HlNAAAZ left zone: zone5
[2026-07-08T12:16:33.458Z] Client QlzoCYJ_nIib_HlNAAAZ joined zone: zone5
[2026-07-08T12:16:33.462Z] Client QlzoCYJ_nIib_HlNAAAZ joined zone: zone5
[2026-07-08T12:18:27.665Z] Client QlzoCYJ_nIib_HlNAAAZ left zone: zone5
[2026-07-08T12:18:27.698Z] Client QlzoCYJ_nIib_HlNAAAZ left zone: zone5
[2026-07-08T12:18:27.700Z] Client QlzoCYJ_nIib_HlNAAAZ joined zone: zone5
[2026-07-08T12:18:27.704Z] Client QlzoCYJ_nIib_HlNAAAZ joined zone: zone5
[2026-07-08T12:18:27.705Z] Client QlzoCYJ_nIib_HlNAAAZ left zone: zone5
[2026-07-08T12:18:27.708Z] Client QlzoCYJ_nIib_HlNAAAZ left zone: zone5
[2026-07-08T12:18:27.711Z] Client QlzoCYJ_nIib_HlNAAAZ joined zone: zone5
[2026-07-08T12:18:27.712Z] Client QlzoCYJ_nIib_HlNAAAZ joined zone: zone5
[2026-07-08T12:18:32.976Z] Client QlzoCYJ_nIib_HlNAAAZ left zone: zone5
[2026-07-08T12:18:32.992Z] Client QlzoCYJ_nIib_HlNAAAZ left zone: zone5
[2026-07-08T12:18:32.995Z] Client QlzoCYJ_nIib_HlNAAAZ joined zone: zone5
[2026-07-08T12:18:32.998Z] Client QlzoCYJ_nIib_HlNAAAZ left zone: zone5
[2026-07-08T12:18:33.002Z] Client QlzoCYJ_nIib_HlNAAAZ joined zone: zone5
[2026-07-08T12:19:13.331Z] Client disconnected: QlzoCYJ_nIib_HlNAAAZ
[2026-07-08T12:20:30.276Z] Client connected: IYbxOjqE48nFiIJBAAAb
[2026-07-08T12:20:30.355Z] Client IYbxOjqE48nFiIJBAAAb joined zone: zone5
[2026-07-08T12:20:30.371Z] Client IYbxOjqE48nFiIJBAAAb joined zone: zone5
[2026-07-08T12:20:38.818Z] Client IYbxOjqE48nFiIJBAAAb left zone: zone5
[2026-07-08T12:20:38.846Z] Client IYbxOjqE48nFiIJBAAAb joined zone: zone5
[2026-07-08T12:20:38.850Z] Client IYbxOjqE48nFiIJBAAAb left zone: zone5
[2026-07-08T12:20:38.851Z] Client IYbxOjqE48nFiIJBAAAb joined zone: zone5
[2026-07-08T12:21:38.648Z] Client disconnected: IYbxOjqE48nFiIJBAAAb
[2026-07-08T12:21:39.889Z] Client connected: rfPlP_ZVgh8iOK3bAAAd
[2026-07-08T12:21:40.059Z] Client rfPlP_ZVgh8iOK3bAAAd joined zone: zone5
[2026-07-08T12:21:40.161Z] Client rfPlP_ZVgh8iOK3bAAAd left zone: zone5
[2026-07-08T12:21:40.163Z] Client rfPlP_ZVgh8iOK3bAAAd joined zone: zone5
[2026-07-08T12:21:40.216Z] Client rfPlP_ZVgh8iOK3bAAAd joined zone: zone5
[2026-07-08T12:21:44.960Z] Client rfPlP_ZVgh8iOK3bAAAd left zone: zone5
[2026-07-08T12:21:44.975Z] Client rfPlP_ZVgh8iOK3bAAAd joined zone: zone5
[2026-07-08T12:21:44.976Z] Client rfPlP_ZVgh8iOK3bAAAd left zone: zone5
[2026-07-08T12:21:44.978Z] Client rfPlP_ZVgh8iOK3bAAAd joined zone: zone5
[2026-07-08T12:23:29.761Z] Client rfPlP_ZVgh8iOK3bAAAd left zone: zone5
[2026-07-08T12:23:29.776Z] Client rfPlP_ZVgh8iOK3bAAAd joined zone: zone5
[2026-07-08T12:23:29.778Z] Client rfPlP_ZVgh8iOK3bAAAd left zone: zone5
[2026-07-08T12:23:29.779Z] Client rfPlP_ZVgh8iOK3bAAAd joined zone: zone5
[2026-07-08T12:24:11.460Z] Client disconnected: rfPlP_ZVgh8iOK3bAAAd
[2026-07-08T12:24:16.474Z] Client connected: f1-XqZ2Pgb-xR0KOAAAf
[2026-07-08T12:24:16.492Z] Client f1-XqZ2Pgb-xR0KOAAAf joined zone: zone5
[2026-07-08T12:24:16.538Z] Client f1-XqZ2Pgb-xR0KOAAAf left zone: zone5
[2026-07-08T12:24:16.538Z] Client f1-XqZ2Pgb-xR0KOAAAf joined zone: zone5
[2026-07-08T12:24:16.540Z] Client f1-XqZ2Pgb-xR0KOAAAf joined zone: zone5
[2026-07-08T12:24:19.994Z] Client f1-XqZ2Pgb-xR0KOAAAf left zone: zone5
[2026-07-08T12:24:20.009Z] Client f1-XqZ2Pgb-xR0KOAAAf joined zone: zone5
[2026-07-08T12:24:20.010Z] Client f1-XqZ2Pgb-xR0KOAAAf left zone: zone5
[2026-07-08T12:24:20.012Z] Client f1-XqZ2Pgb-xR0KOAAAf joined zone: zone5
[2026-07-08T12:26:06.961Z] Client disconnected: f1-XqZ2Pgb-xR0KOAAAf
[2026-07-08T12:26:08.272Z] Client connected: Hn1y7to7CsT4yqCsAAAh
[2026-07-08T12:26:08.408Z] Client Hn1y7to7CsT4yqCsAAAh joined zone: zone5
[2026-07-08T12:26:08.459Z] Client Hn1y7to7CsT4yqCsAAAh left zone: zone5
[2026-07-08T12:26:08.519Z] Client Hn1y7to7CsT4yqCsAAAh joined zone: zone5
[2026-07-08T12:26:08.543Z] Client Hn1y7to7CsT4yqCsAAAh joined zone: zone5
[2026-07-08T12:26:12.466Z] Client disconnected: Hn1y7to7CsT4yqCsAAAh
[2026-07-08T12:26:53.130Z] Client connected: dHXvs0I_OJt180V5AAAj
[2026-07-08T12:26:53.171Z] Client dHXvs0I_OJt180V5AAAj joined zone: zone5
[2026-07-08T12:26:53.187Z] Client dHXvs0I_OJt180V5AAAj left zone: zone5
[2026-07-08T12:26:53.189Z] Client dHXvs0I_OJt180V5AAAj joined zone: zone5
[2026-07-08T12:26:53.190Z] Client dHXvs0I_OJt180V5AAAj joined zone: zone5
[2026-07-08T12:27:12.645Z] Client disconnected: dHXvs0I_OJt180V5AAAj
[2026-07-08T12:27:44.969Z] Client connected: kdoEgGHOHgzgyHSgAAAl
[2026-07-08T12:27:44.986Z] Client kdoEgGHOHgzgyHSgAAAl joined zone: zone5
[2026-07-08T12:27:45.024Z] Client kdoEgGHOHgzgyHSgAAAl left zone: zone5
[2026-07-08T12:27:45.024Z] Client kdoEgGHOHgzgyHSgAAAl joined zone: zone5
[2026-07-08T12:27:45.031Z] Client kdoEgGHOHgzgyHSgAAAl joined zone: zone5
[2026-07-08T12:29:05.419Z] Client kdoEgGHOHgzgyHSgAAAl left zone: zone5
[2026-07-08T12:29:05.440Z] Client kdoEgGHOHgzgyHSgAAAl joined zone: zone5
[2026-07-08T12:29:05.441Z] Client kdoEgGHOHgzgyHSgAAAl left zone: zone5
[2026-07-08T12:29:05.442Z] Client kdoEgGHOHgzgyHSgAAAl joined zone: zone5
[2026-07-08T12:29:07.895Z] Client kdoEgGHOHgzgyHSgAAAl left zone: zone5
[2026-07-08T12:29:07.906Z] Client kdoEgGHOHgzgyHSgAAAl joined zone: zone5
[2026-07-08T12:29:07.907Z] Client kdoEgGHOHgzgyHSgAAAl left zone: zone5
[2026-07-08T12:29:07.908Z] Client kdoEgGHOHgzgyHSgAAAl joined zone: zone5
[2026-07-08T12:31:08.918Z] Client connected: VMfe-LmgpjB2o1pbAAAn
[2026-07-08T12:31:09.080Z] Client VMfe-LmgpjB2o1pbAAAn joined zone: zone5
[2026-07-08T12:31:09.135Z] Client VMfe-LmgpjB2o1pbAAAn left zone: zone5
[2026-07-08T12:31:09.189Z] Client VMfe-LmgpjB2o1pbAAAn joined zone: zone5
[2026-07-08T12:31:09.190Z] Client VMfe-LmgpjB2o1pbAAAn joined zone: zone5
[2026-07-08T12:31:15.848Z] Client VMfe-LmgpjB2o1pbAAAn left zone: zone5
[2026-07-08T12:31:15.877Z] Client VMfe-LmgpjB2o1pbAAAn joined zone: zone5
[2026-07-08T12:31:15.878Z] Client VMfe-LmgpjB2o1pbAAAn left zone: zone5
[2026-07-08T12:31:15.880Z] Client VMfe-LmgpjB2o1pbAAAn joined zone: zone5
[2026-07-08T12:32:21.555Z] Client disconnected: kdoEgGHOHgzgyHSgAAAl
[2026-07-08T12:32:22.448Z] Client disconnected: VMfe-LmgpjB2o1pbAAAn
[2026-07-08T12:32:52.678Z] Client connected: oaEKcZfC5H4C8hHzAAAp
[2026-07-08T12:32:52.815Z] Client oaEKcZfC5H4C8hHzAAAp joined zone: zone5
[2026-07-08T12:32:52.850Z] Client oaEKcZfC5H4C8hHzAAAp joined zone: zone5
[2026-07-08T12:32:56.835Z] Client connected: 8-v0xy4jEf1qJqx_AAAr
[2026-07-08T12:32:56.897Z] Client 8-v0xy4jEf1qJqx_AAAr joined zone: zone5
[2026-07-08T12:32:56.922Z] Client 8-v0xy4jEf1qJqx_AAAr joined zone: zone5
[2026-07-08T12:33:01.923Z] Client disconnected: oaEKcZfC5H4C8hHzAAAp
[2026-07-08T12:33:04.728Z] Client connected: kMHBDp3IFmfU0WfhAAAt
[2026-07-08T12:33:04.745Z] Client kMHBDp3IFmfU0WfhAAAt joined zone: zone5
[2026-07-08T12:33:04.761Z] Client kMHBDp3IFmfU0WfhAAAt left zone: zone5
[2026-07-08T12:33:04.762Z] Client kMHBDp3IFmfU0WfhAAAt joined zone: zone5
[2026-07-08T12:33:04.763Z] Client kMHBDp3IFmfU0WfhAAAt joined zone: zone5
[2026-07-08T12:52:17.174Z] Client 8-v0xy4jEf1qJqx_AAAr left zone: zone5
[2026-07-08T12:52:17.183Z] Client kMHBDp3IFmfU0WfhAAAt left zone: zone5
[2026-07-08T12:52:17.188Z] Client 8-v0xy4jEf1qJqx_AAAr joined zone: zone1
[2026-07-08T12:52:17.201Z] Client kMHBDp3IFmfU0WfhAAAt joined zone: zone1
[2026-07-08T12:53:00.744Z] Client kMHBDp3IFmfU0WfhAAAt left zone: zone1
[2026-07-08T12:53:00.760Z] Client kMHBDp3IFmfU0WfhAAAt joined zone: zone2
[2026-07-08T12:53:00.761Z] Client kMHBDp3IFmfU0WfhAAAt left zone: zone2
[2026-07-08T12:53:00.766Z] Client kMHBDp3IFmfU0WfhAAAt joined zone: zone2
[2026-07-08T12:59:17.891Z] Client kMHBDp3IFmfU0WfhAAAt left zone: zone2
[2026-07-08T12:59:17.903Z] Client kMHBDp3IFmfU0WfhAAAt joined zone: zone1
[2026-07-08T12:59:17.903Z] Client kMHBDp3IFmfU0WfhAAAt left zone: zone1
[2026-07-08T12:59:17.904Z] Client kMHBDp3IFmfU0WfhAAAt joined zone: zone1
[2026-07-08T12:59:28.885Z] Client 8-v0xy4jEf1qJqx_AAAr left zone: zone1
[2026-07-08T12:59:28.908Z] Client 8-v0xy4jEf1qJqx_AAAr joined zone: zone2
[2026-07-08T12:59:28.910Z] Client 8-v0xy4jEf1qJqx_AAAr left zone: zone2
[2026-07-08T12:59:28.912Z] Client 8-v0xy4jEf1qJqx_AAAr joined zone: zone2
[2026-07-08T12:59:30.682Z] Client 8-v0xy4jEf1qJqx_AAAr left zone: zone2
[2026-07-08T12:59:45.123Z] Client 8-v0xy4jEf1qJqx_AAAr joined zone: zone2
[2026-07-08T12:59:45.463Z] Client 8-v0xy4jEf1qJqx_AAAr left zone: zone2
[2026-07-08T12:59:45.464Z] Client 8-v0xy4jEf1qJqx_AAAr joined zone: zone2
[2026-07-08T13:00:57.809Z] Client 8-v0xy4jEf1qJqx_AAAr left zone: zone2
[2026-07-08T13:03:09.681Z] Client connected: r7rw94U6Qtn61-evAAAv
[2026-07-08T13:03:09.747Z] Client r7rw94U6Qtn61-evAAAv joined zone: zone1
[2026-07-08T13:03:09.845Z] Client r7rw94U6Qtn61-evAAAv left zone: zone1
[2026-07-08T13:03:09.845Z] Client r7rw94U6Qtn61-evAAAv joined zone: zone1
[2026-07-08T13:03:09.847Z] Client r7rw94U6Qtn61-evAAAv joined zone: zone1
[2026-07-08T13:03:14.509Z] Client r7rw94U6Qtn61-evAAAv left zone: zone1
[2026-07-08T13:03:33.669Z] Client r7rw94U6Qtn61-evAAAv joined zone: zone4
[2026-07-08T13:03:34.089Z] Client r7rw94U6Qtn61-evAAAv joined zone: zone1
[2026-07-08T13:03:34.090Z] Client r7rw94U6Qtn61-evAAAv joined zone: zone2
[2026-07-08T13:03:34.092Z] Client r7rw94U6Qtn61-evAAAv joined zone: zone3
[2026-07-08T13:03:34.094Z] Client r7rw94U6Qtn61-evAAAv joined zone: zone4
[2026-07-08T13:03:34.096Z] Client r7rw94U6Qtn61-evAAAv joined zone: zone5
[2026-07-08T13:03:34.097Z] Client r7rw94U6Qtn61-evAAAv left zone: zone4
[2026-07-08T13:03:34.100Z] Client r7rw94U6Qtn61-evAAAv left zone: zone1
[2026-07-08T13:03:34.101Z] Client r7rw94U6Qtn61-evAAAv left zone: zone2
[2026-07-08T13:03:34.102Z] Client r7rw94U6Qtn61-evAAAv left zone: zone3
[2026-07-08T13:03:34.103Z] Client r7rw94U6Qtn61-evAAAv left zone: zone4
[2026-07-08T13:03:34.104Z] Client r7rw94U6Qtn61-evAAAv left zone: zone5
[2026-07-08T13:03:34.105Z] Client r7rw94U6Qtn61-evAAAv joined zone: zone4
[2026-07-08T13:03:34.106Z] Client r7rw94U6Qtn61-evAAAv joined zone: zone1
[2026-07-08T13:03:34.107Z] Client r7rw94U6Qtn61-evAAAv joined zone: zone2
[2026-07-08T13:03:34.110Z] Client r7rw94U6Qtn61-evAAAv joined zone: zone3
[2026-07-08T13:03:34.112Z] Client r7rw94U6Qtn61-evAAAv joined zone: zone4
[2026-07-08T13:03:34.114Z] Client r7rw94U6Qtn61-evAAAv joined zone: zone5
[2026-07-08T13:03:38.655Z] Client r7rw94U6Qtn61-evAAAv left zone: zone4
[2026-07-08T13:03:38.728Z] Client r7rw94U6Qtn61-evAAAv left zone: zone1
[2026-07-08T13:03:38.731Z] Client r7rw94U6Qtn61-evAAAv left zone: zone2
[2026-07-08T13:03:38.732Z] Client r7rw94U6Qtn61-evAAAv left zone: zone3
[2026-07-08T13:03:38.733Z] Client r7rw94U6Qtn61-evAAAv left zone: zone4
[2026-07-08T13:03:38.733Z] Client r7rw94U6Qtn61-evAAAv left zone: zone5
[2026-07-08T13:03:38.736Z] Client r7rw94U6Qtn61-evAAAv joined user room: user_Vpv5FnHA3IV9DggekAP2aAyUES43
[2026-07-08T13:03:38.737Z] Client r7rw94U6Qtn61-evAAAv left user room: user_Vpv5FnHA3IV9DggekAP2aAyUES43
[2026-07-08T13:03:38.738Z] Client r7rw94U6Qtn61-evAAAv joined user room: user_Vpv5FnHA3IV9DggekAP2aAyUES43
[2026-07-08T13:03:46.520Z] Client disconnected: r7rw94U6Qtn61-evAAAv
[2026-07-08T13:03:48.075Z] Client connected: vgi8fqyHosImytjKAAAx
[2026-07-08T13:03:48.159Z] Client vgi8fqyHosImytjKAAAx joined user room: user_Vpv5FnHA3IV9DggekAP2aAyUES43
[2026-07-08T13:03:48.161Z] Client vgi8fqyHosImytjKAAAx left user room: user_Vpv5FnHA3IV9DggekAP2aAyUES43
[2026-07-08T13:03:48.162Z] Client vgi8fqyHosImytjKAAAx joined user room: user_Vpv5FnHA3IV9DggekAP2aAyUES43
[2026-07-08T13:03:48.164Z] Client vgi8fqyHosImytjKAAAx joined user room: user_Vpv5FnHA3IV9DggekAP2aAyUES43
[2026-07-08T13:04:06.683Z] Client vgi8fqyHosImytjKAAAx left user room: user_Vpv5FnHA3IV9DggekAP2aAyUES43
[2026-07-08T13:04:06.755Z] Client vgi8fqyHosImytjKAAAx joined zone: zone4
[2026-07-08T13:04:06.755Z] Client vgi8fqyHosImytjKAAAx joined zone: zone1
[2026-07-08T13:04:06.758Z] Client vgi8fqyHosImytjKAAAx joined zone: zone2
[2026-07-08T13:04:06.758Z] Client vgi8fqyHosImytjKAAAx joined zone: zone3
[2026-07-08T13:04:06.759Z] Client vgi8fqyHosImytjKAAAx joined zone: zone4
[2026-07-08T13:04:06.760Z] Client vgi8fqyHosImytjKAAAx joined zone: zone5
[2026-07-08T13:04:06.761Z] Client vgi8fqyHosImytjKAAAx left zone: zone4
[2026-07-08T13:04:06.761Z] Client vgi8fqyHosImytjKAAAx left zone: zone1
[2026-07-08T13:04:06.762Z] Client vgi8fqyHosImytjKAAAx left zone: zone2
[2026-07-08T13:04:06.763Z] Client vgi8fqyHosImytjKAAAx left zone: zone3
[2026-07-08T13:04:06.764Z] Client vgi8fqyHosImytjKAAAx left zone: zone4
[2026-07-08T13:04:06.764Z] Client vgi8fqyHosImytjKAAAx left zone: zone5
[2026-07-08T13:04:06.765Z] Client vgi8fqyHosImytjKAAAx joined zone: zone4
[2026-07-08T13:04:06.766Z] Client vgi8fqyHosImytjKAAAx joined zone: zone1
[2026-07-08T13:04:06.767Z] Client vgi8fqyHosImytjKAAAx joined zone: zone2
[2026-07-08T13:04:06.768Z] Client vgi8fqyHosImytjKAAAx joined zone: zone3
[2026-07-08T13:04:06.768Z] Client vgi8fqyHosImytjKAAAx joined zone: zone4
[2026-07-08T13:04:06.769Z] Client vgi8fqyHosImytjKAAAx joined zone: zone5
[2026-07-08T13:04:46.628Z] Client vgi8fqyHosImytjKAAAx left zone: zone1
[2026-07-08T13:04:46.700Z] Client vgi8fqyHosImytjKAAAx left zone: zone2
[2026-07-08T13:04:46.701Z] Client vgi8fqyHosImytjKAAAx left zone: zone3
[2026-07-08T13:04:46.702Z] Client vgi8fqyHosImytjKAAAx left zone: zone4
[2026-07-08T13:04:46.705Z] Client vgi8fqyHosImytjKAAAx left zone: zone5
[2026-07-08T13:05:34.321Z] Client vgi8fqyHosImytjKAAAx left zone: zone4
[2026-07-08T13:05:34.349Z] Client vgi8fqyHosImytjKAAAx joined user room: user_Vpv5FnHA3IV9DggekAP2aAyUES43
[2026-07-08T13:05:34.349Z] Client vgi8fqyHosImytjKAAAx left user room: user_Vpv5FnHA3IV9DggekAP2aAyUES43
[2026-07-08T13:05:34.350Z] Client vgi8fqyHosImytjKAAAx joined user room: user_Vpv5FnHA3IV9DggekAP2aAyUES43
[2026-07-08T13:07:03.274Z] Client disconnected: vgi8fqyHosImytjKAAAx
[2026-07-08T13:07:04.863Z] Client connected: 2vbNK39MJXhShz_GAAAz
[2026-07-08T13:07:04.933Z] Client 2vbNK39MJXhShz_GAAAz joined user room: user_Vpv5FnHA3IV9DggekAP2aAyUES43
[2026-07-08T13:07:05.047Z] Client 2vbNK39MJXhShz_GAAAz left user room: user_Vpv5FnHA3IV9DggekAP2aAyUES43
[2026-07-08T13:07:05.048Z] Client 2vbNK39MJXhShz_GAAAz joined user room: user_Vpv5FnHA3IV9DggekAP2aAyUES43
[2026-07-08T13:07:05.049Z] Client 2vbNK39MJXhShz_GAAAz joined user room: user_Vpv5FnHA3IV9DggekAP2aAyUES43
[2026-07-08T13:08:00.913Z] Client disconnected: 8-v0xy4jEf1qJqx_AAAr
[2026-07-08T13:13:37.684Z] Client connected: L8xpKZfSGHkCdpXoAAA1
[2026-07-08T13:13:37.726Z] Client L8xpKZfSGHkCdpXoAAA1 joined user room: user_i9Z7PIWWrcVKPlAalPqgKM32B9T2
[2026-07-08T13:13:37.869Z] Client L8xpKZfSGHkCdpXoAAA1 left user room: user_i9Z7PIWWrcVKPlAalPqgKM32B9T2
[2026-07-08T13:13:37.870Z] Client L8xpKZfSGHkCdpXoAAA1 joined user room: user_i9Z7PIWWrcVKPlAalPqgKM32B9T2
[2026-07-08T13:13:37.872Z] Client L8xpKZfSGHkCdpXoAAA1 joined user room: user_i9Z7PIWWrcVKPlAalPqgKM32B9T2
[2026-07-08T13:16:15.042Z] Initializing Socket.io...
[2026-07-08T13:16:15.042Z] Initializing Socket.io...
[2026-07-08T13:16:15.159Z] Client connected: syWG7x-gf_ojSm0PAAAD
[2026-07-08T13:16:15.180Z] Client connected: yibmwvOJd4EJsfIAAAAE
[2026-07-08T13:16:15.196Z] Client connected: BR6UPwee9GiGXVlwAAAF
[2026-07-08T13:16:15.240Z] Client syWG7x-gf_ojSm0PAAAD joined user room: user_i9Z7PIWWrcVKPlAalPqgKM32B9T2
[2026-07-08T13:16:15.262Z] Client yibmwvOJd4EJsfIAAAAE joined zone: zone1
[2026-07-08T13:16:15.283Z] Client BR6UPwee9GiGXVlwAAAF joined user room: user_Vpv5FnHA3IV9DggekAP2aAyUES43
[2026-07-08T13:16:20.364Z] Initializing Socket.io...
[2026-07-08T13:16:20.759Z] Initializing Socket.io...
[2026-07-08T13:16:20.884Z] Client connected: 0Vo8jv4ISRQb_UasAAAB
[2026-07-08T13:16:20.907Z] Client 0Vo8jv4ISRQb_UasAAAB joined user room: user_i9Z7PIWWrcVKPlAalPqgKM32B9T2
[2026-07-08T13:16:21.865Z] Client connected: wDalAG_gLc0gR2vMAAAE
[2026-07-08T13:16:21.880Z] Client connected: pzcvLHDhnW3WFNDVAAAF
[2026-07-08T13:16:21.914Z] Client wDalAG_gLc0gR2vMAAAE joined zone: zone1
[2026-07-08T13:16:21.916Z] Client pzcvLHDhnW3WFNDVAAAF joined user room: user_Vpv5FnHA3IV9DggekAP2aAyUES43
[2026-07-08T13:16:55.096Z] Initializing Socket.io...
[2026-07-08T13:16:55.196Z] Initializing Socket.io...
[2026-07-08T13:16:55.228Z] Client connected: iZA_iyC-kNg6b3igAAAB
[2026-07-08T13:16:55.250Z] Client iZA_iyC-kNg6b3igAAAB joined user room: user_Vpv5FnHA3IV9DggekAP2aAyUES43
[2026-07-08T13:16:59.311Z] Client connected: HPveUxCypvp75iuDAAAD
[2026-07-08T13:16:59.328Z] Client HPveUxCypvp75iuDAAAD joined zone: zone1
[2026-07-08T13:16:59.858Z] Client connected: ok7y4wKc0iJgDFjMAAAF
[2026-07-08T13:16:59.872Z] Client ok7y4wKc0iJgDFjMAAAF joined user room: user_i9Z7PIWWrcVKPlAalPqgKM32B9T2
[2026-07-08T13:17:07.480Z] Initializing Socket.io...
[2026-07-08T13:17:07.512Z] Initializing Socket.io...
[2026-07-08T13:17:15.889Z] Client connected: xajWQdVT2FT6PVziAAAB
[2026-07-08T13:17:15.911Z] Client xajWQdVT2FT6PVziAAAB joined user room: user_i9Z7PIWWrcVKPlAalPqgKM32B9T2
[2026-07-08T13:17:16.858Z] Client connected: SByeh9eaSsN7Om9eAAAE
[2026-07-08T13:17:16.864Z] Client connected: ltO04muvt-wD7WQvAAAF
[2026-07-08T13:17:16.872Z] Client SByeh9eaSsN7Om9eAAAE joined user room: user_Vpv5FnHA3IV9DggekAP2aAyUES43
[2026-07-08T13:17:16.876Z] Client ltO04muvt-wD7WQvAAAF joined zone: zone1
[2026-07-08T13:17:33.778Z] Initializing Socket.io...
[2026-07-08T13:17:33.886Z] Client connected: 5or62PmBJO_qDFLuAAAB
[2026-07-08T13:17:33.906Z] Client 5or62PmBJO_qDFLuAAAB joined zone: zone1
[2026-07-08T13:17:34.037Z] Initializing Socket.io...
[2026-07-08T13:17:34.861Z] Client connected: XLXjUR3hMfs0Ib0nAAAE
[2026-07-08T13:17:34.867Z] Client connected: uXjv_gr0KnVducPHAAAF
[2026-07-08T13:17:34.882Z] Client XLXjUR3hMfs0Ib0nAAAE joined user room: user_i9Z7PIWWrcVKPlAalPqgKM32B9T2
[2026-07-08T13:17:34.885Z] Client uXjv_gr0KnVducPHAAAF joined user room: user_Vpv5FnHA3IV9DggekAP2aAyUES43
[2026-07-08T13:18:26.487Z] Client disconnected: 5or62PmBJO_qDFLuAAAB
[2026-07-08T13:18:27.933Z] Client disconnected: XLXjUR3hMfs0Ib0nAAAE
[2026-07-08T13:18:27.959Z] Client disconnected: uXjv_gr0KnVducPHAAAF
[2026-07-08T13:18:37.763Z] Client connected: Q6dSG47LVjyDGl8PAAAH
[2026-07-08T13:18:37.812Z] Client Q6dSG47LVjyDGl8PAAAH joined zone: zone1
[2026-07-08T13:18:37.824Z] Client Q6dSG47LVjyDGl8PAAAH joined zone: zone1
[2026-07-08T13:19:17.772Z] Initializing Socket.io...
[2026-07-08T13:19:17.936Z] Client connected: LWYfNcpP6S98wHFvAAAB
[2026-07-08T13:19:17.953Z] Client LWYfNcpP6S98wHFvAAAB joined zone: zone1
[2026-07-08T13:22:09.631Z] Client disconnected: LWYfNcpP6S98wHFvAAAB
[2026-07-08T13:22:14.462Z] Client connected: n9PwEl6gGDnpOXe1AAAD
[2026-07-08T13:22:14.509Z] Client n9PwEl6gGDnpOXe1AAAD joined user room: user_i9Z7PIWWrcVKPlAalPqgKM32B9T2
[2026-07-08T13:22:14.669Z] Client n9PwEl6gGDnpOXe1AAAD left user room: user_i9Z7PIWWrcVKPlAalPqgKM32B9T2
[2026-07-08T13:22:14.670Z] Client n9PwEl6gGDnpOXe1AAAD joined user room: user_i9Z7PIWWrcVKPlAalPqgKM32B9T2
[2026-07-08T13:22:14.674Z] Client n9PwEl6gGDnpOXe1AAAD joined user room: user_i9Z7PIWWrcVKPlAalPqgKM32B9T2
[2026-07-08T13:22:17.417Z] Client connected: 1K7yNEkGiCRr8bXsAAAG
[2026-07-08T13:22:17.506Z] Client connected: lsW6kHbxeu6jRkkeAAAH
[2026-07-08T13:22:17.556Z] Client 1K7yNEkGiCRr8bXsAAAG joined zone: zone1
[2026-07-08T13:22:17.566Z] Client lsW6kHbxeu6jRkkeAAAH joined user room: user_Vpv5FnHA3IV9DggekAP2aAyUES43
[2026-07-08T13:22:17.604Z] Client lsW6kHbxeu6jRkkeAAAH left user room: user_Vpv5FnHA3IV9DggekAP2aAyUES43
[2026-07-08T13:22:17.609Z] Client lsW6kHbxeu6jRkkeAAAH joined user room: user_Vpv5FnHA3IV9DggekAP2aAyUES43
[2026-07-08T13:22:17.609Z] Client lsW6kHbxeu6jRkkeAAAH joined user room: user_Vpv5FnHA3IV9DggekAP2aAyUES43
[2026-07-08T13:22:17.627Z] Client 1K7yNEkGiCRr8bXsAAAG joined zone: zone1
[2026-07-08T13:23:06.068Z] Client n9PwEl6gGDnpOXe1AAAD left user room: user_i9Z7PIWWrcVKPlAalPqgKM32B9T2
[2026-07-08T13:26:51.346Z] Client n9PwEl6gGDnpOXe1AAAD joined user room: user_i9Z7PIWWrcVKPlAalPqgKM32B9T2
[2026-07-08T13:26:51.355Z] Client n9PwEl6gGDnpOXe1AAAD left user room: user_i9Z7PIWWrcVKPlAalPqgKM32B9T2
[2026-07-08T13:26:51.356Z] Client n9PwEl6gGDnpOXe1AAAD joined user room: user_i9Z7PIWWrcVKPlAalPqgKM32B9T2
[2026-07-08T13:27:18.875Z] Client n9PwEl6gGDnpOXe1AAAD left user room: user_i9Z7PIWWrcVKPlAalPqgKM32B9T2
[2026-07-08T13:27:35.571Z] Emitted activeAdUpdated for zone: zone1
[2026-07-08T13:27:39.421Z] Client disconnected: 1K7yNEkGiCRr8bXsAAAG
[2026-07-08T13:27:40.457Z] Client connected: M1rsRFRxltce-4cAAAAJ
[2026-07-08T13:27:40.513Z] Client M1rsRFRxltce-4cAAAAJ joined zone: zone1
[2026-07-08T13:27:40.521Z] Client M1rsRFRxltce-4cAAAAJ joined zone: zone1
[2026-07-08T13:28:03.622Z] Client n9PwEl6gGDnpOXe1AAAD joined user room: user_i9Z7PIWWrcVKPlAalPqgKM32B9T2
[2026-07-08T13:28:03.626Z] Client n9PwEl6gGDnpOXe1AAAD left user room: user_i9Z7PIWWrcVKPlAalPqgKM32B9T2
[2026-07-08T13:28:03.628Z] Client n9PwEl6gGDnpOXe1AAAD joined user room: user_i9Z7PIWWrcVKPlAalPqgKM32B9T2
[2026-07-08T13:32:19.733Z] Client n9PwEl6gGDnpOXe1AAAD left user room: user_i9Z7PIWWrcVKPlAalPqgKM32B9T2
[2026-07-08T13:32:33.355Z] Client M1rsRFRxltce-4cAAAAJ left zone: zone1
[2026-07-08T13:32:33.384Z] Client M1rsRFRxltce-4cAAAAJ joined zone: zone2
[2026-07-08T13:32:33.386Z] Client M1rsRFRxltce-4cAAAAJ left zone: zone2
[2026-07-08T13:32:33.386Z] Client M1rsRFRxltce-4cAAAAJ joined zone: zone2
[2026-07-08T13:32:44.911Z] Client disconnected: M1rsRFRxltce-4cAAAAJ
[2026-07-08T13:32:45.677Z] Client connected: TZ1XtLJIpqRDpNi9AAAL
[2026-07-08T13:32:45.706Z] Client TZ1XtLJIpqRDpNi9AAAL joined zone: zone2
[2026-07-08T13:32:45.827Z] Client TZ1XtLJIpqRDpNi9AAAL left zone: zone2
[2026-07-08T13:32:45.827Z] Client TZ1XtLJIpqRDpNi9AAAL joined zone: zone2
[2026-07-08T13:32:45.829Z] Client TZ1XtLJIpqRDpNi9AAAL joined zone: zone2
[2026-07-08T13:33:21.163Z] Client disconnected: lsW6kHbxeu6jRkkeAAAH
[2026-07-08T13:33:21.914Z] Client connected: sgyCjQ4bcicseGeSAAAN
[2026-07-08T13:33:21.985Z] Client sgyCjQ4bcicseGeSAAAN joined user room: user_Vpv5FnHA3IV9DggekAP2aAyUES43
[2026-07-08T13:33:22.038Z] Client sgyCjQ4bcicseGeSAAAN left user room: user_Vpv5FnHA3IV9DggekAP2aAyUES43
[2026-07-08T13:33:22.040Z] Client sgyCjQ4bcicseGeSAAAN joined user room: user_Vpv5FnHA3IV9DggekAP2aAyUES43
[2026-07-08T13:33:22.044Z] Client sgyCjQ4bcicseGeSAAAN joined user room: user_Vpv5FnHA3IV9DggekAP2aAyUES43
[2026-07-08T13:35:13.554Z] Client n9PwEl6gGDnpOXe1AAAD joined zone: zone2
[2026-07-08T13:35:13.710Z] Client n9PwEl6gGDnpOXe1AAAD left zone: zone2
[2026-07-08T13:35:13.711Z] Client n9PwEl6gGDnpOXe1AAAD joined zone: zone2
[2026-07-08T13:35:16.932Z] Client disconnected: n9PwEl6gGDnpOXe1AAAD
[2026-07-08T13:35:17.652Z] Client connected: VsFXIlNwyRcodddiAAAP
[2026-07-08T13:35:17.675Z] Client VsFXIlNwyRcodddiAAAP joined zone: zone2
[2026-07-08T13:35:17.695Z] Client VsFXIlNwyRcodddiAAAP left zone: zone2
[2026-07-08T13:35:17.696Z] Client VsFXIlNwyRcodddiAAAP joined zone: zone2
[2026-07-08T13:35:17.697Z] Client VsFXIlNwyRcodddiAAAP joined zone: zone2
[2026-07-08T13:35:29.328Z] Client disconnected: TZ1XtLJIpqRDpNi9AAAL
[2026-07-08T13:35:30.084Z] Client connected: nk39eT4eZr_xyQjKAAAR
[2026-07-08T13:35:30.128Z] Client nk39eT4eZr_xyQjKAAAR joined zone: zone2
[2026-07-08T13:35:30.160Z] Client nk39eT4eZr_xyQjKAAAR left zone: zone2
[2026-07-08T13:35:30.161Z] Client nk39eT4eZr_xyQjKAAAR joined zone: zone2
[2026-07-08T13:35:30.164Z] Client nk39eT4eZr_xyQjKAAAR joined zone: zone2
[2026-07-08T13:35:37.737Z] Client disconnected: sgyCjQ4bcicseGeSAAAN
[2026-07-08T13:36:11.182Z] Client disconnected: nk39eT4eZr_xyQjKAAAR
[2026-07-08T13:36:11.591Z] Client connected: mODSm2_1W-pj1DiNAAAT
[2026-07-08T13:36:11.659Z] Client mODSm2_1W-pj1DiNAAAT joined zone: zone2
[2026-07-08T13:36:11.761Z] Client mODSm2_1W-pj1DiNAAAT left zone: zone2
[2026-07-08T13:36:11.761Z] Client mODSm2_1W-pj1DiNAAAT joined zone: zone2
[2026-07-08T13:36:11.763Z] Client mODSm2_1W-pj1DiNAAAT joined zone: zone2
[2026-07-08T13:39:12.932Z] Client disconnected: mODSm2_1W-pj1DiNAAAT
[2026-07-08T13:39:13.767Z] Client connected: d5GIISrg81jpIvY6AAAV
[2026-07-08T13:39:13.881Z] Client d5GIISrg81jpIvY6AAAV joined zone: zone2
[2026-07-08T13:39:13.905Z] Client d5GIISrg81jpIvY6AAAV left zone: zone2
[2026-07-08T13:39:13.907Z] Client d5GIISrg81jpIvY6AAAV joined zone: zone2
[2026-07-08T13:39:13.919Z] Client d5GIISrg81jpIvY6AAAV joined zone: zone2
[2026-07-08T13:41:09.079Z] Client disconnected: VsFXIlNwyRcodddiAAAP
[2026-07-08T13:41:10.801Z] Client connected: Hs4_VUfEam1zoc-FAAAX
[2026-07-08T13:41:10.825Z] Client Hs4_VUfEam1zoc-FAAAX joined zone: zone2
[2026-07-08T13:41:10.991Z] Client Hs4_VUfEam1zoc-FAAAX left zone: zone2
[2026-07-08T13:41:10.992Z] Client Hs4_VUfEam1zoc-FAAAX joined zone: zone2
[2026-07-08T13:41:11.000Z] Client Hs4_VUfEam1zoc-FAAAX joined zone: zone2
[2026-07-08T13:41:12.904Z] Client Hs4_VUfEam1zoc-FAAAX left zone: zone2
[2026-07-08T13:41:18.736Z] Client disconnected: d5GIISrg81jpIvY6AAAV
[2026-07-08T13:41:19.382Z] Client connected: TjJ9emz2rj7NdB2qAAAZ
[2026-07-08T13:41:19.427Z] Client TjJ9emz2rj7NdB2qAAAZ joined zone: zone2
[2026-07-08T13:41:19.480Z] Client TjJ9emz2rj7NdB2qAAAZ left zone: zone2
[2026-07-08T13:41:19.482Z] Client TjJ9emz2rj7NdB2qAAAZ joined zone: zone2
[2026-07-08T13:41:19.484Z] Client TjJ9emz2rj7NdB2qAAAZ joined zone: zone2
[2026-07-08T13:41:55.179Z] Initializing Socket.io...
[2026-07-08T13:41:55.256Z] Client connected: 2Vycz16-pCl8vcPCAAAC
[2026-07-08T13:41:55.270Z] Client connected: NUOgihpD9nXuzy7iAAAD
[2026-07-08T13:41:55.276Z] Client 2Vycz16-pCl8vcPCAAAC joined zone: zone2
[2026-07-08T13:41:55.642Z] Initializing Socket.io...
[2026-07-08T13:42:09.510Z] Client disconnected: 2Vycz16-pCl8vcPCAAAC
[2026-07-08T13:42:11.955Z] Client connected: VJn42E3Irh7RpnC6AAAF
[2026-07-08T13:42:12.018Z] Client VJn42E3Irh7RpnC6AAAF joined zone: zone2
[2026-07-08T13:42:12.033Z] Client VJn42E3Irh7RpnC6AAAF left zone: zone2
[2026-07-08T13:42:12.035Z] Client VJn42E3Irh7RpnC6AAAF joined zone: zone2
[2026-07-08T13:42:12.036Z] Client VJn42E3Irh7RpnC6AAAF joined zone: zone2
[2026-07-08T13:42:47.979Z] Client NUOgihpD9nXuzy7iAAAD joined zone: zone2
[2026-07-08T13:42:48.239Z] Client NUOgihpD9nXuzy7iAAAD left zone: zone2
[2026-07-08T13:42:48.241Z] Client NUOgihpD9nXuzy7iAAAD joined zone: zone2
[2026-07-08T13:46:51.788Z] Client disconnected: NUOgihpD9nXuzy7iAAAD
[2026-07-08T13:46:53.605Z] Client connected: aiym-jcz93U98PhvAAAH
[2026-07-08T13:46:53.769Z] Client aiym-jcz93U98PhvAAAH joined zone: zone2
[2026-07-08T13:46:53.777Z] Client aiym-jcz93U98PhvAAAH left zone: zone2
[2026-07-08T13:46:53.778Z] Client aiym-jcz93U98PhvAAAH joined zone: zone2
[2026-07-08T13:46:53.779Z] Client aiym-jcz93U98PhvAAAH joined zone: zone2
[2026-07-08T13:47:00.328Z] Client aiym-jcz93U98PhvAAAH left zone: zone2
[2026-07-08T13:47:17.146Z] Client connected: EyWIwYCRqM131FX4AAAJ
[2026-07-08T13:47:17.204Z] Client EyWIwYCRqM131FX4AAAJ joined zone: zone1
[2026-07-08T13:47:17.216Z] Client EyWIwYCRqM131FX4AAAJ left zone: zone1
[2026-07-08T13:47:17.219Z] Client EyWIwYCRqM131FX4AAAJ joined zone: zone1
[2026-07-08T13:47:17.221Z] Client EyWIwYCRqM131FX4AAAJ joined zone: zone1
[2026-07-08T13:47:19.054Z] Client EyWIwYCRqM131FX4AAAJ left zone: zone1
[2026-07-08T13:47:47.881Z] Client VJn42E3Irh7RpnC6AAAF left zone: zone2
[2026-07-08T13:48:12.654Z] Client disconnected: VJn42E3Irh7RpnC6AAAF
[2026-07-08T13:48:38.763Z] Client disconnected: EyWIwYCRqM131FX4AAAJ
[2026-07-08T13:48:38.827Z] Client disconnected: aiym-jcz93U98PhvAAAH
[2026-07-08T13:50:38.614Z] Client connected: aqRy0PJQloETXNWNAAAL
[2026-07-08T13:50:38.661Z] Client aqRy0PJQloETXNWNAAAL joined zone: zone4
[2026-07-08T13:50:38.732Z] Client aqRy0PJQloETXNWNAAAL left zone: zone4
[2026-07-08T13:50:38.732Z] Client aqRy0PJQloETXNWNAAAL joined zone: zone4
[2026-07-08T13:50:38.734Z] Client aqRy0PJQloETXNWNAAAL joined zone: zone4
[2026-07-08T13:50:41.679Z] Client aqRy0PJQloETXNWNAAAL left zone: zone4
[2026-07-08T13:50:41.899Z] Client aqRy0PJQloETXNWNAAAL joined zone: zone3
[2026-07-08T13:50:41.901Z] Client aqRy0PJQloETXNWNAAAL left zone: zone3
[2026-07-08T13:50:41.902Z] Client aqRy0PJQloETXNWNAAAL joined zone: zone3
[2026-07-08T13:50:52.947Z] Client connected: U1f5vJQxaoDH6r-kAAAN
[2026-07-08T13:50:52.958Z] Client U1f5vJQxaoDH6r-kAAAN joined user room: user_Vpv5FnHA3IV9DggekAP2aAyUES43
[2026-07-08T13:50:53.058Z] Client U1f5vJQxaoDH6r-kAAAN left user room: user_Vpv5FnHA3IV9DggekAP2aAyUES43
[2026-07-08T13:50:53.059Z] Client U1f5vJQxaoDH6r-kAAAN joined user room: user_Vpv5FnHA3IV9DggekAP2aAyUES43
[2026-07-08T13:50:53.061Z] Client U1f5vJQxaoDH6r-kAAAN joined user room: user_Vpv5FnHA3IV9DggekAP2aAyUES43
[2026-07-08T13:51:02.642Z] Client U1f5vJQxaoDH6r-kAAAN left user room: user_Vpv5FnHA3IV9DggekAP2aAyUES43
[2026-07-08T13:51:02.661Z] Client U1f5vJQxaoDH6r-kAAAN joined user room: user_Vpv5FnHA3IV9DggekAP2aAyUES43
[2026-07-08T13:51:02.662Z] Client U1f5vJQxaoDH6r-kAAAN left user room: user_Vpv5FnHA3IV9DggekAP2aAyUES43
[2026-07-08T13:51:02.663Z] Client U1f5vJQxaoDH6r-kAAAN joined user room: user_Vpv5FnHA3IV9DggekAP2aAyUES43
[2026-07-08T13:51:50.801Z] Client aqRy0PJQloETXNWNAAAL left zone: zone3
[2026-07-08T13:51:50.882Z] Client aqRy0PJQloETXNWNAAAL joined zone: zone4
[2026-07-08T13:51:50.882Z] Client aqRy0PJQloETXNWNAAAL left zone: zone4
[2026-07-08T13:51:50.884Z] Client aqRy0PJQloETXNWNAAAL joined zone: zone4
[2026-07-08T13:52:37.222Z] Client U1f5vJQxaoDH6r-kAAAN left user room: user_Vpv5FnHA3IV9DggekAP2aAyUES43
[2026-07-08T13:52:37.243Z] Client U1f5vJQxaoDH6r-kAAAN joined user room: user_Vpv5FnHA3IV9DggekAP2aAyUES43
[2026-07-08T13:52:37.244Z] Client U1f5vJQxaoDH6r-kAAAN left user room: user_Vpv5FnHA3IV9DggekAP2aAyUES43
[2026-07-08T13:52:37.244Z] Client U1f5vJQxaoDH6r-kAAAN joined user room: user_Vpv5FnHA3IV9DggekAP2aAyUES43
[2026-07-08T13:53:08.864Z] Client disconnected: aqRy0PJQloETXNWNAAAL
[2026-07-08T13:53:09.294Z] Client connected: 9HRw9D0fg6_Z9di-AAAP
[2026-07-08T13:53:09.324Z] Client 9HRw9D0fg6_Z9di-AAAP joined zone: zone4
[2026-07-08T13:53:09.356Z] Client 9HRw9D0fg6_Z9di-AAAP left zone: zone4
[2026-07-08T13:53:09.357Z] Client 9HRw9D0fg6_Z9di-AAAP joined zone: zone4
[2026-07-08T13:53:09.359Z] Client 9HRw9D0fg6_Z9di-AAAP joined zone: zone4
[2026-07-08T13:53:12.417Z] Client 9HRw9D0fg6_Z9di-AAAP left zone: zone4
[2026-07-08T13:53:12.593Z] Client 9HRw9D0fg6_Z9di-AAAP joined zone: zone3
[2026-07-08T13:53:12.598Z] Client 9HRw9D0fg6_Z9di-AAAP left zone: zone3
[2026-07-08T13:53:12.599Z] Client 9HRw9D0fg6_Z9di-AAAP joined zone: zone3
[2026-07-08T13:54:27.114Z] Client disconnected: 9HRw9D0fg6_Z9di-AAAP
[2026-07-08T13:54:28.060Z] Client connected: 0trZ3-snS_K6u5FOAAAR
[2026-07-08T13:54:28.110Z] Client 0trZ3-snS_K6u5FOAAAR joined zone: zone3
[2026-07-08T13:54:28.195Z] Client 0trZ3-snS_K6u5FOAAAR left zone: zone3
[2026-07-08T13:54:28.196Z] Client 0trZ3-snS_K6u5FOAAAR joined zone: zone3
[2026-07-08T13:54:28.197Z] Client 0trZ3-snS_K6u5FOAAAR joined zone: zone3
[2026-07-08T13:54:32.941Z] Client 0trZ3-snS_K6u5FOAAAR left zone: zone3
[2026-07-08T13:54:33.097Z] Client 0trZ3-snS_K6u5FOAAAR joined zone: zone4
[2026-07-08T13:54:33.099Z] Client 0trZ3-snS_K6u5FOAAAR left zone: zone4
[2026-07-08T13:54:33.100Z] Client 0trZ3-snS_K6u5FOAAAR joined zone: zone4
[2026-07-08T14:00:09.415Z] Client disconnected: 0trZ3-snS_K6u5FOAAAR
[2026-07-08T14:13:54.426Z] Initializing Socket.io...
[2026-07-08T14:14:00.077Z] Client disconnected: U1f5vJQxaoDH6r-kAAAN
[2026-07-08T14:14:14.230Z] Client connected: oOp8M3IWV1y8DTMzAAAT
[2026-07-08T14:14:14.319Z] Client oOp8M3IWV1y8DTMzAAAT joined user room: user_Vpv5FnHA3IV9DggekAP2aAyUES43
[2026-07-08T14:14:14.386Z] Client oOp8M3IWV1y8DTMzAAAT left user room: user_Vpv5FnHA3IV9DggekAP2aAyUES43
[2026-07-08T14:14:14.387Z] Client oOp8M3IWV1y8DTMzAAAT joined user room: user_Vpv5FnHA3IV9DggekAP2aAyUES43
[2026-07-08T14:14:14.389Z] Client oOp8M3IWV1y8DTMzAAAT joined user room: user_Vpv5FnHA3IV9DggekAP2aAyUES43
[2026-07-08T14:15:31.783Z] Initializing Socket.io...
[2026-07-08T14:15:37.044Z] Client connected: 8JG1s43ygjKTTRIgAAAB
[2026-07-08T14:15:37.053Z] Client 8JG1s43ygjKTTRIgAAAB joined user room: user_Vpv5FnHA3IV9DggekAP2aAyUES43
[2026-07-08T14:15:54.850Z] Initializing Socket.io...
[2026-07-08T14:15:56.057Z] Client connected: DXGRv78VMpQ3Tkg9AAAB
[2026-07-08T14:15:56.068Z] Client DXGRv78VMpQ3Tkg9AAAB joined user room: user_Vpv5FnHA3IV9DggekAP2aAyUES43
[2026-07-08T14:16:48.843Z] Initializing Socket.io...
[2026-07-08T14:16:53.061Z] Client connected: kyOWBzYvc6WjdrNiAAAB
[2026-07-08T14:16:53.072Z] Client kyOWBzYvc6WjdrNiAAAB joined user room: user_Vpv5FnHA3IV9DggekAP2aAyUES43
[2026-07-08T18:20:19.817Z] Initializing Socket.io...
[2026-07-08T18:21:23.230Z] Client connected: M6JCAtAQYVBod4p7AAAB
[2026-07-08T18:21:23.283Z] Client M6JCAtAQYVBod4p7AAAB joined zone: zone5
[2026-07-08T18:21:23.293Z] Client M6JCAtAQYVBod4p7AAAB joined zone: zone5
[2026-07-08T18:21:23.294Z] Client M6JCAtAQYVBod4p7AAAB joined zone: zone1
[2026-07-08T18:21:23.294Z] Client M6JCAtAQYVBod4p7AAAB joined zone: zone5
[2026-07-08T18:21:23.295Z] Client M6JCAtAQYVBod4p7AAAB joined zone: zone1
[2026-07-08T18:22:31.699Z] Client M6JCAtAQYVBod4p7AAAB left zone: zone5
[2026-07-08T18:22:31.832Z] Client M6JCAtAQYVBod4p7AAAB left zone: zone5
[2026-07-08T18:22:31.835Z] Client M6JCAtAQYVBod4p7AAAB joined zone: zone5
[2026-07-08T18:22:31.836Z] Client M6JCAtAQYVBod4p7AAAB joined zone: zone5
[2026-07-08T18:22:31.838Z] Client M6JCAtAQYVBod4p7AAAB left zone: zone5
[2026-07-08T18:22:31.839Z] Client M6JCAtAQYVBod4p7AAAB left zone: zone5
[2026-07-08T18:22:31.840Z] Client M6JCAtAQYVBod4p7AAAB joined zone: zone5
[2026-07-08T18:22:31.916Z] Client M6JCAtAQYVBod4p7AAAB joined zone: zone5
[2026-07-08T18:23:47.281Z] Client M6JCAtAQYVBod4p7AAAB left zone: zone5
[2026-07-08T18:23:47.282Z] Client M6JCAtAQYVBod4p7AAAB left zone: zone5
[2026-07-08T18:23:47.290Z] Client M6JCAtAQYVBod4p7AAAB joined zone: zone5
[2026-07-08T18:23:47.291Z] Client M6JCAtAQYVBod4p7AAAB joined zone: zone5
[2026-07-08T18:23:47.292Z] Client M6JCAtAQYVBod4p7AAAB left zone: zone5
[2026-07-08T18:23:47.294Z] Client M6JCAtAQYVBod4p7AAAB left zone: zone5
[2026-07-08T18:23:47.305Z] Client M6JCAtAQYVBod4p7AAAB joined zone: zone5
[2026-07-08T18:23:47.306Z] Client M6JCAtAQYVBod4p7AAAB joined zone: zone5
[2026-07-08T18:24:50.085Z] Client M6JCAtAQYVBod4p7AAAB left zone: zone5
[2026-07-08T18:24:50.088Z] Client M6JCAtAQYVBod4p7AAAB left zone: zone5
[2026-07-08T18:24:50.091Z] Client M6JCAtAQYVBod4p7AAAB joined zone: zone5
[2026-07-08T18:24:50.094Z] Client M6JCAtAQYVBod4p7AAAB joined zone: zone5
[2026-07-08T18:24:50.103Z] Client M6JCAtAQYVBod4p7AAAB left zone: zone5
[2026-07-08T18:24:50.107Z] Client M6JCAtAQYVBod4p7AAAB left zone: zone5
[2026-07-08T18:24:50.109Z] Client M6JCAtAQYVBod4p7AAAB joined zone: zone5
[2026-07-08T18:24:50.109Z] Client M6JCAtAQYVBod4p7AAAB joined zone: zone5
[2026-07-08T18:25:02.883Z] Client M6JCAtAQYVBod4p7AAAB left zone: zone5
[2026-07-08T18:25:02.885Z] Client M6JCAtAQYVBod4p7AAAB left zone: zone5
[2026-07-08T18:27:02.280Z] Client disconnected: M6JCAtAQYVBod4p7AAAB
[2026-07-08T18:27:02.974Z] Client connected: W9tf2W2VP2efj7f8AAAD
[2026-07-08T18:27:03.024Z] Client W9tf2W2VP2efj7f8AAAD joined zone: zone1
[2026-07-08T18:27:03.050Z] Client W9tf2W2VP2efj7f8AAAD joined zone: zone1
[2026-07-08T18:40:15.263Z] Client disconnected: W9tf2W2VP2efj7f8AAAD
[2026-07-08T18:40:15.804Z] Client connected: DfJ48o1Pw51Hz4pHAAAF
[2026-07-08T18:40:15.835Z] Client DfJ48o1Pw51Hz4pHAAAF joined zone: zone1
[2026-07-08T18:40:15.858Z] Client DfJ48o1Pw51Hz4pHAAAF joined zone: zone1
[2026-07-08T18:41:07.822Z] Client DfJ48o1Pw51Hz4pHAAAF left zone: zone1
[2026-07-08T18:41:07.840Z] Client DfJ48o1Pw51Hz4pHAAAF joined zone: zone2
[2026-07-08T18:41:07.845Z] Client DfJ48o1Pw51Hz4pHAAAF left zone: zone2
[2026-07-08T18:41:07.846Z] Client DfJ48o1Pw51Hz4pHAAAF joined zone: zone2
[2026-07-08T18:46:09.034Z] Client DfJ48o1Pw51Hz4pHAAAF left zone: zone2
[2026-07-08T18:46:41.083Z] Client DfJ48o1Pw51Hz4pHAAAF joined zone: zone2
[2026-07-08T18:46:41.087Z] Client DfJ48o1Pw51Hz4pHAAAF left zone: zone2
[2026-07-08T18:46:41.095Z] Client DfJ48o1Pw51Hz4pHAAAF joined zone: zone2
[2026-07-08T18:46:50.351Z] Client DfJ48o1Pw51Hz4pHAAAF left zone: zone2
[2026-07-08T18:56:51.727Z] Client disconnected: DfJ48o1Pw51Hz4pHAAAF
[2026-07-08T19:02:34.722Z] Client connected: 9R-szcrRpspbK1cBAAAH
[2026-07-08T19:02:34.760Z] Client 9R-szcrRpspbK1cBAAAH joined zone: zone1
[2026-07-08T19:02:34.771Z] Client 9R-szcrRpspbK1cBAAAH left zone: zone1
[2026-07-08T19:02:34.773Z] Client 9R-szcrRpspbK1cBAAAH joined zone: zone1
[2026-07-08T19:02:34.775Z] Client 9R-szcrRpspbK1cBAAAH joined zone: zone1
[2026-07-08T19:02:48.295Z] Client 9R-szcrRpspbK1cBAAAH left zone: zone1
[2026-07-08T19:02:48.303Z] Client 9R-szcrRpspbK1cBAAAH joined zone: zone2
[2026-07-08T19:02:48.304Z] Client 9R-szcrRpspbK1cBAAAH left zone: zone2
[2026-07-08T19:02:48.305Z] Client 9R-szcrRpspbK1cBAAAH joined zone: zone2
[2026-07-08T19:02:53.228Z] Client 9R-szcrRpspbK1cBAAAH left zone: zone2
[2026-07-08T19:02:54.539Z] Client 9R-szcrRpspbK1cBAAAH joined zone: zone2
[2026-07-08T19:02:54.547Z] Client 9R-szcrRpspbK1cBAAAH left zone: zone2
[2026-07-08T19:02:54.548Z] Client 9R-szcrRpspbK1cBAAAH joined zone: zone2
[2026-07-08T19:02:56.206Z] Client 9R-szcrRpspbK1cBAAAH left zone: zone2
[2026-07-08T19:03:00.703Z] Client 9R-szcrRpspbK1cBAAAH joined zone: zone2
[2026-07-08T19:03:00.710Z] Client 9R-szcrRpspbK1cBAAAH left zone: zone2
[2026-07-08T19:03:00.711Z] Client 9R-szcrRpspbK1cBAAAH joined zone: zone2
[2026-07-08T19:03:18.429Z] Client 9R-szcrRpspbK1cBAAAH left zone: zone2
[2026-07-08T19:05:28.271Z] Client 9R-szcrRpspbK1cBAAAH joined zone: zone2
[2026-07-08T19:05:28.276Z] Client 9R-szcrRpspbK1cBAAAH left zone: zone2
[2026-07-08T19:05:28.279Z] Client 9R-szcrRpspbK1cBAAAH joined zone: zone2
[2026-07-08T19:05:29.872Z] Client 9R-szcrRpspbK1cBAAAH left zone: zone2
[2026-07-08T19:05:29.877Z] Client 9R-szcrRpspbK1cBAAAH joined zone: zone1
[2026-07-08T19:05:29.878Z] Client 9R-szcrRpspbK1cBAAAH left zone: zone1
[2026-07-08T19:05:29.879Z] Client 9R-szcrRpspbK1cBAAAH joined zone: zone1
[2026-07-08T19:05:35.984Z] Client 9R-szcrRpspbK1cBAAAH left zone: zone1
[2026-07-08T19:05:37.852Z] Client 9R-szcrRpspbK1cBAAAH joined zone: zone2
[2026-07-08T19:05:37.858Z] Client 9R-szcrRpspbK1cBAAAH left zone: zone2
[2026-07-08T19:05:37.862Z] Client 9R-szcrRpspbK1cBAAAH joined zone: zone2
[2026-07-08T19:07:20.887Z] Client disconnected: 9R-szcrRpspbK1cBAAAH
[2026-07-08T19:08:06.514Z] Client connected: cqEmevWRdiUKVIxwAAAJ
[2026-07-08T19:08:06.679Z] Client cqEmevWRdiUKVIxwAAAJ joined zone: zone2
[2026-07-08T19:08:06.795Z] Client cqEmevWRdiUKVIxwAAAJ left zone: zone2
[2026-07-08T19:08:06.796Z] Client cqEmevWRdiUKVIxwAAAJ joined zone: zone2
[2026-07-08T19:08:06.799Z] Client cqEmevWRdiUKVIxwAAAJ joined zone: zone2
[2026-07-08T19:08:22.753Z] Client cqEmevWRdiUKVIxwAAAJ left zone: zone2
[2026-07-08T19:08:22.765Z] Client cqEmevWRdiUKVIxwAAAJ joined zone: zone1
[2026-07-08T19:08:22.769Z] Client cqEmevWRdiUKVIxwAAAJ left zone: zone1
[2026-07-08T19:08:22.790Z] Client cqEmevWRdiUKVIxwAAAJ joined zone: zone1
[2026-07-08T19:08:32.088Z] Client cqEmevWRdiUKVIxwAAAJ left zone: zone1
[2026-07-08T19:08:32.095Z] Client cqEmevWRdiUKVIxwAAAJ joined zone: zone2
[2026-07-08T19:08:32.098Z] Client cqEmevWRdiUKVIxwAAAJ left zone: zone2
[2026-07-08T19:08:32.102Z] Client cqEmevWRdiUKVIxwAAAJ joined zone: zone2
[2026-07-08T19:17:26.754Z] Initializing Socket.io...
[2026-07-08T19:17:26.988Z] Client connected: CqFHxwWr9xsygnE1AAAB
[2026-07-08T19:17:27.015Z] Client CqFHxwWr9xsygnE1AAAB joined zone: zone2
[2026-07-08T19:17:30.749Z] Initializing Socket.io...
[2026-07-08T19:17:32.965Z] Client connected: CVlEiAe9R-3inpqkAAAB
[2026-07-08T19:17:32.989Z] Client CVlEiAe9R-3inpqkAAAB joined zone: zone2
[2026-07-08T19:18:42.622Z] Client disconnected: CVlEiAe9R-3inpqkAAAB
[2026-07-08T19:18:43.083Z] Client connected: 06kYSONAQwDbJQo4AAAD
[2026-07-08T19:18:43.152Z] Client 06kYSONAQwDbJQo4AAAD joined zone: zone2
[2026-07-08T19:18:43.263Z] Client 06kYSONAQwDbJQo4AAAD left zone: zone2
[2026-07-08T19:18:43.265Z] Client 06kYSONAQwDbJQo4AAAD joined zone: zone2
[2026-07-08T19:18:43.266Z] Client 06kYSONAQwDbJQo4AAAD joined zone: zone2
[2026-07-08T19:19:19.016Z] Client 06kYSONAQwDbJQo4AAAD left zone: zone2
[2026-07-08T19:19:25.883Z] Client 06kYSONAQwDbJQo4AAAD joined zone: zone1
[2026-07-08T19:19:25.884Z] Client 06kYSONAQwDbJQo4AAAD left zone: zone1
[2026-07-08T19:19:25.885Z] Client 06kYSONAQwDbJQo4AAAD joined zone: zone1
[2026-07-08T19:19:30.619Z] Client 06kYSONAQwDbJQo4AAAD left zone: zone1
[2026-07-08T19:19:30.634Z] Client 06kYSONAQwDbJQo4AAAD joined zone: zone2
[2026-07-08T19:19:30.634Z] Client 06kYSONAQwDbJQo4AAAD left zone: zone2
[2026-07-08T19:19:30.635Z] Client 06kYSONAQwDbJQo4AAAD joined zone: zone2
[2026-07-08T19:19:56.743Z] Client 06kYSONAQwDbJQo4AAAD left zone: zone2
[2026-07-08T19:22:13.675Z] Client disconnected: 06kYSONAQwDbJQo4AAAD
[2026-07-08T19:22:27.211Z] Client connected: 7iYfr7ziVKlxIz22AAAF
[2026-07-08T19:22:27.220Z] Client 7iYfr7ziVKlxIz22AAAF joined zone: zone1
[2026-07-08T19:22:27.333Z] Client 7iYfr7ziVKlxIz22AAAF left zone: zone1
[2026-07-08T19:22:27.333Z] Client 7iYfr7ziVKlxIz22AAAF joined zone: zone1
[2026-07-08T19:22:27.334Z] Client 7iYfr7ziVKlxIz22AAAF joined zone: zone1
[2026-07-08T19:22:30.311Z] Client 7iYfr7ziVKlxIz22AAAF left zone: zone1
[2026-07-08T19:22:30.325Z] Client 7iYfr7ziVKlxIz22AAAF joined zone: zone2
[2026-07-08T19:22:30.326Z] Client 7iYfr7ziVKlxIz22AAAF left zone: zone2
[2026-07-08T19:22:30.326Z] Client 7iYfr7ziVKlxIz22AAAF joined zone: zone2
[2026-07-08T19:22:52.814Z] Client disconnected: 7iYfr7ziVKlxIz22AAAF
[2026-07-08T19:22:54.512Z] Client connected: 7_IbDShj69TCEdScAAAH
[2026-07-08T19:22:54.516Z] Client 7_IbDShj69TCEdScAAAH joined zone: zone2
[2026-07-08T19:41:33.707Z] Initializing Socket.io...
[2026-07-08T19:42:18.566Z] Client connected: Ma8-KAY8qWGg7WtxAAAB
[2026-07-08T19:42:18.608Z] Client Ma8-KAY8qWGg7WtxAAAB joined zone: zone1
[2026-07-08T19:42:18.711Z] Client Ma8-KAY8qWGg7WtxAAAB joined zone: zone1
[2026-07-08T19:42:33.942Z] Client Ma8-KAY8qWGg7WtxAAAB left zone: zone1
[2026-07-08T19:42:39.441Z] Client Ma8-KAY8qWGg7WtxAAAB joined zone: zone1
[2026-07-08T19:42:39.448Z] Client Ma8-KAY8qWGg7WtxAAAB left zone: zone1
[2026-07-08T19:42:39.449Z] Client Ma8-KAY8qWGg7WtxAAAB joined zone: zone1
[2026-07-08T19:43:05.371Z] Client Ma8-KAY8qWGg7WtxAAAB left zone: zone1
[2026-07-08T19:43:05.383Z] Client Ma8-KAY8qWGg7WtxAAAB joined zone: zone2
[2026-07-08T19:43:05.385Z] Client Ma8-KAY8qWGg7WtxAAAB left zone: zone2
[2026-07-08T19:43:05.386Z] Client Ma8-KAY8qWGg7WtxAAAB joined zone: zone2
[2026-07-08T19:43:08.766Z] Client Ma8-KAY8qWGg7WtxAAAB left zone: zone2
[2026-07-08T19:43:14.570Z] Client Ma8-KAY8qWGg7WtxAAAB joined zone: zone1
[2026-07-08T19:43:14.576Z] Client Ma8-KAY8qWGg7WtxAAAB left zone: zone1
[2026-07-08T19:43:14.576Z] Client Ma8-KAY8qWGg7WtxAAAB joined zone: zone1
[2026-07-08T19:43:18.947Z] Client Ma8-KAY8qWGg7WtxAAAB left zone: zone1
[2026-07-08T19:43:18.954Z] Client Ma8-KAY8qWGg7WtxAAAB joined zone: zone2
[2026-07-08T19:43:18.955Z] Client Ma8-KAY8qWGg7WtxAAAB left zone: zone2
[2026-07-08T19:43:18.956Z] Client Ma8-KAY8qWGg7WtxAAAB joined zone: zone2
[2026-07-08T19:43:21.391Z] Client Ma8-KAY8qWGg7WtxAAAB left zone: zone2
[2026-07-08T19:43:24.873Z] Client Ma8-KAY8qWGg7WtxAAAB joined zone: zone2
[2026-07-08T19:43:24.882Z] Client Ma8-KAY8qWGg7WtxAAAB left zone: zone2
[2026-07-08T19:43:24.883Z] Client Ma8-KAY8qWGg7WtxAAAB joined zone: zone2
[2026-07-08T19:43:27.466Z] Client Ma8-KAY8qWGg7WtxAAAB left zone: zone2
[2026-07-08T19:43:29.400Z] Client Ma8-KAY8qWGg7WtxAAAB joined zone: zone2
[2026-07-08T19:43:29.407Z] Client Ma8-KAY8qWGg7WtxAAAB left zone: zone2
[2026-07-08T19:43:29.408Z] Client Ma8-KAY8qWGg7WtxAAAB joined zone: zone2
[2026-07-08T19:43:31.055Z] Client Ma8-KAY8qWGg7WtxAAAB left zone: zone2
[2026-07-08T19:43:33.027Z] Client Ma8-KAY8qWGg7WtxAAAB joined zone: zone2
[2026-07-08T19:43:33.032Z] Client Ma8-KAY8qWGg7WtxAAAB left zone: zone2
[2026-07-08T19:43:33.033Z] Client Ma8-KAY8qWGg7WtxAAAB joined zone: zone2
[2026-07-08T19:43:53.591Z] Client Ma8-KAY8qWGg7WtxAAAB left zone: zone2
[2026-07-08T19:44:18.068Z] Client Ma8-KAY8qWGg7WtxAAAB joined zone: zone1
[2026-07-08T19:44:18.078Z] Client Ma8-KAY8qWGg7WtxAAAB left zone: zone1
[2026-07-08T19:44:18.079Z] Client Ma8-KAY8qWGg7WtxAAAB joined zone: zone1
[2026-07-08T19:44:20.183Z] Client Ma8-KAY8qWGg7WtxAAAB left zone: zone1
[2026-07-08T19:44:20.191Z] Client Ma8-KAY8qWGg7WtxAAAB joined zone: zone2
[2026-07-08T19:44:20.192Z] Client Ma8-KAY8qWGg7WtxAAAB left zone: zone2
[2026-07-08T19:44:20.193Z] Client Ma8-KAY8qWGg7WtxAAAB joined zone: zone2
[2026-07-08T19:44:25.159Z] Client Ma8-KAY8qWGg7WtxAAAB left zone: zone2
[2026-07-08T19:46:48.614Z] Client disconnected: Ma8-KAY8qWGg7WtxAAAB
[2026-07-08T19:53:51.054Z] Client connected: OqKpEn6-j2VPzkYiAAAD
[2026-07-08T19:53:51.064Z] Client OqKpEn6-j2VPzkYiAAAD joined zone: zone1
[2026-07-08T19:53:51.067Z] Client OqKpEn6-j2VPzkYiAAAD left zone: zone1
[2026-07-08T19:53:51.068Z] Client OqKpEn6-j2VPzkYiAAAD joined zone: zone1
[2026-07-08T19:53:51.069Z] Client OqKpEn6-j2VPzkYiAAAD joined zone: zone1
[2026-07-08T19:57:31.032Z] Client OqKpEn6-j2VPzkYiAAAD left zone: zone1
[2026-07-08T19:57:31.038Z] Client OqKpEn6-j2VPzkYiAAAD joined zone: zone2
[2026-07-08T19:57:31.039Z] Client OqKpEn6-j2VPzkYiAAAD left zone: zone2
[2026-07-08T19:57:31.039Z] Client OqKpEn6-j2VPzkYiAAAD joined zone: zone2
[2026-07-08T20:00:35.435Z] Client OqKpEn6-j2VPzkYiAAAD left zone: zone2
[2026-07-08T20:00:35.441Z] Client OqKpEn6-j2VPzkYiAAAD joined zone: zone1
[2026-07-08T20:00:35.442Z] Client OqKpEn6-j2VPzkYiAAAD left zone: zone1
[2026-07-08T20:00:35.443Z] Client OqKpEn6-j2VPzkYiAAAD joined zone: zone1
[2026-07-08T20:00:42.371Z] Client OqKpEn6-j2VPzkYiAAAD left zone: zone1
[2026-07-10T09:49:39.343Z] Initializing Socket.io...
[2026-07-10T09:49:41.672Z] Client connected: qDZ1-K_LZJyFkhKdAAAB
[2026-07-10T09:49:41.684Z] Client qDZ1-K_LZJyFkhKdAAAB joined zone: zone2
[2026-07-10T09:49:53.742Z] Initializing Socket.io...
[2026-07-10T09:49:53.802Z] Client connected: ICWy3NN0D-7bubesAAAB
[2026-07-10T09:49:53.827Z] Client ICWy3NN0D-7bubesAAAB joined zone: zone2
[2026-07-10T09:55:30.742Z] Client connected: CJQe3v1KzdutUPVyAAAD
[2026-07-10T09:56:36.621Z] Client ICWy3NN0D-7bubesAAAB left zone: zone2
[2026-07-10T10:04:28.935Z] Client disconnected: ICWy3NN0D-7bubesAAAB
[2026-07-10T10:07:22.969Z] Client disconnected: CJQe3v1KzdutUPVyAAAD
[2026-07-10T10:07:34.282Z] Client connected: WbQhgVEuxpghBujFAAAF
[2026-07-10T10:15:52.642Z] Client connected: 3tpdav_2N03uCwrcAAAH
[2026-07-10T10:15:52.754Z] Client 3tpdav_2N03uCwrcAAAH joined zone: zone2
[2026-07-10T10:15:52.763Z] Client 3tpdav_2N03uCwrcAAAH left zone: zone2
[2026-07-10T10:15:52.763Z] Client 3tpdav_2N03uCwrcAAAH joined zone: zone2
[2026-07-10T10:15:52.766Z] Client 3tpdav_2N03uCwrcAAAH joined zone: zone2
[2026-07-10T10:15:55.128Z] Client 3tpdav_2N03uCwrcAAAH left zone: zone2
[2026-07-10T10:15:57.595Z] Client disconnected: 3tpdav_2N03uCwrcAAAH
[2026-07-10T10:22:38.972Z] Initializing Socket.io...
[2026-07-10T10:22:39.218Z] Client connected: oKRxBmsobjZGF8p5AAAB
[2026-07-10T10:23:49.377Z] Client connected: EaHBI8Khl1vG-_yJAAAD
[2026-07-10T10:23:49.437Z] Client EaHBI8Khl1vG-_yJAAAD joined zone: zone5
[2026-07-10T10:23:49.543Z] Client EaHBI8Khl1vG-_yJAAAD left zone: zone5
[2026-07-10T10:23:49.543Z] Client EaHBI8Khl1vG-_yJAAAD joined zone: zone5
[2026-07-10T10:23:49.545Z] Client EaHBI8Khl1vG-_yJAAAD joined zone: zone5
[2026-07-10T10:32:09.644Z] Client connected: AWizF47_d4mwKrf3AAAF
[2026-07-10T10:32:09.729Z] Client AWizF47_d4mwKrf3AAAF joined zone: zone5
[2026-07-10T10:32:09.767Z] Client AWizF47_d4mwKrf3AAAF left zone: zone5
[2026-07-10T10:32:09.768Z] Client AWizF47_d4mwKrf3AAAF joined zone: zone5
[2026-07-10T10:32:09.770Z] Client AWizF47_d4mwKrf3AAAF joined zone: zone5
[2026-07-10T10:32:12.920Z] Client AWizF47_d4mwKrf3AAAF left zone: zone5
[2026-07-10T10:32:12.962Z] Client AWizF47_d4mwKrf3AAAF joined zone: zone2
[2026-07-10T10:32:12.964Z] Client AWizF47_d4mwKrf3AAAF left zone: zone2
[2026-07-10T10:32:12.965Z] Client AWizF47_d4mwKrf3AAAF joined zone: zone2
[2026-07-10T10:32:14.720Z] Client AWizF47_d4mwKrf3AAAF left zone: zone2
[2026-07-10T10:51:25.113Z] Client disconnected: AWizF47_d4mwKrf3AAAF
[2026-07-10T10:53:38.249Z] Client disconnected: oKRxBmsobjZGF8p5AAAB
[2026-07-10T10:53:41.950Z] Client disconnected: EaHBI8Khl1vG-_yJAAAD
[2026-07-10T10:53:51.936Z] Client connected: NQXpc2gsPnMM3Pb5AAAH
[2026-07-10T10:53:52.031Z] Client NQXpc2gsPnMM3Pb5AAAH joined zone: zone5
[2026-07-10T10:53:52.076Z] Client NQXpc2gsPnMM3Pb5AAAH joined zone: zone5
[2026-07-10T10:54:01.560Z] Client NQXpc2gsPnMM3Pb5AAAH left zone: zone5
[2026-07-10T10:54:01.597Z] Client NQXpc2gsPnMM3Pb5AAAH joined zone: zone2
[2026-07-10T10:54:01.600Z] Client NQXpc2gsPnMM3Pb5AAAH left zone: zone2
[2026-07-10T10:54:01.609Z] Client NQXpc2gsPnMM3Pb5AAAH joined zone: zone2
[2026-07-10T10:54:05.555Z] Client NQXpc2gsPnMM3Pb5AAAH left zone: zone2
[2026-07-10T10:58:23.122Z] Initializing Socket.io...
[2026-07-10T10:58:24.643Z] Client connected: PtfZefxW1sFMffFVAAAB
[2026-07-10T10:58:33.547Z] Initializing Socket.io...
[2026-07-10T10:58:35.641Z] Client connected: z-NcVTASLRwgO_95AAAB
[2026-07-10T10:59:11.810Z] Client disconnected: z-NcVTASLRwgO_95AAAB
[2026-07-10T11:17:23.501Z] Initializing Socket.io...
[2026-07-10T11:18:02.723Z] Client connected: 7eZgMk6oU_RjZ6wpAAAB
[2026-07-10T11:18:02.781Z] Client 7eZgMk6oU_RjZ6wpAAAB joined zone: zone4
[2026-07-10T11:18:02.882Z] Client 7eZgMk6oU_RjZ6wpAAAB left zone: zone4
[2026-07-10T11:18:02.886Z] Client 7eZgMk6oU_RjZ6wpAAAB joined zone: zone4
[2026-07-10T11:18:02.887Z] Client 7eZgMk6oU_RjZ6wpAAAB joined zone: zone4
[2026-07-10T11:18:11.491Z] Client 7eZgMk6oU_RjZ6wpAAAB left zone: zone4
[2026-07-10T11:23:29.227Z] Client connected: N0561hsec9mxBOUDAAAD
[2026-07-10T11:23:29.359Z] Client N0561hsec9mxBOUDAAAD joined zone: zone5
[2026-07-10T11:23:29.386Z] Client N0561hsec9mxBOUDAAAD joined zone: zone5
[2026-07-10T11:23:33.133Z] Client N0561hsec9mxBOUDAAAD left zone: zone5
[2026-07-10T11:24:32.763Z] Client N0561hsec9mxBOUDAAAD joined user room: user_N9aQoj4FfCTbCQW6DYs2WpguVdr2
[2026-07-10T11:24:32.782Z] Client N0561hsec9mxBOUDAAAD left user room: user_N9aQoj4FfCTbCQW6DYs2WpguVdr2
[2026-07-10T11:24:32.784Z] Client N0561hsec9mxBOUDAAAD joined user room: user_N9aQoj4FfCTbCQW6DYs2WpguVdr2
[2026-07-10T11:24:33.720Z] Client N0561hsec9mxBOUDAAAD left user room: user_N9aQoj4FfCTbCQW6DYs2WpguVdr2
[2026-07-10T11:25:44.933Z] Client disconnected: 7eZgMk6oU_RjZ6wpAAAB
[2026-07-10T11:25:45.028Z] Client disconnected: N0561hsec9mxBOUDAAAD
[2026-07-10T11:28:28.933Z] Client connected: s8Xj1l1ZHrHDQPTxAAAF
[2026-07-10T11:28:28.954Z] Client s8Xj1l1ZHrHDQPTxAAAF joined zone: zone4
[2026-07-10T11:28:28.960Z] Client s8Xj1l1ZHrHDQPTxAAAF left zone: zone4
[2026-07-10T11:28:28.961Z] Client s8Xj1l1ZHrHDQPTxAAAF joined zone: zone4
[2026-07-10T11:28:28.962Z] Client s8Xj1l1ZHrHDQPTxAAAF joined zone: zone4
[2026-07-10T11:28:38.879Z] Client s8Xj1l1ZHrHDQPTxAAAF left zone: zone4
[2026-07-10T11:28:50.021Z] Client s8Xj1l1ZHrHDQPTxAAAF joined zone: zone4
[2026-07-10T11:28:50.205Z] Client s8Xj1l1ZHrHDQPTxAAAF left zone: zone4
[2026-07-10T11:28:50.207Z] Client s8Xj1l1ZHrHDQPTxAAAF joined zone: zone4
[2026-07-10T11:28:51.393Z] Client s8Xj1l1ZHrHDQPTxAAAF left zone: zone4
[2026-07-10T11:38:03.206Z] Initializing Socket.io...
[2026-07-10T11:38:03.424Z] Client connected: JCI9qTHN9ik4GCZTAAAB
[2026-07-10T11:38:24.320Z] Initializing Socket.io...
[2026-07-10T11:38:30.642Z] Client connected: oNTLmQCQ7T-C9KifAAAB
[2026-07-10T11:39:39.794Z] Initializing Socket.io...
[2026-07-10T11:45:09.039Z] Client connected: 9cyO7rVPXwiI5xdfAAAB
[2026-07-10T11:51:18.303Z] Client connected: z5Lj_CG-dc3O9EeCAAAD
[2026-07-10T11:51:18.474Z] Client z5Lj_CG-dc3O9EeCAAAD joined zone: zone4
[2026-07-10T11:51:18.611Z] Client z5Lj_CG-dc3O9EeCAAAD left zone: zone4
[2026-07-10T11:51:18.613Z] Client z5Lj_CG-dc3O9EeCAAAD joined zone: zone4
[2026-07-10T11:51:18.616Z] Client z5Lj_CG-dc3O9EeCAAAD joined zone: zone4
[2026-07-10T11:51:38.414Z] Client z5Lj_CG-dc3O9EeCAAAD left zone: zone4
[2026-07-10T13:58:23.005Z] Client disconnected: z5Lj_CG-dc3O9EeCAAAD
[2026-07-10T13:58:23.019Z] Client disconnected: 9cyO7rVPXwiI5xdfAAAB
[2026-07-10T14:00:44.134Z] Client connected: GaPZDGFsO4Hjc9YlAAAF
[2026-07-10T14:00:46.519Z] Client connected: 1dihIg31WkqjOB1xAAAH
[2026-07-10T14:00:48.212Z] Client disconnected: GaPZDGFsO4Hjc9YlAAAF
[2026-07-10T14:00:48.811Z] Client disconnected: 1dihIg31WkqjOB1xAAAH
[2026-07-10T14:03:16.575Z] Initializing Socket.io...
[2026-07-10T17:57:32.317Z] Client connected: tS8WKgQUhUJ9u44oAAAB
[2026-07-10T17:57:32.392Z] Client tS8WKgQUhUJ9u44oAAAB joined zone: zone5
[2026-07-10T17:57:32.407Z] Client tS8WKgQUhUJ9u44oAAAB joined zone: zone5
[2026-07-10T17:57:34.096Z] Client tS8WKgQUhUJ9u44oAAAB left zone: zone5
[2026-07-10T17:57:34.121Z] Client tS8WKgQUhUJ9u44oAAAB joined zone: zone2
[2026-07-10T17:57:34.122Z] Client tS8WKgQUhUJ9u44oAAAB left zone: zone2
[2026-07-10T17:57:34.123Z] Client tS8WKgQUhUJ9u44oAAAB joined zone: zone2
[2026-07-10T17:57:35.488Z] Client tS8WKgQUhUJ9u44oAAAB left zone: zone2
[2026-07-10T18:06:59.833Z] Client disconnected: tS8WKgQUhUJ9u44oAAAB
[2026-07-10T18:16:23.699Z] Client connected: 324n9yH_opB40dJNAAAD
[2026-07-10T18:16:23.736Z] Client 324n9yH_opB40dJNAAAD joined zone: zone5
[2026-07-10T18:16:23.742Z] Client 324n9yH_opB40dJNAAAD joined zone: zone5
[2026-07-10T18:16:25.495Z] Client 324n9yH_opB40dJNAAAD left zone: zone5
[2026-07-10T19:13:09.258Z] Client disconnected: 324n9yH_opB40dJNAAAD
[2026-07-11T09:33:50.707Z] Initializing Socket.io...
[2026-07-11T09:35:01.418Z] Client connected: A7FDLZRNCZE2_2QsAAAB
[2026-07-11T09:35:01.541Z] Client A7FDLZRNCZE2_2QsAAAB joined zone: zone1
[2026-07-11T09:35:01.649Z] Client A7FDLZRNCZE2_2QsAAAB joined zone: zone2
[2026-07-11T09:35:01.657Z] Client A7FDLZRNCZE2_2QsAAAB joined zone: zone1
[2026-07-11T09:35:01.658Z] Client A7FDLZRNCZE2_2QsAAAB joined zone: zone2
[2026-07-11T09:37:07.035Z] Client A7FDLZRNCZE2_2QsAAAB left zone: zone1
[2026-07-11T09:37:07.036Z] Client A7FDLZRNCZE2_2QsAAAB joined zone: zone1
[2026-07-11T09:38:51.897Z] Client A7FDLZRNCZE2_2QsAAAB left zone: zone1
[2026-07-11T09:38:51.911Z] Client A7FDLZRNCZE2_2QsAAAB left zone: zone2
[2026-07-11T09:38:51.912Z] Client A7FDLZRNCZE2_2QsAAAB joined zone: zone3
[2026-07-11T09:38:51.913Z] Client A7FDLZRNCZE2_2QsAAAB left zone: zone3
[2026-07-11T09:38:51.914Z] Client A7FDLZRNCZE2_2QsAAAB joined zone: zone3
[2026-07-11T09:39:03.909Z] Client A7FDLZRNCZE2_2QsAAAB left zone: zone3
[2026-07-11T09:39:03.934Z] Client A7FDLZRNCZE2_2QsAAAB joined zone: zone1
[2026-07-11T09:39:03.942Z] Client A7FDLZRNCZE2_2QsAAAB joined zone: zone2
[2026-07-11T09:39:03.943Z] Client A7FDLZRNCZE2_2QsAAAB left zone: zone1
[2026-07-11T09:39:03.945Z] Client A7FDLZRNCZE2_2QsAAAB left zone: zone2
[2026-07-11T09:39:03.951Z] Client A7FDLZRNCZE2_2QsAAAB joined zone: zone1
[2026-07-11T09:39:03.952Z] Client A7FDLZRNCZE2_2QsAAAB joined zone: zone2
[2026-07-11T09:39:45.558Z] Client connected: oGQU9wd94tlXswpuAAAD
[2026-07-11T09:39:45.589Z] Client oGQU9wd94tlXswpuAAAD joined zone: zone1
[2026-07-11T09:39:45.694Z] Client oGQU9wd94tlXswpuAAAD joined zone: zone2
[2026-07-11T09:39:45.695Z] Client oGQU9wd94tlXswpuAAAD left zone: zone1
[2026-07-11T09:39:45.697Z] Client oGQU9wd94tlXswpuAAAD left zone: zone2
[2026-07-11T09:39:45.701Z] Client oGQU9wd94tlXswpuAAAD joined zone: zone1
[2026-07-11T09:39:45.706Z] Client oGQU9wd94tlXswpuAAAD joined zone: zone2
[2026-07-11T09:39:45.707Z] Client oGQU9wd94tlXswpuAAAD joined zone: zone1
[2026-07-11T09:39:45.708Z] Client oGQU9wd94tlXswpuAAAD joined zone: zone2
[2026-07-11T09:40:06.509Z] Client disconnected: oGQU9wd94tlXswpuAAAD
[2026-07-11T09:40:07.049Z] Client connected: Jd9_gZ8g9SCZgsieAAAF
[2026-07-11T09:40:07.130Z] Client Jd9_gZ8g9SCZgsieAAAF joined zone: zone1
[2026-07-11T09:40:07.140Z] Client Jd9_gZ8g9SCZgsieAAAF joined zone: zone2
[2026-07-11T09:40:07.151Z] Client Jd9_gZ8g9SCZgsieAAAF joined zone: zone1
[2026-07-11T09:40:07.152Z] Client Jd9_gZ8g9SCZgsieAAAF joined zone: zone2
[2026-07-11T09:40:18.108Z] Client Jd9_gZ8g9SCZgsieAAAF left zone: zone1
[2026-07-11T09:40:18.119Z] Client Jd9_gZ8g9SCZgsieAAAF left zone: zone2
[2026-07-11T09:40:18.122Z] Client Jd9_gZ8g9SCZgsieAAAF joined zone: zone3
[2026-07-11T09:40:18.127Z] Client Jd9_gZ8g9SCZgsieAAAF left zone: zone3
[2026-07-11T09:40:18.130Z] Client Jd9_gZ8g9SCZgsieAAAF joined zone: zone3
[2026-07-11T09:40:21.362Z] Client disconnected: A7FDLZRNCZE2_2QsAAAB
[2026-07-11T09:40:25.746Z] Client Jd9_gZ8g9SCZgsieAAAF left zone: zone3
[2026-07-11T09:40:25.761Z] Client Jd9_gZ8g9SCZgsieAAAF joined zone: zone1
[2026-07-11T09:40:25.765Z] Client Jd9_gZ8g9SCZgsieAAAF joined zone: zone2
[2026-07-11T09:40:25.765Z] Client Jd9_gZ8g9SCZgsieAAAF left zone: zone1
[2026-07-11T09:40:25.766Z] Client Jd9_gZ8g9SCZgsieAAAF left zone: zone2
[2026-07-11T09:40:25.768Z] Client Jd9_gZ8g9SCZgsieAAAF joined zone: zone1
[2026-07-11T09:40:25.769Z] Client Jd9_gZ8g9SCZgsieAAAF joined zone: zone2
[2026-07-11T09:41:05.905Z] Client connected: _3G_ZWtoHNJ7AdEiAAAH
[2026-07-11T09:43:16.366Z] Client disconnected: Jd9_gZ8g9SCZgsieAAAF
[2026-07-11T09:43:18.220Z] Client connected: Eiw8_ojoPDAA0j1zAAAJ
[2026-07-11T09:43:18.285Z] Client Eiw8_ojoPDAA0j1zAAAJ joined zone: zone1
[2026-07-11T09:43:18.391Z] Client Eiw8_ojoPDAA0j1zAAAJ joined zone: zone2
[2026-07-11T09:43:18.394Z] Client Eiw8_ojoPDAA0j1zAAAJ joined zone: zone1
[2026-07-11T09:43:18.395Z] Client Eiw8_ojoPDAA0j1zAAAJ joined zone: zone2
[2026-07-11T09:43:29.836Z] Client Eiw8_ojoPDAA0j1zAAAJ left zone: zone1
[2026-07-11T09:43:29.856Z] Client Eiw8_ojoPDAA0j1zAAAJ left zone: zone2
[2026-07-11T09:43:29.858Z] Client Eiw8_ojoPDAA0j1zAAAJ joined zone: zone3
[2026-07-11T09:43:29.858Z] Client Eiw8_ojoPDAA0j1zAAAJ left zone: zone3
[2026-07-11T09:43:29.860Z] Client Eiw8_ojoPDAA0j1zAAAJ joined zone: zone3
[2026-07-11T09:43:32.460Z] Client disconnected: Eiw8_ojoPDAA0j1zAAAJ
[2026-07-11T09:43:33.002Z] Client connected: 5EAkAYyGSHA5dlUcAAAL
[2026-07-11T09:43:33.036Z] Client 5EAkAYyGSHA5dlUcAAAL joined zone: zone3
[2026-07-11T09:43:33.046Z] Client 5EAkAYyGSHA5dlUcAAAL left zone: zone3
[2026-07-11T09:43:33.047Z] Client 5EAkAYyGSHA5dlUcAAAL joined zone: zone3
[2026-07-11T09:43:33.049Z] Client 5EAkAYyGSHA5dlUcAAAL joined zone: zone3
[2026-07-11T09:43:47.792Z] Client connected: oAOpDCaszMDwrzoDAAAN
[2026-07-11T09:43:47.830Z] Client oAOpDCaszMDwrzoDAAAN joined zone: zone1
[2026-07-11T09:43:47.846Z] Client oAOpDCaszMDwrzoDAAAN joined zone: zone2
[2026-07-11T09:43:47.848Z] Client oAOpDCaszMDwrzoDAAAN joined zone: zone1
[2026-07-11T09:43:47.849Z] Client oAOpDCaszMDwrzoDAAAN joined zone: zone2
[2026-07-11T09:44:17.961Z] Client disconnected: 5EAkAYyGSHA5dlUcAAAL
[2026-07-11T09:45:10.246Z] Client oAOpDCaszMDwrzoDAAAN left zone: zone1
[2026-07-11T09:45:10.263Z] Client oAOpDCaszMDwrzoDAAAN left zone: zone2
[2026-07-11T09:45:10.283Z] Client oAOpDCaszMDwrzoDAAAN joined zone: zone3
[2026-07-11T09:45:10.284Z] Client oAOpDCaszMDwrzoDAAAN left zone: zone3
[2026-07-11T09:45:10.284Z] Client oAOpDCaszMDwrzoDAAAN joined zone: zone3
[2026-07-11T09:46:18.679Z] Client disconnected: oAOpDCaszMDwrzoDAAAN
[2026-07-11T09:46:19.186Z] Client connected: MP4TxBtoVG7iD9sNAAAP
[2026-07-11T09:46:19.212Z] Client MP4TxBtoVG7iD9sNAAAP joined zone: zone3
[2026-07-11T09:46:19.230Z] Client MP4TxBtoVG7iD9sNAAAP left zone: zone3
[2026-07-11T09:46:19.243Z] Client MP4TxBtoVG7iD9sNAAAP joined zone: zone3
[2026-07-11T09:46:19.245Z] Client MP4TxBtoVG7iD9sNAAAP joined zone: zone3
[2026-07-11T09:47:26.519Z] Client MP4TxBtoVG7iD9sNAAAP left zone: zone3
[2026-07-11T09:47:33.185Z] Client connected: jp5-g8FqAXtBXQf2AAAR
[2026-07-11T09:47:33.218Z] Client jp5-g8FqAXtBXQf2AAAR joined zone: zone1
[2026-07-11T09:47:33.224Z] Client jp5-g8FqAXtBXQf2AAAR joined zone: zone2
[2026-07-11T09:47:33.228Z] Client jp5-g8FqAXtBXQf2AAAR joined zone: zone1
[2026-07-11T09:47:33.232Z] Client jp5-g8FqAXtBXQf2AAAR joined zone: zone2
[2026-07-11T09:47:54.190Z] Client disconnected: MP4TxBtoVG7iD9sNAAAP
[2026-07-11T09:48:10.522Z] Client connected: 7bqfFOMYqNuUJriXAAAT
[2026-07-11T09:48:10.568Z] Client 7bqfFOMYqNuUJriXAAAT joined zone: zone1
[2026-07-11T09:48:10.578Z] Client 7bqfFOMYqNuUJriXAAAT joined zone: zone2
[2026-07-11T09:48:10.582Z] Client 7bqfFOMYqNuUJriXAAAT left zone: zone1
[2026-07-11T09:48:10.584Z] Client 7bqfFOMYqNuUJriXAAAT left zone: zone2
[2026-07-11T09:48:10.586Z] Client 7bqfFOMYqNuUJriXAAAT joined zone: zone1
[2026-07-11T09:48:10.587Z] Client 7bqfFOMYqNuUJriXAAAT joined zone: zone2
[2026-07-11T09:48:10.589Z] Client 7bqfFOMYqNuUJriXAAAT joined zone: zone1
[2026-07-11T09:48:10.592Z] Client 7bqfFOMYqNuUJriXAAAT joined zone: zone2
[2026-07-11T09:48:43.152Z] Client disconnected: jp5-g8FqAXtBXQf2AAAR
[2026-07-11T09:49:57.141Z] Client disconnected: 7bqfFOMYqNuUJriXAAAT
[2026-07-11T09:49:57.622Z] Client connected: UAoi_QAh42CNtKSNAAAV
[2026-07-11T09:49:57.638Z] Client UAoi_QAh42CNtKSNAAAV joined zone: zone1
[2026-07-11T09:49:57.745Z] Client UAoi_QAh42CNtKSNAAAV joined zone: zone2
[2026-07-11T09:49:57.746Z] Client UAoi_QAh42CNtKSNAAAV joined zone: zone1
[2026-07-11T09:49:57.747Z] Client UAoi_QAh42CNtKSNAAAV joined zone: zone2
[2026-07-11T09:50:04.846Z] Client disconnected: UAoi_QAh42CNtKSNAAAV
[2026-07-11T09:50:05.411Z] Client connected: 9cJDez3fHFM6kNdFAAAX
[2026-07-11T09:50:05.428Z] Client 9cJDez3fHFM6kNdFAAAX joined zone: zone1
[2026-07-11T09:50:05.446Z] Client 9cJDez3fHFM6kNdFAAAX joined zone: zone2
[2026-07-11T09:50:05.447Z] Client 9cJDez3fHFM6kNdFAAAX joined zone: zone1
[2026-07-11T09:50:05.450Z] Client 9cJDez3fHFM6kNdFAAAX joined zone: zone2
[2026-07-11T09:50:17.242Z] Client 9cJDez3fHFM6kNdFAAAX left zone: zone1
[2026-07-11T09:50:17.264Z] Client 9cJDez3fHFM6kNdFAAAX left zone: zone2
[2026-07-11T09:50:17.266Z] Client 9cJDez3fHFM6kNdFAAAX joined zone: zone3
[2026-07-11T09:50:17.268Z] Client 9cJDez3fHFM6kNdFAAAX left zone: zone3
[2026-07-11T09:50:17.289Z] Client 9cJDez3fHFM6kNdFAAAX joined zone: zone3
[2026-07-11T09:50:25.811Z] Client 9cJDez3fHFM6kNdFAAAX left zone: zone3
[2026-07-11T09:50:34.271Z] Client 9cJDez3fHFM6kNdFAAAX joined zone: zone3
[2026-07-11T09:50:34.280Z] Client 9cJDez3fHFM6kNdFAAAX left zone: zone3
[2026-07-11T09:50:34.292Z] Client 9cJDez3fHFM6kNdFAAAX joined zone: zone3
[2026-07-11T09:50:35.174Z] Client 9cJDez3fHFM6kNdFAAAX left zone: zone3
[2026-07-11T09:50:35.185Z] Client 9cJDez3fHFM6kNdFAAAX joined zone: zone1
[2026-07-11T09:50:35.186Z] Client 9cJDez3fHFM6kNdFAAAX joined zone: zone2
[2026-07-11T09:50:35.187Z] Client 9cJDez3fHFM6kNdFAAAX left zone: zone1
[2026-07-11T09:50:35.189Z] Client 9cJDez3fHFM6kNdFAAAX left zone: zone2
[2026-07-11T09:50:35.190Z] Client 9cJDez3fHFM6kNdFAAAX joined zone: zone1
[2026-07-11T09:50:35.190Z] Client 9cJDez3fHFM6kNdFAAAX joined zone: zone2
[2026-07-11T09:50:37.623Z] Client disconnected: 9cJDez3fHFM6kNdFAAAX
[2026-07-11T09:50:38.179Z] Client connected: 6oaFTOHOj7_74nzuAAAZ
[2026-07-11T09:50:38.198Z] Client 6oaFTOHOj7_74nzuAAAZ joined zone: zone1
[2026-07-11T09:50:38.216Z] Client 6oaFTOHOj7_74nzuAAAZ joined zone: zone2
[2026-07-11T09:50:38.223Z] Client 6oaFTOHOj7_74nzuAAAZ joined zone: zone1
[2026-07-11T09:50:38.225Z] Client 6oaFTOHOj7_74nzuAAAZ joined zone: zone2
[2026-07-11T09:50:59.564Z] Client 6oaFTOHOj7_74nzuAAAZ left zone: zone1
[2026-07-11T09:50:59.565Z] Client 6oaFTOHOj7_74nzuAAAZ left zone: zone2
[2026-07-11T09:50:59.566Z] Client 6oaFTOHOj7_74nzuAAAZ joined zone: zone3
[2026-07-11T09:50:59.567Z] Client 6oaFTOHOj7_74nzuAAAZ left zone: zone3
[2026-07-11T09:50:59.567Z] Client 6oaFTOHOj7_74nzuAAAZ joined zone: zone3
[2026-07-11T09:51:03.807Z] Client 6oaFTOHOj7_74nzuAAAZ left zone: zone3
[2026-07-11T09:53:07.336Z] Client connected: hSUVLqfUIRAt6fHnAAAb
[2026-07-11T09:53:07.374Z] Client hSUVLqfUIRAt6fHnAAAb joined zone: zone1
[2026-07-11T09:53:07.389Z] Client hSUVLqfUIRAt6fHnAAAb joined zone: zone2
[2026-07-11T09:53:07.389Z] Client hSUVLqfUIRAt6fHnAAAb joined zone: zone1
[2026-07-11T09:53:07.391Z] Client hSUVLqfUIRAt6fHnAAAb joined zone: zone2
[2026-07-11T09:53:09.682Z] Client hSUVLqfUIRAt6fHnAAAb left zone: zone1
[2026-07-11T09:53:09.695Z] Client hSUVLqfUIRAt6fHnAAAb left zone: zone2
[2026-07-11T09:53:09.696Z] Client hSUVLqfUIRAt6fHnAAAb joined zone: zone3
[2026-07-11T09:53:09.696Z] Client hSUVLqfUIRAt6fHnAAAb left zone: zone3
[2026-07-11T09:53:09.697Z] Client hSUVLqfUIRAt6fHnAAAb joined zone: zone3
[2026-07-11T09:53:11.800Z] Client hSUVLqfUIRAt6fHnAAAb left zone: zone3
[2026-07-11T09:53:28.222Z] Client disconnected: 6oaFTOHOj7_74nzuAAAZ
[2026-07-11T09:53:45.492Z] Client disconnected: hSUVLqfUIRAt6fHnAAAb
[2026-07-11T09:55:58.071Z] Client disconnected: _3G_ZWtoHNJ7AdEiAAAH
[2026-07-11T09:55:58.625Z] Client connected: hm2bgx2GpTP2sQI5AAAd
[2026-07-11T09:55:58.672Z] Client hm2bgx2GpTP2sQI5AAAd joined zone: zone1
[2026-07-11T09:55:58.779Z] Client hm2bgx2GpTP2sQI5AAAd joined zone: zone2
[2026-07-11T09:55:58.781Z] Client hm2bgx2GpTP2sQI5AAAd joined zone: zone1
[2026-07-11T09:55:58.783Z] Client hm2bgx2GpTP2sQI5AAAd joined zone: zone2
[2026-07-11T09:56:04.026Z] Client disconnected: hm2bgx2GpTP2sQI5AAAd
[2026-07-11T09:56:04.610Z] Client connected: Dp-cPiTTfUSAB8d7AAAf
[2026-07-11T09:56:04.654Z] Client Dp-cPiTTfUSAB8d7AAAf joined zone: zone1
[2026-07-11T09:56:04.760Z] Client Dp-cPiTTfUSAB8d7AAAf joined zone: zone2
[2026-07-11T09:56:04.761Z] Client Dp-cPiTTfUSAB8d7AAAf joined zone: zone1
[2026-07-11T09:56:04.762Z] Client Dp-cPiTTfUSAB8d7AAAf joined zone: zone2
[2026-07-11T09:56:10.127Z] Client disconnected: Dp-cPiTTfUSAB8d7AAAf
[2026-07-11T09:56:46.542Z] Client connected: 1VU6Eryto4fCqg6xAAAh
[2026-07-11T09:56:46.587Z] Client 1VU6Eryto4fCqg6xAAAh joined zone: zone4
[2026-07-11T09:56:46.693Z] Client 1VU6Eryto4fCqg6xAAAh left zone: zone4
[2026-07-11T09:56:46.706Z] Client 1VU6Eryto4fCqg6xAAAh joined zone: zone4
[2026-07-11T09:56:46.708Z] Client 1VU6Eryto4fCqg6xAAAh joined zone: zone4
[2026-07-11T09:56:48.080Z] Client 1VU6Eryto4fCqg6xAAAh left zone: zone4
[2026-07-11T09:56:52.938Z] Client 1VU6Eryto4fCqg6xAAAh joined zone: zone4
[2026-07-11T09:56:52.961Z] Client 1VU6Eryto4fCqg6xAAAh left zone: zone4
[2026-07-11T09:56:52.961Z] Client 1VU6Eryto4fCqg6xAAAh joined zone: zone4
[2026-07-11T09:57:01.388Z] Client 1VU6Eryto4fCqg6xAAAh left zone: zone4
[2026-07-11T09:57:07.503Z] Client 1VU6Eryto4fCqg6xAAAh joined zone: zone4
[2026-07-11T09:57:07.518Z] Client 1VU6Eryto4fCqg6xAAAh left zone: zone4
[2026-07-11T09:57:07.519Z] Client 1VU6Eryto4fCqg6xAAAh joined zone: zone4
[2026-07-11T09:57:08.577Z] Client 1VU6Eryto4fCqg6xAAAh left zone: zone4
[2026-07-11T09:57:22.554Z] Client 1VU6Eryto4fCqg6xAAAh joined zone: zone4
[2026-07-11T09:57:22.571Z] Client 1VU6Eryto4fCqg6xAAAh left zone: zone4
[2026-07-11T09:57:22.575Z] Client 1VU6Eryto4fCqg6xAAAh joined zone: zone4
[2026-07-11T09:57:29.291Z] Client disconnected: 1VU6Eryto4fCqg6xAAAh
[2026-07-11T09:57:33.420Z] Client connected: hrgBF7U4TsptMjEdAAAj
[2026-07-11T09:57:33.445Z] Client hrgBF7U4TsptMjEdAAAj joined zone: zone4
[2026-07-11T09:57:33.461Z] Client hrgBF7U4TsptMjEdAAAj left zone: zone4
[2026-07-11T09:57:33.462Z] Client hrgBF7U4TsptMjEdAAAj joined zone: zone4
[2026-07-11T09:57:33.466Z] Client hrgBF7U4TsptMjEdAAAj joined zone: zone4
[2026-07-11T09:57:34.725Z] Client disconnected: hrgBF7U4TsptMjEdAAAj
[2026-07-11T09:57:35.126Z] Client connected: E1B8FAw5hzCMBiK3AAAl
[2026-07-11T09:57:35.145Z] Client E1B8FAw5hzCMBiK3AAAl joined zone: zone4
[2026-07-11T09:57:35.250Z] Client E1B8FAw5hzCMBiK3AAAl left zone: zone4
[2026-07-11T09:57:35.251Z] Client E1B8FAw5hzCMBiK3AAAl joined zone: zone4
[2026-07-11T09:57:35.254Z] Client E1B8FAw5hzCMBiK3AAAl joined zone: zone4
[2026-07-11T09:57:40.242Z] Client E1B8FAw5hzCMBiK3AAAl left zone: zone4
[2026-07-11T09:57:40.832Z] Client E1B8FAw5hzCMBiK3AAAl joined zone: zone5
[2026-07-11T09:57:40.834Z] Client E1B8FAw5hzCMBiK3AAAl left zone: zone5
[2026-07-11T09:57:40.853Z] Client E1B8FAw5hzCMBiK3AAAl joined zone: zone5
[2026-07-11T09:59:11.599Z] Client disconnected: E1B8FAw5hzCMBiK3AAAl
[2026-07-11T09:59:12.221Z] Client connected: ycJYv7vMNNJ_QuUWAAAn
[2026-07-11T09:59:12.235Z] Client ycJYv7vMNNJ_QuUWAAAn joined zone: zone5
[2026-07-11T09:59:12.244Z] Client ycJYv7vMNNJ_QuUWAAAn left zone: zone5
[2026-07-11T09:59:12.245Z] Client ycJYv7vMNNJ_QuUWAAAn joined zone: zone5
[2026-07-11T09:59:12.246Z] Client ycJYv7vMNNJ_QuUWAAAn joined zone: zone5
[2026-07-11T09:59:40.297Z] Client ycJYv7vMNNJ_QuUWAAAn left zone: zone5
[2026-07-11T09:59:40.319Z] Client ycJYv7vMNNJ_QuUWAAAn joined zone: zone4
[2026-07-11T09:59:40.320Z] Client ycJYv7vMNNJ_QuUWAAAn left zone: zone4
[2026-07-11T09:59:40.323Z] Client ycJYv7vMNNJ_QuUWAAAn joined zone: zone4
[2026-07-11T09:59:48.293Z] Client disconnected: ycJYv7vMNNJ_QuUWAAAn
[2026-07-11T09:59:48.736Z] Client connected: nYkJRWXQ_DsuvTQKAAAp
[2026-07-11T09:59:48.770Z] Client nYkJRWXQ_DsuvTQKAAAp joined zone: zone4
[2026-07-11T09:59:48.975Z] Client nYkJRWXQ_DsuvTQKAAAp left zone: zone4
[2026-07-11T09:59:48.976Z] Client nYkJRWXQ_DsuvTQKAAAp joined zone: zone4
[2026-07-11T09:59:48.978Z] Client nYkJRWXQ_DsuvTQKAAAp joined zone: zone4
[2026-07-11T10:00:22.354Z] Client disconnected: nYkJRWXQ_DsuvTQKAAAp
[2026-07-11T10:00:38.171Z] Client connected: fhChU9MS-QACsKGCAAAr
[2026-07-11T10:00:38.229Z] Client fhChU9MS-QACsKGCAAAr joined zone: zone4
[2026-07-11T10:00:38.230Z] Client fhChU9MS-QACsKGCAAAr left zone: zone4
[2026-07-11T10:00:38.231Z] Client fhChU9MS-QACsKGCAAAr joined zone: zone4
[2026-07-11T10:00:38.231Z] Client fhChU9MS-QACsKGCAAAr joined zone: zone4
[2026-07-11T10:00:38.494Z] Client connected: t9KIPkebB0_FmCcAAAAt
[2026-07-11T10:00:38.564Z] Client t9KIPkebB0_FmCcAAAAt joined zone: zone1
[2026-07-11T10:00:38.565Z] Client t9KIPkebB0_FmCcAAAAt joined zone: zone2
[2026-07-11T10:00:38.565Z] Client t9KIPkebB0_FmCcAAAAt joined zone: zone1
[2026-07-11T10:00:38.565Z] Client t9KIPkebB0_FmCcAAAAt joined zone: zone2
[2026-07-11T10:01:00.941Z] Client t9KIPkebB0_FmCcAAAAt left zone: zone1
[2026-07-11T10:01:00.959Z] Client t9KIPkebB0_FmCcAAAAt left zone: zone2
[2026-07-11T10:01:00.960Z] Client t9KIPkebB0_FmCcAAAAt joined zone: zone3
[2026-07-11T10:01:00.963Z] Client t9KIPkebB0_FmCcAAAAt left zone: zone3
[2026-07-11T10:01:00.970Z] Client t9KIPkebB0_FmCcAAAAt joined zone: zone3
[2026-07-11T10:01:07.753Z] Client t9KIPkebB0_FmCcAAAAt left zone: zone3
[2026-07-11T10:01:16.763Z] Client t9KIPkebB0_FmCcAAAAt joined zone: zone4
[2026-07-11T10:01:16.787Z] Client t9KIPkebB0_FmCcAAAAt left zone: zone4
[2026-07-11T10:01:16.788Z] Client t9KIPkebB0_FmCcAAAAt joined zone: zone4
[2026-07-11T10:01:22.549Z] Client t9KIPkebB0_FmCcAAAAt left zone: zone4
[2026-07-11T10:01:22.910Z] Client t9KIPkebB0_FmCcAAAAt joined zone: zone5
[2026-07-11T10:01:22.915Z] Client t9KIPkebB0_FmCcAAAAt left zone: zone5
[2026-07-11T10:01:22.924Z] Client t9KIPkebB0_FmCcAAAAt joined zone: zone5
[2026-07-11T10:02:11.362Z] Client t9KIPkebB0_FmCcAAAAt left zone: zone5
[2026-07-11T10:02:11.384Z] Client t9KIPkebB0_FmCcAAAAt joined zone: zone4
[2026-07-11T10:02:11.385Z] Client t9KIPkebB0_FmCcAAAAt left zone: zone4
[2026-07-11T10:02:11.385Z] Client t9KIPkebB0_FmCcAAAAt joined zone: zone4
[2026-07-11T10:02:15.237Z] Client disconnected: t9KIPkebB0_FmCcAAAAt
[2026-07-11T10:02:15.787Z] Client connected: SRQf_LbWSG7JuKnaAAAv
[2026-07-11T10:02:15.800Z] Client SRQf_LbWSG7JuKnaAAAv joined zone: zone4
[2026-07-11T10:02:15.916Z] Client SRQf_LbWSG7JuKnaAAAv left zone: zone4
[2026-07-11T10:02:15.924Z] Client SRQf_LbWSG7JuKnaAAAv joined zone: zone4
[2026-07-11T10:02:15.926Z] Client SRQf_LbWSG7JuKnaAAAv joined zone: zone4
[2026-07-11T10:02:59.640Z] Client SRQf_LbWSG7JuKnaAAAv left zone: zone4
[2026-07-11T10:03:00.097Z] Client SRQf_LbWSG7JuKnaAAAv joined zone: zone5
[2026-07-11T10:03:00.099Z] Client SRQf_LbWSG7JuKnaAAAv left zone: zone5
[2026-07-11T10:03:00.100Z] Client SRQf_LbWSG7JuKnaAAAv joined zone: zone5
[2026-07-11T10:04:02.153Z] Client SRQf_LbWSG7JuKnaAAAv left zone: zone5
[2026-07-11T10:04:02.175Z] Client SRQf_LbWSG7JuKnaAAAv joined zone: zone4
[2026-07-11T10:04:02.176Z] Client SRQf_LbWSG7JuKnaAAAv left zone: zone4
[2026-07-11T10:04:02.176Z] Client SRQf_LbWSG7JuKnaAAAv joined zone: zone4
[2026-07-11T10:05:26.178Z] Client disconnected: SRQf_LbWSG7JuKnaAAAv
[2026-07-11T10:05:31.482Z] Client connected: vo6i2mqjrw-18TCVAAAx
[2026-07-11T10:05:31.549Z] Client vo6i2mqjrw-18TCVAAAx joined zone: zone4
[2026-07-11T10:05:31.575Z] Client vo6i2mqjrw-18TCVAAAx left zone: zone4
[2026-07-11T10:05:31.576Z] Client vo6i2mqjrw-18TCVAAAx joined zone: zone4
[2026-07-11T10:05:31.576Z] Client vo6i2mqjrw-18TCVAAAx joined zone: zone4
[2026-07-11T10:05:34.935Z] Client disconnected: vo6i2mqjrw-18TCVAAAx
[2026-07-11T10:05:35.098Z] Client disconnected: fhChU9MS-QACsKGCAAAr
[2026-07-11T10:05:36.898Z] Client connected: Zd_1oNrU-AWk7qtyAAAz
[2026-07-11T10:05:37.072Z] Client Zd_1oNrU-AWk7qtyAAAz joined zone: zone4
[2026-07-11T10:05:37.073Z] Client Zd_1oNrU-AWk7qtyAAAz left zone: zone4
[2026-07-11T10:05:37.073Z] Client Zd_1oNrU-AWk7qtyAAAz joined zone: zone4
[2026-07-11T10:05:37.073Z] Client Zd_1oNrU-AWk7qtyAAAz joined zone: zone4
[2026-07-11T10:05:37.410Z] Client connected: hnnE4yvuOdSfEpK4AAA1
[2026-07-11T10:05:37.531Z] Client hnnE4yvuOdSfEpK4AAA1 joined zone: zone4
[2026-07-11T10:05:37.699Z] Client hnnE4yvuOdSfEpK4AAA1 left zone: zone4
[2026-07-11T10:05:37.700Z] Client hnnE4yvuOdSfEpK4AAA1 joined zone: zone4
[2026-07-11T10:05:37.700Z] Client hnnE4yvuOdSfEpK4AAA1 joined zone: zone4
[2026-07-11T10:05:41.392Z] Client disconnected: Zd_1oNrU-AWk7qtyAAAz
[2026-07-11T10:05:41.442Z] Client disconnected: hnnE4yvuOdSfEpK4AAA1
[2026-07-11T10:05:42.538Z] Client connected: OznSpMt3EJin4COsAAA4
[2026-07-11T10:05:42.549Z] Client connected: kuAA8whnOzhmKFSvAAA5
[2026-07-11T10:05:42.577Z] Client OznSpMt3EJin4COsAAA4 joined zone: zone4
[2026-07-11T10:05:42.586Z] Client kuAA8whnOzhmKFSvAAA5 joined zone: zone4
[2026-07-11T10:05:42.658Z] Client kuAA8whnOzhmKFSvAAA5 left zone: zone4
[2026-07-11T10:05:42.659Z] Client kuAA8whnOzhmKFSvAAA5 joined zone: zone4
[2026-07-11T10:05:42.659Z] Client kuAA8whnOzhmKFSvAAA5 joined zone: zone4
[2026-07-11T10:05:42.681Z] Client OznSpMt3EJin4COsAAA4 left zone: zone4
[2026-07-11T10:05:42.682Z] Client OznSpMt3EJin4COsAAA4 joined zone: zone4
[2026-07-11T10:05:42.682Z] Client OznSpMt3EJin4COsAAA4 joined zone: zone4
[2026-07-11T10:07:05.466Z] Client kuAA8whnOzhmKFSvAAA5 left zone: zone4
[2026-07-11T10:07:05.805Z] Client kuAA8whnOzhmKFSvAAA5 joined zone: zone5
[2026-07-11T10:07:05.809Z] Client kuAA8whnOzhmKFSvAAA5 left zone: zone5
[2026-07-11T10:07:05.810Z] Client kuAA8whnOzhmKFSvAAA5 joined zone: zone5
[2026-07-11T10:07:18.463Z] Client kuAA8whnOzhmKFSvAAA5 left zone: zone5
[2026-07-11T10:07:20.458Z] Client kuAA8whnOzhmKFSvAAA5 joined zone: zone4
[2026-07-11T10:07:20.480Z] Client kuAA8whnOzhmKFSvAAA5 left zone: zone4
[2026-07-11T10:07:20.480Z] Client kuAA8whnOzhmKFSvAAA5 joined zone: zone4
[2026-07-11T10:07:24.002Z] Client kuAA8whnOzhmKFSvAAA5 left zone: zone4
[2026-07-11T10:07:24.472Z] Client kuAA8whnOzhmKFSvAAA5 joined zone: zone5
[2026-07-11T10:07:24.474Z] Client kuAA8whnOzhmKFSvAAA5 left zone: zone5
[2026-07-11T10:07:24.477Z] Client kuAA8whnOzhmKFSvAAA5 joined zone: zone5
[2026-07-11T10:07:26.568Z] Client kuAA8whnOzhmKFSvAAA5 left zone: zone5
[2026-07-11T10:07:55.026Z] Client connected: AQYDubr3Ax9v0CppAAA7
[2026-07-11T10:07:55.043Z] Client AQYDubr3Ax9v0CppAAA7 joined zone: zone1
[2026-07-11T10:07:55.050Z] Client AQYDubr3Ax9v0CppAAA7 joined zone: zone2
[2026-07-11T10:07:55.051Z] Client AQYDubr3Ax9v0CppAAA7 joined zone: zone1
[2026-07-11T10:07:55.052Z] Client AQYDubr3Ax9v0CppAAA7 joined zone: zone2
[2026-07-11T10:08:00.948Z] Client OznSpMt3EJin4COsAAA4 left zone: zone4
[2026-07-11T10:08:32.269Z] Client AQYDubr3Ax9v0CppAAA7 left zone: zone1
[2026-07-11T10:08:32.279Z] Client AQYDubr3Ax9v0CppAAA7 left zone: zone2
[2026-07-11T10:08:32.281Z] Client AQYDubr3Ax9v0CppAAA7 joined zone: zone3
[2026-07-11T10:08:32.281Z] Client AQYDubr3Ax9v0CppAAA7 left zone: zone3
[2026-07-11T10:08:32.282Z] Client AQYDubr3Ax9v0CppAAA7 joined zone: zone3
[2026-07-11T10:08:32.491Z] Client disconnected: kuAA8whnOzhmKFSvAAA5
[2026-07-11T10:12:20.751Z] Client disconnected: OznSpMt3EJin4COsAAA4
[2026-07-11T10:13:02.579Z] Client connected: U2u6CVITtF2RgaRfAAA9
[2026-07-11T10:13:02.593Z] Client U2u6CVITtF2RgaRfAAA9 joined user room: user_DjcLGTQWWnUaHS0ykNGjsEN6XcU2
[2026-07-11T10:13:02.781Z] Client U2u6CVITtF2RgaRfAAA9 left user room: user_DjcLGTQWWnUaHS0ykNGjsEN6XcU2
[2026-07-11T10:13:02.781Z] Client U2u6CVITtF2RgaRfAAA9 joined user room: user_DjcLGTQWWnUaHS0ykNGjsEN6XcU2
[2026-07-11T10:13:02.782Z] Client U2u6CVITtF2RgaRfAAA9 joined user room: user_DjcLGTQWWnUaHS0ykNGjsEN6XcU2
[2026-07-11T10:15:51.972Z] Client U2u6CVITtF2RgaRfAAA9 left user room: user_DjcLGTQWWnUaHS0ykNGjsEN6XcU2
[2026-07-11T10:16:35.625Z] Client connected: 0K4AxLgai7oBXL03AAA_
[2026-07-11T10:17:02.106Z] Emitted activeAdUpdated for zone: zone3
[2026-07-11T10:17:07.318Z] Client disconnected: U2u6CVITtF2RgaRfAAA9
[2026-07-11T10:17:17.978Z] Client disconnected: AQYDubr3Ax9v0CppAAA7
[2026-07-11T10:17:18.441Z] Client connected: 3wPMYPH1EMnLvcygAABB
[2026-07-11T10:17:18.474Z] Client 3wPMYPH1EMnLvcygAABB joined zone: zone3
[2026-07-11T10:17:18.487Z] Client 3wPMYPH1EMnLvcygAABB left zone: zone3
[2026-07-11T10:17:18.491Z] Client 3wPMYPH1EMnLvcygAABB joined zone: zone3
[2026-07-11T10:17:18.493Z] Client 3wPMYPH1EMnLvcygAABB joined zone: zone3
[2026-07-11T10:18:03.399Z] Client disconnected: 3wPMYPH1EMnLvcygAABB
[2026-07-11T10:18:14.260Z] Client connected: 9s6uVBkZqxTOpSakAABD
[2026-07-11T10:18:14.297Z] Client 9s6uVBkZqxTOpSakAABD joined zone: zone4
[2026-07-11T10:18:14.306Z] Client 9s6uVBkZqxTOpSakAABD left zone: zone4
[2026-07-11T10:18:14.309Z] Client 9s6uVBkZqxTOpSakAABD joined zone: zone4
[2026-07-11T10:18:14.310Z] Client 9s6uVBkZqxTOpSakAABD joined zone: zone4
[2026-07-11T10:18:15.492Z] Client 9s6uVBkZqxTOpSakAABD left zone: zone4
[2026-07-11T10:21:59.143Z] Initializing Socket.io...
[2026-07-11T10:22:00.089Z] Client connected: DEL0dkSFN-LtI1N8AAAC
[2026-07-11T10:22:00.111Z] Client connected: kRKj2J3JAx-blweOAAAD
[2026-07-11T10:22:02.179Z] Initializing Socket.io...
[2026-07-11T10:22:03.080Z] Client connected: fSqv7MNnHdmgqlpvAAAB
[2026-07-11T10:22:05.057Z] Client connected: _NT30Jm96XpRg5GkAAAD
[2026-07-11T10:23:10.324Z] Initializing Socket.io...
[2026-07-11T10:23:11.058Z] Client connected: zB6jTZuW73G7lvUoAAAB
[2026-07-11T10:23:13.056Z] Client connected: P7CsLG9PbePoHrBoAAAD
[2026-07-11T10:23:17.481Z] Initializing Socket.io...
[2026-07-11T10:23:20.095Z] Client connected: W_5veiG7T6URyo0pAAAC
[2026-07-11T10:23:20.184Z] Client connected: IdxF0DDfhE64WSStAAAD
[2026-07-11T10:23:25.152Z] Initializing Socket.io...
[2026-07-11T10:23:26.098Z] Client connected: Ou3JRexv1y9UHDJKAAAB
[2026-07-11T10:23:27.074Z] Client connected: YlsS5wiRbca_I3OMAAAD
[2026-07-11T10:23:33.449Z] Initializing Socket.io...
[2026-07-11T10:23:35.101Z] Client connected: A8Z9UOtZNG0IASQ7AAAC
[2026-07-11T10:23:35.109Z] Client connected: 7Fqm01HIx6twHT2pAAAD
[2026-07-11T10:23:39.461Z] Initializing Socket.io...
[2026-07-11T10:23:41.049Z] Client connected: emsSrP6Rs-M4TfcIAAAB
[2026-07-11T10:23:42.056Z] Client connected: CpNJa-FxB6XGnZBYAAAD
[2026-07-11T10:23:45.279Z] Initializing Socket.io...
[2026-07-11T10:23:47.062Z] Client connected: nfSfq4tvjKanAB3QAAAB
[2026-07-11T10:23:49.054Z] Client connected: CSPrKHs6Cc613IFOAAAD
[2026-07-11T10:23:51.959Z] Initializing Socket.io...
[2026-07-11T10:23:55.172Z] Client connected: _0p0EjjrJ2K25h__AAAB
[2026-07-11T10:23:55.282Z] Client connected: KQ-IdxAu1LCAhJ5OAAAD
[2026-07-11T10:24:07.303Z] Initializing Socket.io...
[2026-07-11T10:24:07.372Z] Client connected: dxC4iN6ChD_mCkJkAAAB
[2026-07-11T10:24:07.421Z] Client connected: zyMzlVueQKs_Z-nkAAAD
[2026-07-11T10:24:14.465Z] Initializing Socket.io...
[2026-07-11T10:24:16.086Z] Client connected: gto8abBSSu8phHtJAAAB
[2026-07-11T10:24:18.064Z] Client connected: c_yKbBd2nGDKa2VJAAAD
[2026-07-11T10:31:38.763Z] Initializing Socket.io...
[2026-07-11T10:31:41.096Z] Client connected: NTEVrDRxEcOZpigtAAAC
[2026-07-11T10:31:41.101Z] Client connected: n7askxch8pdjUR9_AAAD
[2026-07-11T10:31:46.856Z] Initializing Socket.io...
[2026-07-11T10:31:48.098Z] Client connected: INjURib-w1lLe-OiAAAB
[2026-07-11T10:31:50.064Z] Client connected: Bf1IcKoirxuO5m3IAAAD
[2026-07-11T10:31:53.154Z] Client disconnected: INjURib-w1lLe-OiAAAB
[2026-07-11T10:31:53.200Z] Client disconnected: Bf1IcKoirxuO5m3IAAAD
[2026-07-11T10:31:56.374Z] Client connected: WEWa2FNevY2RX3XsAAAF
[2026-07-11T11:12:16.272Z] Initializing Socket.io...
[2026-07-11T11:12:40.406Z] Client connected: 5V45nFTaewaHT8zSAAAB
[2026-07-11T11:12:40.439Z] Client 5V45nFTaewaHT8zSAAAB joined zone: zone1
[2026-07-11T11:12:40.549Z] Client 5V45nFTaewaHT8zSAAAB joined zone: zone2
[2026-07-11T11:12:40.551Z] Client 5V45nFTaewaHT8zSAAAB left zone: zone1
[2026-07-11T11:12:40.552Z] Client 5V45nFTaewaHT8zSAAAB left zone: zone2
[2026-07-11T11:12:40.553Z] Client 5V45nFTaewaHT8zSAAAB joined zone: zone1
[2026-07-11T11:12:40.554Z] Client 5V45nFTaewaHT8zSAAAB joined zone: zone2
[2026-07-11T11:12:40.556Z] Client 5V45nFTaewaHT8zSAAAB joined zone: zone1
[2026-07-11T11:12:40.558Z] Client 5V45nFTaewaHT8zSAAAB joined zone: zone2
[2026-07-11T11:12:58.463Z] Client disconnected: 5V45nFTaewaHT8zSAAAB
[2026-07-11T11:13:05.435Z] Client connected: X4DGSPFb4W7q5WdPAAAD
[2026-07-11T11:13:05.453Z] Client X4DGSPFb4W7q5WdPAAAD joined zone: zone1
[2026-07-11T11:13:05.458Z] Client X4DGSPFb4W7q5WdPAAAD joined zone: zone2
[2026-07-11T11:13:05.458Z] Client X4DGSPFb4W7q5WdPAAAD left zone: zone1
[2026-07-11T11:13:05.459Z] Client X4DGSPFb4W7q5WdPAAAD left zone: zone2
[2026-07-11T11:13:05.459Z] Client X4DGSPFb4W7q5WdPAAAD joined zone: zone1
[2026-07-11T11:13:05.460Z] Client X4DGSPFb4W7q5WdPAAAD joined zone: zone2
[2026-07-11T11:13:05.460Z] Client X4DGSPFb4W7q5WdPAAAD joined zone: zone1
[2026-07-11T11:13:05.461Z] Client X4DGSPFb4W7q5WdPAAAD joined zone: zone2
[2026-07-11T11:13:07.082Z] Client disconnected: X4DGSPFb4W7q5WdPAAAD
[2026-07-11T11:13:11.572Z] Client connected: XOQ45FoOSg9oob6mAAAF
[2026-07-11T11:13:11.581Z] Client XOQ45FoOSg9oob6mAAAF joined zone: zone1
[2026-07-11T11:13:11.598Z] Client XOQ45FoOSg9oob6mAAAF joined zone: zone2
[2026-07-11T11:13:11.598Z] Client XOQ45FoOSg9oob6mAAAF left zone: zone1
[2026-07-11T11:13:11.599Z] Client XOQ45FoOSg9oob6mAAAF left zone: zone2
[2026-07-11T11:13:11.599Z] Client XOQ45FoOSg9oob6mAAAF joined zone: zone1
[2026-07-11T11:13:11.600Z] Client XOQ45FoOSg9oob6mAAAF joined zone: zone2
[2026-07-11T11:13:11.600Z] Client XOQ45FoOSg9oob6mAAAF joined zone: zone1
[2026-07-11T11:13:11.601Z] Client XOQ45FoOSg9oob6mAAAF joined zone: zone2
[2026-07-11T11:13:29.974Z] Client disconnected: XOQ45FoOSg9oob6mAAAF
[2026-07-11T11:13:39.639Z] Client connected: II2Q7pkkKB0kZETkAAAH
[2026-07-11T11:13:39.671Z] Client II2Q7pkkKB0kZETkAAAH joined zone: zone1
[2026-07-11T11:13:39.776Z] Client II2Q7pkkKB0kZETkAAAH joined zone: zone2
[2026-07-11T11:13:39.776Z] Client II2Q7pkkKB0kZETkAAAH joined zone: zone1
[2026-07-11T11:13:39.777Z] Client II2Q7pkkKB0kZETkAAAH joined zone: zone2
[2026-07-11T11:13:44.087Z] Client disconnected: II2Q7pkkKB0kZETkAAAH
[2026-07-11T11:13:47.430Z] Client connected: zvfDPeBeAJU2X_PWAAAJ
[2026-07-11T11:13:47.442Z] Client zvfDPeBeAJU2X_PWAAAJ joined zone: zone1
[2026-07-11T11:13:47.541Z] Client zvfDPeBeAJU2X_PWAAAJ joined zone: zone2
[2026-07-11T11:14:32.431Z] Client disconnected: zvfDPeBeAJU2X_PWAAAJ
[2026-07-11T11:16:00.245Z] Client connected: S3hVgV2DM_Git0a1AAAL
[2026-07-11T11:16:00.269Z] Client S3hVgV2DM_Git0a1AAAL joined zone: zone1
[2026-07-11T11:16:00.315Z] Client S3hVgV2DM_Git0a1AAAL joined zone: zone2
[2026-07-11T11:16:00.316Z] Client S3hVgV2DM_Git0a1AAAL left zone: zone1
[2026-07-11T11:16:00.318Z] Client S3hVgV2DM_Git0a1AAAL left zone: zone2
[2026-07-11T11:16:00.319Z] Client S3hVgV2DM_Git0a1AAAL joined zone: zone1
[2026-07-11T11:16:00.320Z] Client S3hVgV2DM_Git0a1AAAL joined zone: zone2
[2026-07-11T11:16:00.321Z] Client S3hVgV2DM_Git0a1AAAL joined zone: zone1
[2026-07-11T11:16:00.322Z] Client S3hVgV2DM_Git0a1AAAL joined zone: zone2
[2026-07-11T11:17:33.996Z] Client disconnected: S3hVgV2DM_Git0a1AAAL
[2026-07-11T11:17:35.103Z] Client connected: YOgRulB8xZthfB04AAAN
[2026-07-11T11:17:35.164Z] Client YOgRulB8xZthfB04AAAN joined zone: zone1
[2026-07-11T11:17:35.185Z] Client YOgRulB8xZthfB04AAAN joined zone: zone2
[2026-07-11T11:17:35.186Z] Client YOgRulB8xZthfB04AAAN joined zone: zone1
[2026-07-11T11:17:35.188Z] Client YOgRulB8xZthfB04AAAN joined zone: zone2
[2026-07-11T11:17:40.983Z] Client YOgRulB8xZthfB04AAAN left zone: zone1
[2026-07-11T11:17:40.993Z] Client YOgRulB8xZthfB04AAAN left zone: zone2
[2026-07-11T11:17:40.994Z] Client YOgRulB8xZthfB04AAAN joined zone: zone3
[2026-07-11T11:17:40.995Z] Client YOgRulB8xZthfB04AAAN left zone: zone3
[2026-07-11T11:17:40.996Z] Client YOgRulB8xZthfB04AAAN joined zone: zone3
[2026-07-11T11:17:45.275Z] Client YOgRulB8xZthfB04AAAN left zone: zone3
[2026-07-11T11:17:54.437Z] Client YOgRulB8xZthfB04AAAN joined zone: zone1
[2026-07-11T11:17:54.444Z] Client YOgRulB8xZthfB04AAAN joined zone: zone2
[2026-07-11T11:17:54.445Z] Client YOgRulB8xZthfB04AAAN left zone: zone1
[2026-07-11T11:17:54.445Z] Client YOgRulB8xZthfB04AAAN left zone: zone2
[2026-07-11T11:17:54.446Z] Client YOgRulB8xZthfB04AAAN joined zone: zone1
[2026-07-11T11:17:54.447Z] Client YOgRulB8xZthfB04AAAN joined zone: zone2
[2026-07-11T11:17:55.757Z] Client YOgRulB8xZthfB04AAAN left zone: zone1
[2026-07-11T11:17:55.766Z] Client YOgRulB8xZthfB04AAAN left zone: zone2
[2026-07-11T11:17:55.767Z] Client YOgRulB8xZthfB04AAAN joined zone: zone3
[2026-07-11T11:17:55.767Z] Client YOgRulB8xZthfB04AAAN left zone: zone3
[2026-07-11T11:17:55.768Z] Client YOgRulB8xZthfB04AAAN joined zone: zone3
[2026-07-11T11:17:59.517Z] Client YOgRulB8xZthfB04AAAN left zone: zone3
[2026-07-11T11:19:23.660Z] Client YOgRulB8xZthfB04AAAN joined zone: zone4
[2026-07-11T11:19:23.679Z] Client YOgRulB8xZthfB04AAAN left zone: zone4
[2026-07-11T11:19:23.680Z] Client YOgRulB8xZthfB04AAAN joined zone: zone4
[2026-07-11T11:19:34.070Z] Client YOgRulB8xZthfB04AAAN left zone: zone4
[2026-07-11T11:19:35.897Z] Client YOgRulB8xZthfB04AAAN joined zone: zone4
[2026-07-11T11:19:35.914Z] Client YOgRulB8xZthfB04AAAN left zone: zone4
[2026-07-11T11:19:35.915Z] Client YOgRulB8xZthfB04AAAN joined zone: zone4
[2026-07-11T11:19:39.303Z] Client YOgRulB8xZthfB04AAAN left zone: zone4
[2026-07-11T11:23:45.889Z] Client YOgRulB8xZthfB04AAAN joined zone: zone4
[2026-07-11T11:23:45.906Z] Client YOgRulB8xZthfB04AAAN left zone: zone4
[2026-07-11T11:23:45.907Z] Client YOgRulB8xZthfB04AAAN joined zone: zone4
[2026-07-11T11:23:50.975Z] Client YOgRulB8xZthfB04AAAN left zone: zone4
[2026-07-11T11:31:29.265Z] Client connected: lLK_9TLO0V93vnBsAAAP
[2026-07-11T11:31:29.285Z] Client lLK_9TLO0V93vnBsAAAP joined zone: zone1
[2026-07-11T11:31:29.399Z] Client lLK_9TLO0V93vnBsAAAP joined zone: zone2
[2026-07-11T11:31:29.401Z] Client lLK_9TLO0V93vnBsAAAP left zone: zone1
[2026-07-11T11:31:29.403Z] Client lLK_9TLO0V93vnBsAAAP left zone: zone2
[2026-07-11T11:31:29.405Z] Client lLK_9TLO0V93vnBsAAAP joined zone: zone1
[2026-07-11T11:31:29.406Z] Client lLK_9TLO0V93vnBsAAAP joined zone: zone2
[2026-07-11T11:31:29.408Z] Client lLK_9TLO0V93vnBsAAAP joined zone: zone1
[2026-07-11T11:31:29.409Z] Client lLK_9TLO0V93vnBsAAAP joined zone: zone2
[2026-07-11T11:31:31.410Z] Client lLK_9TLO0V93vnBsAAAP left zone: zone1
[2026-07-11T11:31:31.414Z] Client lLK_9TLO0V93vnBsAAAP left zone: zone2
[2026-07-11T11:31:38.601Z] Client lLK_9TLO0V93vnBsAAAP joined zone: zone1
[2026-07-11T11:31:38.608Z] Client lLK_9TLO0V93vnBsAAAP joined zone: zone2
[2026-07-11T11:31:38.609Z] Client lLK_9TLO0V93vnBsAAAP left zone: zone1
[2026-07-11T11:31:38.611Z] Client lLK_9TLO0V93vnBsAAAP left zone: zone2
[2026-07-11T11:31:38.613Z] Client lLK_9TLO0V93vnBsAAAP joined zone: zone1
[2026-07-11T11:31:38.614Z] Client lLK_9TLO0V93vnBsAAAP joined zone: zone2
[2026-07-11T11:31:39.814Z] Client lLK_9TLO0V93vnBsAAAP left zone: zone1
[2026-07-11T11:31:39.817Z] Client lLK_9TLO0V93vnBsAAAP left zone: zone2
[2026-07-11T11:31:44.810Z] Client lLK_9TLO0V93vnBsAAAP joined zone: zone1
[2026-07-11T11:31:44.816Z] Client lLK_9TLO0V93vnBsAAAP joined zone: zone2
[2026-07-11T11:31:44.817Z] Client lLK_9TLO0V93vnBsAAAP left zone: zone1
[2026-07-11T11:31:44.818Z] Client lLK_9TLO0V93vnBsAAAP left zone: zone2
[2026-07-11T11:31:44.819Z] Client lLK_9TLO0V93vnBsAAAP joined zone: zone1
[2026-07-11T11:31:44.820Z] Client lLK_9TLO0V93vnBsAAAP joined zone: zone2
[2026-07-11T11:31:59.330Z] Client lLK_9TLO0V93vnBsAAAP left zone: zone1
[2026-07-11T11:31:59.337Z] Client lLK_9TLO0V93vnBsAAAP left zone: zone2
[2026-07-11T11:31:59.339Z] Client lLK_9TLO0V93vnBsAAAP joined zone: zone3
[2026-07-11T11:31:59.339Z] Client lLK_9TLO0V93vnBsAAAP left zone: zone3
[2026-07-11T11:31:59.340Z] Client lLK_9TLO0V93vnBsAAAP joined zone: zone3
[2026-07-11T11:32:13.635Z] Client YOgRulB8xZthfB04AAAN joined zone: zone4
[2026-07-11T11:32:13.654Z] Client YOgRulB8xZthfB04AAAN left zone: zone4
[2026-07-11T11:32:13.655Z] Client YOgRulB8xZthfB04AAAN joined zone: zone4
[2026-07-11T11:32:20.835Z] Client YOgRulB8xZthfB04AAAN left zone: zone4
[2026-07-11T11:32:21.282Z] Client YOgRulB8xZthfB04AAAN joined zone: zone5
[2026-07-11T11:32:21.285Z] Client YOgRulB8xZthfB04AAAN left zone: zone5
[2026-07-11T11:32:21.289Z] Client YOgRulB8xZthfB04AAAN joined zone: zone5
[2026-07-11T11:32:25.798Z] Client YOgRulB8xZthfB04AAAN left zone: zone5
[2026-07-11T11:32:25.812Z] Client YOgRulB8xZthfB04AAAN joined zone: zone4
[2026-07-11T11:32:25.812Z] Client YOgRulB8xZthfB04AAAN left zone: zone4
[2026-07-11T11:32:25.813Z] Client YOgRulB8xZthfB04AAAN joined zone: zone4
[2026-07-11T11:35:25.390Z] Initializing Socket.io...
[2026-07-11T11:35:25.597Z] Client connected: Z21Wr0_o8HPyIn7TAAAB
[2026-07-11T11:35:25.609Z] Client Z21Wr0_o8HPyIn7TAAAB joined zone: zone3
[2026-07-11T11:35:26.065Z] Client connected: -L5RZrsqVU-ilW9JAAAD
[2026-07-11T11:35:26.085Z] Client -L5RZrsqVU-ilW9JAAAD joined zone: zone4
[2026-07-11T11:35:34.243Z] Initializing Socket.io...
[2026-07-11T11:35:36.082Z] Client connected: 34kVPoD0Gl_ss91GAAAB
[2026-07-11T11:35:36.101Z] Client 34kVPoD0Gl_ss91GAAAB joined zone: zone4
[2026-07-11T11:35:38.069Z] Client connected: QEigAnufOif_4l2_AAAD
[2026-07-11T11:35:38.083Z] Client QEigAnufOif_4l2_AAAD joined zone: zone3
[2026-07-11T11:35:45.309Z] Initializing Socket.io...
[2026-07-11T11:35:47.062Z] Client connected: fyaAl70Ua6O1TZH-AAAB
[2026-07-11T11:35:47.082Z] Client fyaAl70Ua6O1TZH-AAAB joined zone: zone4
[2026-07-11T11:35:48.076Z] Client connected: ZorncBB5iwsvNBYcAAAD
[2026-07-11T11:35:48.090Z] Client ZorncBB5iwsvNBYcAAAD joined zone: zone3
[2026-07-11T11:38:05.249Z] Initializing Socket.io...
[2026-07-11T11:38:05.333Z] Client connected: HC-M6M4dN2P8LqOtAAAB
[2026-07-11T11:38:05.354Z] Client HC-M6M4dN2P8LqOtAAAB joined zone: zone3
[2026-07-11T11:38:05.358Z] Client connected: G_0t1XJzkOSbF_FwAAAD
[2026-07-11T11:38:05.370Z] Client G_0t1XJzkOSbF_FwAAAD joined zone: zone4
[2026-07-11T11:38:21.762Z] Client G_0t1XJzkOSbF_FwAAAD left zone: zone4
[2026-07-11T11:40:34.798Z] Client disconnected: HC-M6M4dN2P8LqOtAAAB
[2026-07-11T11:40:48.733Z] Client connected: Rqy6Fs7pL7VA0ATnAAAF
[2026-07-11T11:41:44.930Z] Client disconnected: Rqy6Fs7pL7VA0ATnAAAF
[2026-07-11T11:41:45.251Z] Client connected: 4VlWXVNu7DWN2YzHAAAH
[2026-07-11T11:44:45.323Z] Client disconnected: 4VlWXVNu7DWN2YzHAAAH
[2026-07-11T11:44:45.619Z] Client connected: U58moYeq2NYuyRUJAAAJ
[2026-07-11T11:47:16.062Z] Client G_0t1XJzkOSbF_FwAAAD joined zone: zone4
[2026-07-11T11:47:16.078Z] Client G_0t1XJzkOSbF_FwAAAD left zone: zone4
[2026-07-11T11:47:16.079Z] Client G_0t1XJzkOSbF_FwAAAD joined zone: zone4
[2026-07-11T11:47:19.990Z] Client G_0t1XJzkOSbF_FwAAAD left zone: zone4
[2026-07-11T11:47:21.743Z] Client G_0t1XJzkOSbF_FwAAAD joined zone: zone4
[2026-07-11T11:47:21.760Z] Client G_0t1XJzkOSbF_FwAAAD left zone: zone4
[2026-07-11T11:47:21.761Z] Client G_0t1XJzkOSbF_FwAAAD joined zone: zone4
[2026-07-11T11:47:37.301Z] Client G_0t1XJzkOSbF_FwAAAD left zone: zone4
[2026-07-11T11:50:00.398Z] Initializing Socket.io...
[2026-07-11T11:50:01.993Z] Client connected: Yry-qdHq87UbckySAAAB
[2026-07-11T11:50:02.084Z] Client connected: dRY6YdKcZKzcgYV5AAAD
[2026-07-11T11:50:05.948Z] Client disconnected: dRY6YdKcZKzcgYV5AAAD
[2026-07-11T11:50:07.858Z] Client connected: OjrRFKfNAT0p83StAAAF
[2026-07-11T11:50:12.015Z] Client disconnected: OjrRFKfNAT0p83StAAAF
[2026-07-11T11:50:12.358Z] Client connected: UEgi3dcgLb53ssDOAAAH
[2026-07-11T11:53:21.693Z] Initializing Socket.io...
[2026-07-11T11:53:23.081Z] Client connected: 94nqRCc1QJgM1mjNAAAB
[2026-07-11T11:53:25.064Z] Client connected: C5yvM9UMeloaecZgAAAD
[2026-07-11T11:53:26.887Z] Initializing Socket.io...
[2026-07-11T11:53:28.093Z] Client connected: 0clUhjshVNI1TMB-AAAB
[2026-07-11T11:53:31.060Z] Client connected: Qx5N180FiQf4aWLaAAAD
[2026-07-11T11:53:49.234Z] Client disconnected: 0clUhjshVNI1TMB-AAAB
[2026-07-11T11:53:50.208Z] Client connected: 5sPQpD_QOeV37HhkAAAF
[2026-07-11T11:53:55.060Z] Client disconnected: 5sPQpD_QOeV37HhkAAAF
[2026-07-11T11:53:55.356Z] Client connected: xC6ZUxEMdOtldSAcAAAH
[2026-07-11T11:53:56.461Z] Client disconnected: xC6ZUxEMdOtldSAcAAAH
[2026-07-11T11:53:56.830Z] Client connected: hw6zlk-HbaxtZkH2AAAJ
[2026-07-11T11:53:57.251Z] Client connected: 3lGf_oIkZiDEy2_PAAAL
[2026-07-11T11:54:27.137Z] Client disconnected: 3lGf_oIkZiDEy2_PAAAL
[2026-07-11T11:54:27.482Z] Client connected: Fg9KdxFQz7NW8CmjAAAN
[2026-07-11T11:54:32.860Z] Client disconnected: Fg9KdxFQz7NW8CmjAAAN
[2026-07-11T11:54:33.186Z] Client connected: XYpgnpbq5EWgIM1xAAAP
[2026-07-11T11:54:41.793Z] Client disconnected: hw6zlk-HbaxtZkH2AAAJ
[2026-07-11T11:56:17.604Z] Client disconnected: Qx5N180FiQf4aWLaAAAD
[2026-07-11T11:56:21.518Z] Client connected: 0tNnKbyD8uWiKIWDAAAR
[2026-07-11T11:56:21.530Z] Client 0tNnKbyD8uWiKIWDAAAR joined zone: zone4
[2026-07-11T11:56:21.653Z] Client 0tNnKbyD8uWiKIWDAAAR left zone: zone4
[2026-07-11T11:56:21.654Z] Client 0tNnKbyD8uWiKIWDAAAR joined zone: zone4
[2026-07-11T11:56:21.656Z] Client 0tNnKbyD8uWiKIWDAAAR joined zone: zone4
[2026-07-11T11:56:23.966Z] Client 0tNnKbyD8uWiKIWDAAAR left zone: zone4
[2026-07-11T11:57:30.560Z] Client 0tNnKbyD8uWiKIWDAAAR joined zone: zone4
[2026-07-11T11:57:30.581Z] Client 0tNnKbyD8uWiKIWDAAAR left zone: zone4
[2026-07-11T11:57:30.581Z] Client 0tNnKbyD8uWiKIWDAAAR joined zone: zone4
[2026-07-11T11:57:31.890Z] Client 0tNnKbyD8uWiKIWDAAAR left zone: zone4
[2026-07-11T11:57:35.555Z] Initializing Socket.io...
[2026-07-11T11:57:37.908Z] Client connected: MTv3NTpFduc2c0kEAAAB
[2026-07-11T11:57:37.938Z] Client connected: fGNw6Dc8w7sqNbdoAAAD
[2026-07-11T11:57:40.567Z] Initializing Socket.io...
[2026-07-11T11:57:42.185Z] Client connected: KHGcXa7cta5sPzwVAAAB
[2026-07-11T11:57:44.056Z] Client connected: s7fI6HE6ZiSiQ44wAAAD
[2026-07-11T11:58:24.163Z] Client disconnected: s7fI6HE6ZiSiQ44wAAAD
[2026-07-11T11:58:27.853Z] Client connected: vj6hHdJurbtQiKmSAAAF
[2026-07-11T11:58:27.867Z] Client vj6hHdJurbtQiKmSAAAF joined zone: zone4
[2026-07-11T11:58:27.982Z] Client vj6hHdJurbtQiKmSAAAF left zone: zone4
[2026-07-11T11:58:27.983Z] Client vj6hHdJurbtQiKmSAAAF joined zone: zone4
[2026-07-11T11:58:27.984Z] Client vj6hHdJurbtQiKmSAAAF joined zone: zone4
[2026-07-11T11:58:30.756Z] Client vj6hHdJurbtQiKmSAAAF left zone: zone4
[2026-07-11T11:58:34.258Z] Client disconnected: vj6hHdJurbtQiKmSAAAF
[2026-07-11T11:59:21.819Z] Client connected: 8B-mTPYLT6rXfVGMAAAH
[2026-07-11T11:59:21.830Z] Client 8B-mTPYLT6rXfVGMAAAH joined zone: zone4
[2026-07-11T11:59:21.830Z] Client 8B-mTPYLT6rXfVGMAAAH left zone: zone4
[2026-07-11T11:59:21.831Z] Client 8B-mTPYLT6rXfVGMAAAH joined zone: zone4
[2026-07-11T11:59:21.832Z] Client 8B-mTPYLT6rXfVGMAAAH joined zone: zone4
[2026-07-11T11:59:23.140Z] Client 8B-mTPYLT6rXfVGMAAAH left zone: zone4
[2026-07-11T11:59:40.232Z] Client disconnected: 8B-mTPYLT6rXfVGMAAAH
[2026-07-11T11:59:56.493Z] Client connected: 3ZEQbkWYHOLGhjBuAAAJ
[2026-07-11T11:59:56.505Z] Client 3ZEQbkWYHOLGhjBuAAAJ joined zone: zone4
[2026-07-11T11:59:56.623Z] Client 3ZEQbkWYHOLGhjBuAAAJ left zone: zone4
[2026-07-11T11:59:56.626Z] Client 3ZEQbkWYHOLGhjBuAAAJ joined zone: zone4
[2026-07-11T11:59:56.627Z] Client 3ZEQbkWYHOLGhjBuAAAJ joined zone: zone4
[2026-07-11T11:59:57.686Z] Client 3ZEQbkWYHOLGhjBuAAAJ left zone: zone4
[2026-07-11T12:01:01.435Z] Initializing Socket.io...
[2026-07-11T12:01:01.590Z] Client connected: l1KrcCFmAFGM2Ky-AAAC
[2026-07-11T12:01:01.599Z] Client connected: ZahqYByvYIUp5UnzAAAD
[2026-07-11T12:01:13.523Z] Client disconnected: l1KrcCFmAFGM2Ky-AAAC
[2026-07-11T12:01:15.560Z] Client disconnected: ZahqYByvYIUp5UnzAAAD
[2026-07-11T12:01:16.094Z] Client connected: mHEzx-BIwVM0wa4QAAAF
[2026-07-11T12:01:16.116Z] Client mHEzx-BIwVM0wa4QAAAF joined zone: zone4
[2026-07-11T12:01:16.222Z] Client mHEzx-BIwVM0wa4QAAAF left zone: zone4
[2026-07-11T12:01:16.222Z] Client mHEzx-BIwVM0wa4QAAAF joined zone: zone4
[2026-07-11T12:01:16.223Z] Client mHEzx-BIwVM0wa4QAAAF joined zone: zone4
[2026-07-11T12:01:16.950Z] Client connected: e2eyz3CleiCsoQVJAAAH
[2026-07-11T12:01:18.340Z] Client mHEzx-BIwVM0wa4QAAAF left zone: zone4
[2026-07-11T12:01:20.534Z] Client disconnected: mHEzx-BIwVM0wa4QAAAF
[2026-07-11T12:25:57.816Z] Client connected: hEGGI7EyPeICoXnJAAAJ
[2026-07-11T12:25:57.831Z] Client hEGGI7EyPeICoXnJAAAJ joined zone: zone4
[2026-07-11T12:25:57.836Z] Client hEGGI7EyPeICoXnJAAAJ left zone: zone4
[2026-07-11T12:25:57.837Z] Client hEGGI7EyPeICoXnJAAAJ joined zone: zone4
[2026-07-11T12:25:57.838Z] Client hEGGI7EyPeICoXnJAAAJ joined zone: zone4
[2026-07-11T12:25:59.239Z] Client hEGGI7EyPeICoXnJAAAJ left zone: zone4
[2026-07-11T12:26:15.973Z] Initializing Socket.io...
[2026-07-11T12:26:28.361Z] Initializing Socket.io...
[2026-07-11T12:26:36.106Z] Client connected: haoDM0HRziFFLEqvAAAB
[2026-07-11T12:26:47.477Z] Client connected: zNiHIWKI4oLSo4-6AAAD
[2026-07-11T12:26:47.490Z] Client zNiHIWKI4oLSo4-6AAAD joined zone: zone1
[2026-07-11T12:26:47.602Z] Client zNiHIWKI4oLSo4-6AAAD joined zone: zone2
[2026-07-11T12:26:47.604Z] Client zNiHIWKI4oLSo4-6AAAD left zone: zone1
[2026-07-11T12:26:47.606Z] Client zNiHIWKI4oLSo4-6AAAD left zone: zone2
[2026-07-11T12:26:47.609Z] Client zNiHIWKI4oLSo4-6AAAD joined zone: zone1
[2026-07-11T12:26:47.611Z] Client zNiHIWKI4oLSo4-6AAAD joined zone: zone2
[2026-07-11T12:26:47.615Z] Client zNiHIWKI4oLSo4-6AAAD joined zone: zone1
[2026-07-11T12:26:47.616Z] Client zNiHIWKI4oLSo4-6AAAD joined zone: zone2
[2026-07-11T12:26:48.835Z] Client zNiHIWKI4oLSo4-6AAAD left zone: zone1
[2026-07-11T12:26:48.840Z] Client zNiHIWKI4oLSo4-6AAAD left zone: zone2
[2026-07-11T12:27:31.391Z] Client disconnected: zNiHIWKI4oLSo4-6AAAD
[2026-07-11T12:37:30.756Z] Client connected: nJgrom4DHBRCust0AAAF
[2026-07-11T12:37:30.764Z] Client nJgrom4DHBRCust0AAAF joined user room: user_SP2ZJEmPpnbiaySFVNfpEYwLYm13
[2026-07-11T12:37:30.873Z] Client nJgrom4DHBRCust0AAAF left user room: user_SP2ZJEmPpnbiaySFVNfpEYwLYm13
[2026-07-11T12:37:30.875Z] Client nJgrom4DHBRCust0AAAF joined user room: user_SP2ZJEmPpnbiaySFVNfpEYwLYm13
[2026-07-11T12:37:30.876Z] Client nJgrom4DHBRCust0AAAF joined user room: user_SP2ZJEmPpnbiaySFVNfpEYwLYm13
[2026-07-11T12:37:34.637Z] Client nJgrom4DHBRCust0AAAF left user room: user_SP2ZJEmPpnbiaySFVNfpEYwLYm13
[2026-07-11T12:37:37.472Z] Client nJgrom4DHBRCust0AAAF joined user room: user_SP2ZJEmPpnbiaySFVNfpEYwLYm13
[2026-07-11T12:37:37.482Z] Client nJgrom4DHBRCust0AAAF left user room: user_SP2ZJEmPpnbiaySFVNfpEYwLYm13
[2026-07-11T12:37:37.483Z] Client nJgrom4DHBRCust0AAAF joined user room: user_SP2ZJEmPpnbiaySFVNfpEYwLYm13
[2026-07-11T12:37:37.975Z] Client nJgrom4DHBRCust0AAAF left user room: user_SP2ZJEmPpnbiaySFVNfpEYwLYm13
[2026-07-11T12:40:49.552Z] Client disconnected: haoDM0HRziFFLEqvAAAB
[2026-07-11T12:42:32.850Z] Client nJgrom4DHBRCust0AAAF joined user room: user_SP2ZJEmPpnbiaySFVNfpEYwLYm13
[2026-07-11T12:42:32.857Z] Client nJgrom4DHBRCust0AAAF left user room: user_SP2ZJEmPpnbiaySFVNfpEYwLYm13
[2026-07-11T12:42:32.859Z] Client nJgrom4DHBRCust0AAAF joined user room: user_SP2ZJEmPpnbiaySFVNfpEYwLYm13
[2026-07-11T12:42:35.599Z] Client nJgrom4DHBRCust0AAAF left user room: user_SP2ZJEmPpnbiaySFVNfpEYwLYm13
[2026-07-11T12:42:40.038Z] Client nJgrom4DHBRCust0AAAF joined user room: user_SP2ZJEmPpnbiaySFVNfpEYwLYm13
[2026-07-11T12:42:40.042Z] Client nJgrom4DHBRCust0AAAF left user room: user_SP2ZJEmPpnbiaySFVNfpEYwLYm13
[2026-07-11T12:42:40.043Z] Client nJgrom4DHBRCust0AAAF joined user room: user_SP2ZJEmPpnbiaySFVNfpEYwLYm13
[2026-07-11T12:42:45.769Z] Client nJgrom4DHBRCust0AAAF left user room: user_SP2ZJEmPpnbiaySFVNfpEYwLYm13
[2026-07-11T12:45:42.148Z] Client nJgrom4DHBRCust0AAAF joined user room: user_SP2ZJEmPpnbiaySFVNfpEYwLYm13
[2026-07-11T12:45:42.151Z] Client nJgrom4DHBRCust0AAAF left user room: user_SP2ZJEmPpnbiaySFVNfpEYwLYm13
[2026-07-11T12:45:42.152Z] Client nJgrom4DHBRCust0AAAF joined user room: user_SP2ZJEmPpnbiaySFVNfpEYwLYm13
[2026-07-11T12:45:44.379Z] Client nJgrom4DHBRCust0AAAF left user room: user_SP2ZJEmPpnbiaySFVNfpEYwLYm13
[2026-07-11T12:47:07.669Z] Initializing Socket.io...
[2026-07-11T12:47:10.088Z] Client connected: ZdqQaaX4WfRgvgxCAAAB
[2026-07-11T12:48:04.169Z] Client disconnected: ZdqQaaX4WfRgvgxCAAAB
[2026-07-11T13:01:05.625Z] Initializing Socket.io...
[2026-07-11T13:01:12.744Z] Initializing Socket.io...
[2026-07-11T13:02:12.086Z] Client connected: RYDtHrEdG1mC5yxvAAAB
[2026-07-11T13:10:44.516Z] Initializing Socket.io...
[2026-07-11T13:10:45.082Z] Client connected: hEI7zFqtV-gOe17HAAAB
[2026-07-11T13:10:58.091Z] Client disconnected: hEI7zFqtV-gOe17HAAAB
[2026-07-11T13:10:58.409Z] Client connected: YF_gBgXiENU3GAqhAAAD
[2026-07-11T13:12:03.962Z] Client disconnected: YF_gBgXiENU3GAqhAAAD
[2026-07-11T13:12:04.348Z] Client connected: 5MKs2BETyfxJ6a2bAAAF
[2026-07-11T13:14:27.321Z] Client disconnected: 5MKs2BETyfxJ6a2bAAAF
[2026-07-11T13:14:27.585Z] Client connected: 8XpD6xVPmiqmfeT3AAAH
[2026-07-11T13:14:27.619Z] Client 8XpD6xVPmiqmfeT3AAAH joined zone: zone1
[2026-07-11T13:14:27.728Z] Client 8XpD6xVPmiqmfeT3AAAH joined zone: zone2
[2026-07-11T13:14:27.728Z] Client 8XpD6xVPmiqmfeT3AAAH joined zone: zone1
[2026-07-11T13:14:27.729Z] Client 8XpD6xVPmiqmfeT3AAAH joined zone: zone2
[2026-07-11T13:14:29.489Z] Client 8XpD6xVPmiqmfeT3AAAH left zone: zone1
[2026-07-11T13:14:29.499Z] Client 8XpD6xVPmiqmfeT3AAAH left zone: zone2
[2026-07-11T13:16:43.016Z] Initializing Socket.io...
[2026-07-11T13:16:45.093Z] Client connected: G7r8dB7BuB_JV7sYAAAB
[2026-07-11T13:16:49.596Z] Initializing Socket.io...
[2026-07-11T13:16:51.100Z] Client connected: zNAJjmFC6re3zH8WAAAB
[2026-07-11T13:17:03.961Z] Client disconnected: zNAJjmFC6re3zH8WAAAB
[2026-07-11T13:19:26.850Z] Initializing Socket.io...
[2026-07-11T13:20:25.911Z] Client connected: QlOxKvUD6iMLGDz_AAAB
[2026-07-11T13:20:25.951Z] Client QlOxKvUD6iMLGDz_AAAB joined zone: zone1
[2026-07-11T13:20:26.081Z] Client QlOxKvUD6iMLGDz_AAAB joined zone: zone2
[2026-07-11T13:20:26.082Z] Client QlOxKvUD6iMLGDz_AAAB left zone: zone1
[2026-07-11T13:20:26.083Z] Client QlOxKvUD6iMLGDz_AAAB left zone: zone2
[2026-07-11T13:20:26.083Z] Client QlOxKvUD6iMLGDz_AAAB joined zone: zone1
[2026-07-11T13:20:26.083Z] Client QlOxKvUD6iMLGDz_AAAB joined zone: zone2
[2026-07-11T13:20:26.084Z] Client QlOxKvUD6iMLGDz_AAAB joined zone: zone1
[2026-07-11T13:20:26.084Z] Client QlOxKvUD6iMLGDz_AAAB joined zone: zone2
[2026-07-11T13:20:31.247Z] Client disconnected: QlOxKvUD6iMLGDz_AAAB
[2026-07-11T13:20:44.091Z] Client connected: CaqZUTCneFfByh4DAAAD
[2026-07-11T13:21:54.914Z] Initializing Socket.io...
[2026-07-11T13:21:58.070Z] Client connected: DFzDzwzQX3oie0IIAAAB
[2026-07-11T13:30:20.491Z] Initializing Socket.io...
[2026-07-11T13:30:20.594Z] Client connected: _0uvoaXjsI5UYVSrAAAB
[2026-07-11T13:30:27.656Z] Client disconnected: _0uvoaXjsI5UYVSrAAAB
[2026-07-11T13:30:28.023Z] Client connected: QLaRXf0aZPnXiELDAAAD
[2026-07-11T13:31:44.730Z] Initializing Socket.io...
[2026-07-11T13:31:48.099Z] Client connected: Rm13-0yJfaxbXDxJAAAB
[2026-07-11T13:31:52.610Z] Initializing Socket.io...
[2026-07-11T13:31:54.098Z] Client connected: pZyJTB3o41AwZR3YAAAB
[2026-07-11T13:33:01.615Z] Initializing Socket.io...
[2026-07-11T13:33:03.088Z] Client connected: 41F8rlHKMON_h3U_AAAB
[2026-07-11T13:37:11.920Z] Initializing Socket.io...
[2026-07-11T13:37:14.094Z] Client connected: WmMaW9dZPFGalTjmAAAB
[2026-07-11T13:41:03.274Z] Initializing Socket.io...
[2026-07-11T13:41:13.127Z] Client connected: 2inaCEQKTr5uQApuAAAB
[2026-07-11T13:41:13.748Z] Client disconnected: 2inaCEQKTr5uQApuAAAB
[2026-07-11T13:41:15.195Z] Client connected: kdTbKoUHnNmKnLs9AAAD
[2026-07-11T13:42:30.649Z] Client disconnected: kdTbKoUHnNmKnLs9AAAD
[2026-07-11T13:42:30.887Z] Client connected: _UMN-N6GM-WbhOtQAAAF
[2026-07-11T13:42:30.915Z] Client _UMN-N6GM-WbhOtQAAAF joined zone: zone1
[2026-07-11T13:42:31.019Z] Client _UMN-N6GM-WbhOtQAAAF joined zone: zone2
[2026-07-11T13:42:31.020Z] Client _UMN-N6GM-WbhOtQAAAF joined zone: zone1
[2026-07-11T13:42:31.021Z] Client _UMN-N6GM-WbhOtQAAAF joined zone: zone2
[2026-07-11T13:42:32.378Z] Client _UMN-N6GM-WbhOtQAAAF left zone: zone1
[2026-07-11T13:42:32.388Z] Client _UMN-N6GM-WbhOtQAAAF left zone: zone2
[2026-07-11T13:42:32.389Z] Client _UMN-N6GM-WbhOtQAAAF joined zone: zone3
[2026-07-11T13:42:32.390Z] Client _UMN-N6GM-WbhOtQAAAF left zone: zone3
[2026-07-11T13:42:32.391Z] Client _UMN-N6GM-WbhOtQAAAF joined zone: zone3
[2026-07-11T13:42:41.525Z] Client _UMN-N6GM-WbhOtQAAAF left zone: zone3
[2026-07-11T13:43:06.197Z] Client _UMN-N6GM-WbhOtQAAAF joined zone: zone4
[2026-07-11T13:43:06.213Z] Client _UMN-N6GM-WbhOtQAAAF left zone: zone4
[2026-07-11T13:43:06.213Z] Client _UMN-N6GM-WbhOtQAAAF joined zone: zone4
[2026-07-11T13:43:08.997Z] Client _UMN-N6GM-WbhOtQAAAF left zone: zone4
[2026-07-11T13:43:11.268Z] Client _UMN-N6GM-WbhOtQAAAF joined zone: zone4
[2026-07-11T13:43:11.282Z] Client _UMN-N6GM-WbhOtQAAAF left zone: zone4
[2026-07-11T13:43:11.283Z] Client _UMN-N6GM-WbhOtQAAAF joined zone: zone4
[2026-07-11T13:44:06.659Z] Client connected: ZwDw3o9dKnMgw1UVAAAH
[2026-07-11T13:44:06.695Z] Client ZwDw3o9dKnMgw1UVAAAH joined zone: zone1
[2026-07-11T13:44:06.809Z] Client ZwDw3o9dKnMgw1UVAAAH joined zone: zone2
[2026-07-11T13:44:06.810Z] Client ZwDw3o9dKnMgw1UVAAAH left zone: zone1
[2026-07-11T13:44:06.811Z] Client ZwDw3o9dKnMgw1UVAAAH left zone: zone2
[2026-07-11T13:44:06.813Z] Client ZwDw3o9dKnMgw1UVAAAH joined zone: zone1
[2026-07-11T13:44:06.813Z] Client ZwDw3o9dKnMgw1UVAAAH joined zone: zone2
[2026-07-11T13:44:06.814Z] Client ZwDw3o9dKnMgw1UVAAAH joined zone: zone1
[2026-07-11T13:44:06.815Z] Client ZwDw3o9dKnMgw1UVAAAH joined zone: zone2
[2026-07-11T13:44:25.034Z] Client connected: HeFzHeEgDr0a5W06AAAJ
[2026-07-11T13:44:26.522Z] Client connected: _CDO0Rmlw_lYAW3uAAAL
[2026-07-11T13:44:51.638Z] Client disconnected: ZwDw3o9dKnMgw1UVAAAH
[2026-07-11T13:44:56.122Z] Client _UMN-N6GM-WbhOtQAAAF left zone: zone4
[2026-07-11T13:47:32.882Z] Initializing Socket.io...
[2026-07-11T13:47:36.353Z] Client connected: 0caH1yKrOaTm1QL7AAAB
[2026-07-11T13:47:37.072Z] Client connected: 0n_qckhAKKj4B40mAAAD
[2026-07-11T13:47:38.073Z] Client connected: O4PgPxBYMzjCiSttAAAF
[2026-07-11T13:48:12.896Z] Client disconnected: O4PgPxBYMzjCiSttAAAF
[2026-07-11T13:48:12.900Z] Client disconnected: 0caH1yKrOaTm1QL7AAAB
[2026-07-11T13:48:13.062Z] Client disconnected: 0n_qckhAKKj4B40mAAAD
[2026-07-11T13:48:25.912Z] Client connected: 306_CNV_k79fhwKPAAAH
[2026-07-11T13:48:25.946Z] Client 306_CNV_k79fhwKPAAAH joined zone: zone1
[2026-07-11T13:48:26.082Z] Client 306_CNV_k79fhwKPAAAH joined zone: zone2
[2026-07-11T13:48:26.084Z] Client 306_CNV_k79fhwKPAAAH left zone: zone1
[2026-07-11T13:48:26.085Z] Client 306_CNV_k79fhwKPAAAH left zone: zone2
[2026-07-11T13:48:26.086Z] Client 306_CNV_k79fhwKPAAAH joined zone: zone1
[2026-07-11T13:48:26.087Z] Client 306_CNV_k79fhwKPAAAH joined zone: zone2
[2026-07-11T13:48:26.088Z] Client 306_CNV_k79fhwKPAAAH joined zone: zone1
[2026-07-11T13:48:26.089Z] Client 306_CNV_k79fhwKPAAAH joined zone: zone2
[2026-07-11T13:48:27.937Z] Client disconnected: 306_CNV_k79fhwKPAAAH
[2026-07-11T13:48:52.065Z] Client connected: TRuKMrQ3x3u3SFdQAAAJ
[2026-07-11T13:48:52.874Z] Client connected: RmEjBYHZeFN6p8XOAAAL
[2026-07-11T13:48:52.975Z] Client RmEjBYHZeFN6p8XOAAAL joined zone: zone1
[2026-07-11T13:48:53.146Z] Client RmEjBYHZeFN6p8XOAAAL joined zone: zone2
[2026-07-11T13:48:53.148Z] Client RmEjBYHZeFN6p8XOAAAL joined zone: zone1
[2026-07-11T13:48:53.150Z] Client RmEjBYHZeFN6p8XOAAAL joined zone: zone2
[2026-07-11T13:48:54.573Z] Client RmEjBYHZeFN6p8XOAAAL left zone: zone1
[2026-07-11T13:48:54.575Z] Client RmEjBYHZeFN6p8XOAAAL left zone: zone2
[2026-07-11T13:48:54.576Z] Client RmEjBYHZeFN6p8XOAAAL joined zone: zone3
[2026-07-11T13:48:54.580Z] Client RmEjBYHZeFN6p8XOAAAL left zone: zone3
[2026-07-11T13:48:54.582Z] Client RmEjBYHZeFN6p8XOAAAL joined zone: zone3
[2026-07-11T13:48:54.988Z] Client connected: 5nUaGSBem1k6_rTmAAAN
[2026-07-11T13:48:56.597Z] Client RmEjBYHZeFN6p8XOAAAL left zone: zone3
[2026-07-11T13:49:00.290Z] Client RmEjBYHZeFN6p8XOAAAL joined zone: zone1
[2026-07-11T13:49:00.299Z] Client RmEjBYHZeFN6p8XOAAAL joined zone: zone2
[2026-07-11T13:49:00.299Z] Client RmEjBYHZeFN6p8XOAAAL left zone: zone1
[2026-07-11T13:49:00.300Z] Client RmEjBYHZeFN6p8XOAAAL left zone: zone2
[2026-07-11T13:49:00.300Z] Client RmEjBYHZeFN6p8XOAAAL joined zone: zone1
[2026-07-11T13:49:00.301Z] Client RmEjBYHZeFN6p8XOAAAL joined zone: zone2
[2026-07-11T13:49:02.269Z] Client disconnected: RmEjBYHZeFN6p8XOAAAL
[2026-07-11T13:49:02.524Z] Client connected: GkdlO3QzQTbU9rwAAAAP
[2026-07-11T13:49:02.549Z] Client GkdlO3QzQTbU9rwAAAAP joined zone: zone1
[2026-07-11T13:49:02.652Z] Client GkdlO3QzQTbU9rwAAAAP joined zone: zone2
[2026-07-11T13:49:02.653Z] Client GkdlO3QzQTbU9rwAAAAP joined zone: zone1
[2026-07-11T13:49:02.653Z] Client GkdlO3QzQTbU9rwAAAAP joined zone: zone2
[2026-07-11T13:49:05.280Z] Client GkdlO3QzQTbU9rwAAAAP left zone: zone1
[2026-07-11T13:49:05.292Z] Client GkdlO3QzQTbU9rwAAAAP left zone: zone2
[2026-07-11T13:49:05.293Z] Client GkdlO3QzQTbU9rwAAAAP joined zone: zone3
[2026-07-11T13:49:05.294Z] Client GkdlO3QzQTbU9rwAAAAP left zone: zone3
[2026-07-11T13:49:05.294Z] Client GkdlO3QzQTbU9rwAAAAP joined zone: zone3
[2026-07-11T13:49:06.635Z] Client GkdlO3QzQTbU9rwAAAAP left zone: zone3
[2026-07-11T13:51:58.448Z] Client disconnected: GkdlO3QzQTbU9rwAAAAP
[2026-07-11T13:52:35.589Z] Initializing Socket.io...
[2026-07-11T13:52:37.090Z] Client connected: xFaK4Rezl9aXHnvsAAAC
[2026-07-11T13:52:37.101Z] Client connected: U_8-lCVOQ5afEwu1AAAD
[2026-07-11T13:54:25.349Z] Client connected: t8wD1tb9zq1vZPw6AAAF
[2026-07-11T13:54:25.360Z] Client t8wD1tb9zq1vZPw6AAAF joined zone: zone4
[2026-07-11T13:54:25.471Z] Client t8wD1tb9zq1vZPw6AAAF left zone: zone4
[2026-07-11T13:54:25.472Z] Client t8wD1tb9zq1vZPw6AAAF joined zone: zone4
[2026-07-11T13:54:25.473Z] Client t8wD1tb9zq1vZPw6AAAF joined zone: zone4
[2026-07-11T13:54:26.788Z] Client t8wD1tb9zq1vZPw6AAAF left zone: zone4
[2026-07-11T13:54:30.965Z] Client disconnected: t8wD1tb9zq1vZPw6AAAF
[2026-07-11T13:55:12.170Z] Client connected: 8Ug4tTiDc9yvtklwAAAH
[2026-07-11T13:55:12.181Z] Client 8Ug4tTiDc9yvtklwAAAH joined zone: zone4
[2026-07-11T13:55:12.182Z] Client 8Ug4tTiDc9yvtklwAAAH left zone: zone4
[2026-07-11T13:55:12.183Z] Client 8Ug4tTiDc9yvtklwAAAH joined zone: zone4
[2026-07-11T13:55:12.183Z] Client 8Ug4tTiDc9yvtklwAAAH joined zone: zone4
[2026-07-11T13:55:13.794Z] Client 8Ug4tTiDc9yvtklwAAAH left zone: zone4
[2026-07-11T13:55:26.670Z] Client disconnected: 8Ug4tTiDc9yvtklwAAAH
[2026-07-11T13:59:17.663Z] Initializing Socket.io...
[2026-07-11T13:59:18.090Z] Client connected: trCSC6w4Ay0uQ8zeAAAB
[2026-07-11T13:59:20.052Z] Client connected: HnDd5uoFOZ0QEZcyAAAD
[2026-07-11T14:02:01.744Z] Client disconnected: HnDd5uoFOZ0QEZcyAAAD
[2026-07-11T14:02:02.016Z] Client disconnected: trCSC6w4Ay0uQ8zeAAAB
[2026-07-11T14:02:46.171Z] Client connected: DOsEGfdeTN1BHJ3RAAAG
[2026-07-11T14:02:46.261Z] Client connected: ez-ZphAWIWIErGSaAAAH
[2026-07-11T14:03:44.903Z] Client disconnected: ez-ZphAWIWIErGSaAAAH
[2026-07-11T14:03:45.803Z] Client connected: harYC-PVTvMvu0gQAAAJ
[2026-07-11T14:04:36.630Z] Client disconnected: harYC-PVTvMvu0gQAAAJ
[2026-07-11T14:04:37.019Z] Client connected: oJOTLwNPRZgUdL7CAAAL
[2026-07-11T14:04:54.181Z] Client connected: 7o-0iCxp-LBws7nBAAAN
[2026-07-11T14:04:54.204Z] Client 7o-0iCxp-LBws7nBAAAN joined zone: zone4
[2026-07-11T14:04:54.317Z] Client 7o-0iCxp-LBws7nBAAAN left zone: zone4
[2026-07-11T14:04:54.319Z] Client 7o-0iCxp-LBws7nBAAAN joined zone: zone4
[2026-07-11T14:04:54.320Z] Client 7o-0iCxp-LBws7nBAAAN joined zone: zone4
[2026-07-11T14:06:19.756Z] Initializing Socket.io...
[2026-07-11T14:06:21.056Z] Client connected: tsS8_78QWrcOaO6BAAAB
[2026-07-11T14:06:21.066Z] Client tsS8_78QWrcOaO6BAAAB joined zone: zone4
[2026-07-11T14:06:23.070Z] Client connected: k0GzdxS6Wdw4_WneAAAE
[2026-07-11T14:06:23.076Z] Client connected: hHuAk3nfBIgXOc3PAAAF
[2026-07-11T14:06:43.755Z] Initializing Socket.io...
[2026-07-11T14:06:46.391Z] Client connected: f62uGzDuakgxAyDKAAAC
[2026-07-11T14:06:46.394Z] Client connected: LtSz2T3JHQncsWRoAAAD
[2026-07-11T14:06:46.404Z] Client f62uGzDuakgxAyDKAAAC joined zone: zone4
[2026-07-11T14:06:47.051Z] Client connected: 22J8BzQvHpHH4ZZyAAAF
[2026-07-11T14:06:57.969Z] Initializing Socket.io...
[2026-07-11T14:07:00.085Z] Client connected: PfrADLTDOxZDArzJAAAC
[2026-07-11T14:07:00.094Z] Client connected: LSts_82iyBlvSPMdAAAD
[2026-07-11T14:07:01.062Z] Client connected: vAAtqiCGoJqSJ_l0AAAF
[2026-07-11T14:07:01.075Z] Client vAAtqiCGoJqSJ_l0AAAF joined zone: zone4
[2026-07-11T14:08:35.122Z] Client disconnected: LSts_82iyBlvSPMdAAAD
[2026-07-11T14:15:19.651Z] Initializing Socket.io...
[2026-07-11T14:15:21.087Z] Client connected: nZ8dD5Mu5SA7kGWHAAAC
[2026-07-11T14:15:21.094Z] Client connected: aQ4fONOH4o1jWN87AAAD
[2026-07-11T14:15:21.108Z] Client nZ8dD5Mu5SA7kGWHAAAC joined zone: zone4
[2026-07-11T14:15:27.423Z] Initializing Socket.io...
[2026-07-11T14:15:30.080Z] Client connected: mzGMhOAvBfkdbIs3AAAC
[2026-07-11T14:15:30.090Z] Client connected: BwXgaUho6Mi6Nw9MAAAD
[2026-07-11T14:15:30.100Z] Client mzGMhOAvBfkdbIs3AAAC joined zone: zone4
[2026-07-11T14:23:24.321Z] Client disconnected: BwXgaUho6Mi6Nw9MAAAD
[2026-07-11T14:23:24.495Z] Client disconnected: mzGMhOAvBfkdbIs3AAAC
[2026-07-11T14:23:28.123Z] Client connected: XLLgdWajfki4TBA_AAAF
[2026-07-11T14:23:28.296Z] Client XLLgdWajfki4TBA_AAAF joined zone: zone4
[2026-07-11T14:23:28.484Z] Client XLLgdWajfki4TBA_AAAF left zone: zone4
[2026-07-11T14:23:28.485Z] Client XLLgdWajfki4TBA_AAAF joined zone: zone4
[2026-07-11T14:23:28.486Z] Client XLLgdWajfki4TBA_AAAF joined zone: zone4
[2026-07-11T14:23:54.008Z] Client XLLgdWajfki4TBA_AAAF left zone: zone4
[2026-07-11T14:23:59.716Z] Client XLLgdWajfki4TBA_AAAF joined zone: zone4
[2026-07-11T14:23:59.730Z] Client XLLgdWajfki4TBA_AAAF left zone: zone4
[2026-07-11T14:23:59.732Z] Client XLLgdWajfki4TBA_AAAF joined zone: zone4
[2026-07-11T14:24:03.426Z] Client XLLgdWajfki4TBA_AAAF left zone: zone4
[2026-07-11T14:24:03.666Z] Client XLLgdWajfki4TBA_AAAF joined zone: zone5
[2026-07-11T14:24:03.667Z] Client XLLgdWajfki4TBA_AAAF left zone: zone5
[2026-07-11T14:24:03.668Z] Client XLLgdWajfki4TBA_AAAF joined zone: zone5
[2026-07-11T14:24:13.313Z] Client disconnected: XLLgdWajfki4TBA_AAAF
[2026-07-11T14:24:49.249Z] Client connected: FQdc5pX40Kk_FyndAAAH
[2026-07-11T14:24:50.471Z] Client connected: 9aPdQrzm7-47Dy9WAAAJ
[2026-07-11T14:25:23.298Z] Client disconnected: 9aPdQrzm7-47Dy9WAAAJ
[2026-07-11T14:27:26.329Z] Client connected: nhAl6TPwspejfJDuAAAL
[2026-07-11T14:27:26.362Z] Client nhAl6TPwspejfJDuAAAL joined zone: zone1
[2026-07-11T14:27:26.476Z] Client nhAl6TPwspejfJDuAAAL joined zone: zone2
[2026-07-11T14:27:26.478Z] Client nhAl6TPwspejfJDuAAAL joined zone: zone1
[2026-07-11T14:27:26.479Z] Client nhAl6TPwspejfJDuAAAL joined zone: zone2
[2026-07-11T14:27:29.615Z] Client nhAl6TPwspejfJDuAAAL left zone: zone1
[2026-07-11T14:27:29.628Z] Client nhAl6TPwspejfJDuAAAL left zone: zone2
[2026-07-11T14:27:29.629Z] Client nhAl6TPwspejfJDuAAAL joined zone: zone3
[2026-07-11T14:27:29.630Z] Client nhAl6TPwspejfJDuAAAL left zone: zone3
[2026-07-11T14:27:29.631Z] Client nhAl6TPwspejfJDuAAAL joined zone: zone3
[2026-07-11T14:27:31.968Z] Client nhAl6TPwspejfJDuAAAL left zone: zone3
[2026-07-11T14:27:44.689Z] Client disconnected: nhAl6TPwspejfJDuAAAL
[2026-07-11T14:36:40.881Z] Client connected: fUxyvR_yZBbxFLjcAAAN
[2026-07-11T14:36:40.910Z] Client fUxyvR_yZBbxFLjcAAAN joined zone: zone1
[2026-07-11T14:36:40.914Z] Client fUxyvR_yZBbxFLjcAAAN joined zone: zone2
[2026-07-11T14:36:40.915Z] Client fUxyvR_yZBbxFLjcAAAN joined zone: zone1
[2026-07-11T14:36:40.916Z] Client fUxyvR_yZBbxFLjcAAAN joined zone: zone2
[2026-07-11T14:36:42.528Z] Client fUxyvR_yZBbxFLjcAAAN left zone: zone1
[2026-07-11T14:36:42.533Z] Client fUxyvR_yZBbxFLjcAAAN left zone: zone2
[2026-07-11T14:37:14.490Z] Client disconnected: FQdc5pX40Kk_FyndAAAH
[2026-07-12T04:41:53.396Z] Initializing Socket.io...
[2026-07-12T04:42:22.033Z] Client connected: n1xsdS6KYGo6-q46AAAB
[2026-07-12T04:42:22.059Z] Client n1xsdS6KYGo6-q46AAAB joined zone: zone1
[2026-07-12T04:42:22.196Z] Client n1xsdS6KYGo6-q46AAAB joined zone: zone2
[2026-07-12T04:42:22.205Z] Client n1xsdS6KYGo6-q46AAAB joined zone: zone1
[2026-07-12T04:42:22.206Z] Client n1xsdS6KYGo6-q46AAAB joined zone: zone2
[2026-07-12T04:42:48.868Z] Client connected: 6ta7mI6cLGOHSsFWAAAD
[2026-07-12T04:43:07.024Z] Client disconnected: n1xsdS6KYGo6-q46AAAB
[2026-07-12T04:46:12.631Z] Client 6ta7mI6cLGOHSsFWAAAD joined zone: zone1
[2026-07-12T04:46:12.643Z] Client 6ta7mI6cLGOHSsFWAAAD joined zone: zone2
[2026-07-12T04:46:12.643Z] Client 6ta7mI6cLGOHSsFWAAAD left zone: zone1
[2026-07-12T04:46:12.644Z] Client 6ta7mI6cLGOHSsFWAAAD left zone: zone2
[2026-07-12T04:46:12.645Z] Client 6ta7mI6cLGOHSsFWAAAD joined zone: zone1
[2026-07-12T04:46:12.646Z] Client 6ta7mI6cLGOHSsFWAAAD joined zone: zone2
[2026-07-12T04:46:20.610Z] Client 6ta7mI6cLGOHSsFWAAAD left zone: zone1
[2026-07-12T04:46:20.649Z] Client 6ta7mI6cLGOHSsFWAAAD left zone: zone2
[2026-07-12T04:57:23.971Z] Client connected: Ff9H77_Uobe9QzYtAAAF
[2026-07-12T04:57:24.003Z] Client Ff9H77_Uobe9QzYtAAAF joined zone: zone1
[2026-07-12T04:57:24.023Z] Client Ff9H77_Uobe9QzYtAAAF joined zone: zone2
[2026-07-12T04:57:24.025Z] Client Ff9H77_Uobe9QzYtAAAF joined zone: zone1
[2026-07-12T04:57:24.026Z] Client Ff9H77_Uobe9QzYtAAAF joined zone: zone2
[2026-07-12T04:57:26.166Z] Client Ff9H77_Uobe9QzYtAAAF left zone: zone1
[2026-07-12T04:57:26.177Z] Client Ff9H77_Uobe9QzYtAAAF left zone: zone2
[2026-07-12T04:57:26.179Z] Client Ff9H77_Uobe9QzYtAAAF joined zone: zone3
[2026-07-12T04:57:26.181Z] Client Ff9H77_Uobe9QzYtAAAF left zone: zone3
[2026-07-12T04:57:26.182Z] Client Ff9H77_Uobe9QzYtAAAF joined zone: zone3
[2026-07-12T04:57:28.380Z] Client Ff9H77_Uobe9QzYtAAAF left zone: zone3
[2026-07-12T04:57:44.630Z] Client disconnected: 6ta7mI6cLGOHSsFWAAAD
[2026-07-12T04:58:53.319Z] Client Ff9H77_Uobe9QzYtAAAF joined zone: zone4
[2026-07-12T04:58:53.339Z] Client Ff9H77_Uobe9QzYtAAAF left zone: zone4
[2026-07-12T04:58:53.340Z] Client Ff9H77_Uobe9QzYtAAAF joined zone: zone4
[2026-07-12T04:59:00.176Z] Client Ff9H77_Uobe9QzYtAAAF left zone: zone4
[2026-07-12T04:59:58.490Z] Client connected: bbg3EdRF1LRady4OAAAH
[2026-07-12T04:59:58.509Z] Client bbg3EdRF1LRady4OAAAH joined zone: zone1
[2026-07-12T04:59:58.532Z] Client bbg3EdRF1LRady4OAAAH joined zone: zone2
[2026-07-12T04:59:58.533Z] Client bbg3EdRF1LRady4OAAAH joined zone: zone1
[2026-07-12T04:59:58.534Z] Client bbg3EdRF1LRady4OAAAH joined zone: zone2
[2026-07-12T05:00:03.424Z] Client bbg3EdRF1LRady4OAAAH left zone: zone1
[2026-07-12T05:00:03.429Z] Client bbg3EdRF1LRady4OAAAH left zone: zone2
[2026-07-12T05:16:11.558Z] Initializing Socket.io...
[2026-07-12T05:16:12.582Z] Client connected: 8yPNRhnhHm10ptxgAAAB
[2026-07-12T05:16:13.561Z] Client connected: t7Kc2CKtp1A1w9mWAAAD
[2026-07-12T05:16:24.660Z] Initializing Socket.io...
[2026-07-12T05:16:25.568Z] Client connected: gl-YlyqZMTPB9mOyAAAB
[2026-07-12T05:16:27.540Z] Client connected: _s3hYVLUtinmNuXKAAAD
[2026-07-12T05:16:51.056Z] Initializing Socket.io...
[2026-07-12T05:16:54.559Z] Client connected: chiEZEO0JDNzMDx0AAAC
[2026-07-12T05:16:54.572Z] Client connected: yeunGGDgOANUFzPqAAAD
[2026-07-12T05:31:28.568Z] Client disconnected: yeunGGDgOANUFzPqAAAD
[2026-07-12T05:31:28.570Z] Client disconnected: chiEZEO0JDNzMDx0AAAC
[2026-07-12T05:51:19.542Z] Client connected: yfx6F2t03eo_97wsAAAF
[2026-07-12T05:51:20.535Z] Client connected: X3iqws_y1djOqHVBAAAH
[2026-07-12T05:51:20.993Z] Client disconnected: X3iqws_y1djOqHVBAAAH
[2026-07-12T05:51:20.996Z] Client disconnected: yfx6F2t03eo_97wsAAAF
[2026-07-12T06:32:42.538Z] Client connected: Q1f0ziwOxiTVb0llAAAJ
[2026-07-12T06:32:43.536Z] Client connected: Ri13nhWuffV27WQOAAAL
[2026-07-12T06:32:44.309Z] Client disconnected: Q1f0ziwOxiTVb0llAAAJ
[2026-07-12T06:33:28.581Z] Client disconnected: Ri13nhWuffV27WQOAAAL
[2026-07-15T09:38:23.296Z] Initializing Socket.io...
[2026-07-15T09:38:26.318Z] Client connected: uEXeIbLo3S0E3Fr7AAAB
[2026-07-15T09:38:26.352Z] Client uEXeIbLo3S0E3Fr7AAAB joined zone: zone1
[2026-07-15T09:38:26.457Z] Client uEXeIbLo3S0E3Fr7AAAB joined zone: zone2
[2026-07-15T09:38:26.459Z] Client uEXeIbLo3S0E3Fr7AAAB joined zone: zone1
[2026-07-15T09:38:26.460Z] Client uEXeIbLo3S0E3Fr7AAAB joined zone: zone2
[2026-07-15T09:38:29.544Z] Client disconnected: uEXeIbLo3S0E3Fr7AAAB
[2026-07-15T09:38:29.838Z] Client connected: 89npe-ePULqH_iYXAAAD
[2026-07-15T09:38:29.858Z] Client 89npe-ePULqH_iYXAAAD joined zone: zone1
[2026-07-15T09:38:29.863Z] Client 89npe-ePULqH_iYXAAAD joined zone: zone2
[2026-07-15T09:38:29.864Z] Client 89npe-ePULqH_iYXAAAD joined zone: zone1
[2026-07-15T09:38:29.865Z] Client 89npe-ePULqH_iYXAAAD joined zone: zone2
[2026-07-15T09:38:45.849Z] Client disconnected: 89npe-ePULqH_iYXAAAD
[2026-07-15T09:38:46.802Z] Client connected: f2ZmaXVCLQLUBkwxAAAF
[2026-07-15T09:38:46.819Z] Client f2ZmaXVCLQLUBkwxAAAF joined zone: zone1
[2026-07-15T09:38:46.825Z] Client f2ZmaXVCLQLUBkwxAAAF joined zone: zone2
[2026-07-15T09:38:46.825Z] Client f2ZmaXVCLQLUBkwxAAAF joined zone: zone1
[2026-07-15T09:38:46.826Z] Client f2ZmaXVCLQLUBkwxAAAF joined zone: zone2
[2026-07-15T09:39:06.189Z] Client disconnected: f2ZmaXVCLQLUBkwxAAAF
[2026-07-15T09:39:06.584Z] Client connected: uGKo7ufAYdSXlph0AAAH
[2026-07-15T09:39:06.617Z] Client uGKo7ufAYdSXlph0AAAH joined zone: zone1
[2026-07-15T09:39:06.640Z] Client uGKo7ufAYdSXlph0AAAH joined zone: zone2
[2026-07-15T09:39:06.645Z] Client uGKo7ufAYdSXlph0AAAH joined zone: zone1
[2026-07-15T09:39:06.646Z] Client uGKo7ufAYdSXlph0AAAH joined zone: zone2
[2026-07-15T09:42:35.521Z] Initializing Socket.io...
[2026-07-15T09:42:39.821Z] Client connected: 1lXbrevKakzxijLqAAAB
[2026-07-15T09:42:39.834Z] Client 1lXbrevKakzxijLqAAAB joined zone: zone1
[2026-07-15T09:42:39.935Z] Client 1lXbrevKakzxijLqAAAB joined zone: zone2
[2026-07-15T09:42:39.936Z] Client 1lXbrevKakzxijLqAAAB joined zone: zone1
[2026-07-15T09:42:39.936Z] Client 1lXbrevKakzxijLqAAAB joined zone: zone2
[2026-07-15T09:42:53.897Z] Client disconnected: 1lXbrevKakzxijLqAAAB
[2026-07-15T09:42:54.262Z] Client connected: _sfWyoLB2aqHd_iDAAAD
[2026-07-15T09:42:54.281Z] Client _sfWyoLB2aqHd_iDAAAD joined zone: zone1
[2026-07-15T09:42:54.289Z] Client _sfWyoLB2aqHd_iDAAAD joined zone: zone2
[2026-07-15T09:42:54.290Z] Client _sfWyoLB2aqHd_iDAAAD joined zone: zone1
[2026-07-15T09:42:54.291Z] Client _sfWyoLB2aqHd_iDAAAD joined zone: zone2
[2026-07-15T09:43:14.881Z] Client disconnected: _sfWyoLB2aqHd_iDAAAD
[2026-07-15T09:43:15.345Z] Client connected: UBkRghBvSZyVXv1xAAAF
[2026-07-15T09:43:15.403Z] Client UBkRghBvSZyVXv1xAAAF joined zone: zone1
[2026-07-15T09:43:15.411Z] Client UBkRghBvSZyVXv1xAAAF joined zone: zone2
[2026-07-15T09:43:15.413Z] Client UBkRghBvSZyVXv1xAAAF joined zone: zone1
[2026-07-15T09:43:15.414Z] Client UBkRghBvSZyVXv1xAAAF joined zone: zone2
[2026-07-15T09:46:13.979Z] Client disconnected: UBkRghBvSZyVXv1xAAAF
[2026-07-15T09:46:14.268Z] Client connected: QoZGOIOT1F2ZbrgWAAAH
[2026-07-15T09:46:14.283Z] Client QoZGOIOT1F2ZbrgWAAAH joined zone: zone1
[2026-07-15T09:46:14.301Z] Client QoZGOIOT1F2ZbrgWAAAH joined zone: zone2
[2026-07-15T09:46:14.302Z] Client QoZGOIOT1F2ZbrgWAAAH joined zone: zone1
[2026-07-15T09:46:14.303Z] Client QoZGOIOT1F2ZbrgWAAAH joined zone: zone2
[2026-07-15T09:53:22.772Z] Client disconnected: QoZGOIOT1F2ZbrgWAAAH
[2026-07-15T09:53:23.346Z] Client connected: x8bPFA_F20a-SF-pAAAJ
[2026-07-15T09:53:23.372Z] Client x8bPFA_F20a-SF-pAAAJ joined zone: zone1
[2026-07-15T09:53:23.379Z] Client x8bPFA_F20a-SF-pAAAJ joined zone: zone2
[2026-07-15T09:53:23.380Z] Client x8bPFA_F20a-SF-pAAAJ joined zone: zone1
[2026-07-15T09:53:23.380Z] Client x8bPFA_F20a-SF-pAAAJ joined zone: zone2
[2026-07-15T10:07:59.085Z] Client x8bPFA_F20a-SF-pAAAJ left zone: zone1
[2026-07-15T10:07:59.094Z] Client x8bPFA_F20a-SF-pAAAJ left zone: zone2
[2026-07-15T10:07:59.095Z] Client x8bPFA_F20a-SF-pAAAJ joined zone: zone3
[2026-07-15T10:07:59.096Z] Client x8bPFA_F20a-SF-pAAAJ left zone: zone3
[2026-07-15T10:07:59.098Z] Client x8bPFA_F20a-SF-pAAAJ joined zone: zone3
[2026-07-15T10:22:56.872Z] Client x8bPFA_F20a-SF-pAAAJ left zone: zone3
[2026-07-15T10:23:36.665Z] Client x8bPFA_F20a-SF-pAAAJ joined zone: zone3
[2026-07-15T10:23:36.670Z] Client x8bPFA_F20a-SF-pAAAJ left zone: zone3
[2026-07-15T10:23:36.671Z] Client x8bPFA_F20a-SF-pAAAJ joined zone: zone3
[2026-07-15T10:24:36.216Z] Client x8bPFA_F20a-SF-pAAAJ left zone: zone3
[2026-07-15T10:39:01.315Z] Client disconnected: x8bPFA_F20a-SF-pAAAJ
[2026-07-15T10:41:58.637Z] Client connected: Hv6hZOShc6a9q4kdAAAL
[2026-07-15T10:41:58.662Z] Client Hv6hZOShc6a9q4kdAAAL joined zone: zone3
[2026-07-15T10:41:58.665Z] Client Hv6hZOShc6a9q4kdAAAL left zone: zone3
[2026-07-15T10:41:58.666Z] Client Hv6hZOShc6a9q4kdAAAL joined zone: zone3
[2026-07-15T10:41:58.666Z] Client Hv6hZOShc6a9q4kdAAAL joined zone: zone3
[2026-07-15T10:42:01.686Z] Client Hv6hZOShc6a9q4kdAAAL left zone: zone3
[2026-07-15T10:42:08.556Z] Client Hv6hZOShc6a9q4kdAAAL joined zone: zone1
[2026-07-15T10:42:08.569Z] Client Hv6hZOShc6a9q4kdAAAL joined zone: zone2
[2026-07-15T10:42:08.570Z] Client Hv6hZOShc6a9q4kdAAAL left zone: zone1
[2026-07-15T10:42:08.570Z] Client Hv6hZOShc6a9q4kdAAAL left zone: zone2
[2026-07-15T10:42:08.571Z] Client Hv6hZOShc6a9q4kdAAAL joined zone: zone1
[2026-07-15T10:42:08.571Z] Client Hv6hZOShc6a9q4kdAAAL joined zone: zone2
[2026-07-15T10:42:12.204Z] Client disconnected: Hv6hZOShc6a9q4kdAAAL
[2026-07-15T10:42:12.584Z] Client connected: L18aRRF684zEoKeNAAAN
[2026-07-15T10:42:12.600Z] Client L18aRRF684zEoKeNAAAN joined zone: zone1
[2026-07-15T10:42:12.607Z] Client L18aRRF684zEoKeNAAAN joined zone: zone2
[2026-07-15T10:42:12.608Z] Client L18aRRF684zEoKeNAAAN joined zone: zone1
[2026-07-15T10:42:12.609Z] Client L18aRRF684zEoKeNAAAN joined zone: zone2
[2026-07-15T10:42:30.012Z] Client L18aRRF684zEoKeNAAAN left zone: zone1
[2026-07-15T10:42:30.021Z] Client L18aRRF684zEoKeNAAAN left zone: zone2
[2026-07-15T10:42:30.022Z] Client L18aRRF684zEoKeNAAAN joined zone: zone3
[2026-07-15T10:42:30.023Z] Client L18aRRF684zEoKeNAAAN left zone: zone3
[2026-07-15T10:42:30.023Z] Client L18aRRF684zEoKeNAAAN joined zone: zone3
[2026-07-15T10:42:31.379Z] Client L18aRRF684zEoKeNAAAN left zone: zone3
[2026-07-15T10:42:32.463Z] Client L18aRRF684zEoKeNAAAN joined zone: zone1
[2026-07-15T10:42:32.469Z] Client L18aRRF684zEoKeNAAAN joined zone: zone2
[2026-07-15T10:42:32.469Z] Client L18aRRF684zEoKeNAAAN left zone: zone1
[2026-07-15T10:42:32.470Z] Client L18aRRF684zEoKeNAAAN left zone: zone2
[2026-07-15T10:42:32.470Z] Client L18aRRF684zEoKeNAAAN joined zone: zone1
[2026-07-15T10:42:32.471Z] Client L18aRRF684zEoKeNAAAN joined zone: zone2
[2026-07-15T10:43:58.076Z] Client L18aRRF684zEoKeNAAAN left zone: zone1
[2026-07-15T10:43:58.084Z] Client L18aRRF684zEoKeNAAAN left zone: zone2
[2026-07-15T10:43:58.085Z] Client L18aRRF684zEoKeNAAAN joined zone: zone3
[2026-07-15T10:43:58.086Z] Client L18aRRF684zEoKeNAAAN left zone: zone3
[2026-07-15T10:43:58.086Z] Client L18aRRF684zEoKeNAAAN joined zone: zone3
[2026-07-15T10:43:58.977Z] Client L18aRRF684zEoKeNAAAN left zone: zone3
[2026-07-15T10:43:58.984Z] Client L18aRRF684zEoKeNAAAN joined zone: zone1
[2026-07-15T10:43:58.984Z] Client L18aRRF684zEoKeNAAAN joined zone: zone2
[2026-07-15T10:43:58.985Z] Client L18aRRF684zEoKeNAAAN left zone: zone1
[2026-07-15T10:43:58.985Z] Client L18aRRF684zEoKeNAAAN left zone: zone2
[2026-07-15T10:43:58.986Z] Client L18aRRF684zEoKeNAAAN joined zone: zone1
[2026-07-15T10:43:58.986Z] Client L18aRRF684zEoKeNAAAN joined zone: zone2
[2026-07-15T10:46:45.599Z] Client L18aRRF684zEoKeNAAAN left zone: zone1
[2026-07-15T10:46:45.604Z] Client L18aRRF684zEoKeNAAAN left zone: zone2
[2026-07-15T10:50:11.671Z] Client disconnected: L18aRRF684zEoKeNAAAN
[2026-07-15T10:51:02.894Z] Client connected: _cMoBSFOffL6mrreAAAP
[2026-07-15T10:51:02.923Z] Client _cMoBSFOffL6mrreAAAP joined zone: zone1
[2026-07-15T10:51:02.930Z] Client _cMoBSFOffL6mrreAAAP joined zone: zone2
[2026-07-15T10:51:02.931Z] Client _cMoBSFOffL6mrreAAAP left zone: zone1
[2026-07-15T10:51:02.932Z] Client _cMoBSFOffL6mrreAAAP left zone: zone2
[2026-07-15T10:51:02.932Z] Client _cMoBSFOffL6mrreAAAP joined zone: zone1
[2026-07-15T10:51:02.933Z] Client _cMoBSFOffL6mrreAAAP joined zone: zone2
[2026-07-15T10:51:02.933Z] Client _cMoBSFOffL6mrreAAAP joined zone: zone1
[2026-07-15T10:51:02.933Z] Client _cMoBSFOffL6mrreAAAP joined zone: zone2
[2026-07-15T10:53:25.103Z] Client _cMoBSFOffL6mrreAAAP left zone: zone1
[2026-07-15T10:53:25.109Z] Client _cMoBSFOffL6mrreAAAP left zone: zone2
[2026-07-15T10:53:36.065Z] Client disconnected: _cMoBSFOffL6mrreAAAP
[2026-07-15T11:45:04.551Z] Client connected: leAmOmEPyuoWuvekAAAR
[2026-07-15T11:45:04.582Z] Client leAmOmEPyuoWuvekAAAR joined zone: zone1
[2026-07-15T11:45:04.587Z] Client leAmOmEPyuoWuvekAAAR joined zone: zone2
[2026-07-15T11:45:04.588Z] Client leAmOmEPyuoWuvekAAAR joined zone: zone1
[2026-07-15T11:45:04.589Z] Client leAmOmEPyuoWuvekAAAR joined zone: zone2
[2026-07-15T11:45:05.882Z] Client leAmOmEPyuoWuvekAAAR left zone: zone1
[2026-07-15T11:45:05.887Z] Client leAmOmEPyuoWuvekAAAR left zone: zone2
[2026-07-15T11:45:27.666Z] Client connected: Z3Cvynt2o7J5uzeBAAAT
[2026-07-15T11:45:49.509Z] Client disconnected: leAmOmEPyuoWuvekAAAR
[2026-07-15T11:46:24.225Z] Client disconnected: Z3Cvynt2o7J5uzeBAAAT
[2026-07-15T11:46:24.592Z] Client connected: tZCwCdBTM1b-isb8AAAV
[2026-07-15T11:49:01.848Z] Initializing Socket.io...
[2026-07-15T11:49:03.828Z] Client connected: j_I-0nhrg-9Xv3GlAAAB
[2026-07-15T11:49:44.614Z] Client disconnected: j_I-0nhrg-9Xv3GlAAAB
[2026-07-15T11:51:00.639Z] Client connected: DJ9A6vdhCg7EyuUEAAAD
[2026-07-15T12:19:40.847Z] Initializing Socket.io...
[2026-07-15T12:19:43.842Z] Client connected: U5rAspATGMkdgnPkAAAB
[2026-07-15T12:20:32.232Z] Client disconnected: U5rAspATGMkdgnPkAAAB
[2026-07-15T12:20:48.985Z] Client connected: hP0icNNowBkjsLq-AAAD
[2026-07-15T12:32:21.790Z] Client connected: RXSE556RBPcDjlZ0AAAF
[2026-07-15T12:32:21.840Z] Client RXSE556RBPcDjlZ0AAAF joined zone: zone1
[2026-07-15T12:32:21.850Z] Client RXSE556RBPcDjlZ0AAAF joined zone: zone2
[2026-07-15T12:32:21.855Z] Client RXSE556RBPcDjlZ0AAAF joined zone: zone1
[2026-07-15T12:32:21.858Z] Client RXSE556RBPcDjlZ0AAAF joined zone: zone2
[2026-07-15T12:32:48.842Z] Client disconnected: hP0icNNowBkjsLq-AAAD
[2026-07-15T12:36:32.772Z] Client RXSE556RBPcDjlZ0AAAF left zone: zone1
[2026-07-15T12:36:32.788Z] Client RXSE556RBPcDjlZ0AAAF left zone: zone2
[2026-07-15T12:36:32.790Z] Client RXSE556RBPcDjlZ0AAAF joined zone: zone3
[2026-07-15T12:36:32.795Z] Client RXSE556RBPcDjlZ0AAAF left zone: zone3
[2026-07-15T12:36:32.796Z] Client RXSE556RBPcDjlZ0AAAF joined zone: zone3
[2026-07-15T12:36:59.517Z] Client RXSE556RBPcDjlZ0AAAF left zone: zone3
[2026-07-15T12:36:59.535Z] Client RXSE556RBPcDjlZ0AAAF joined zone: zone1
[2026-07-15T12:36:59.539Z] Client RXSE556RBPcDjlZ0AAAF joined zone: zone2
[2026-07-15T12:36:59.541Z] Client RXSE556RBPcDjlZ0AAAF left zone: zone1
[2026-07-15T12:36:59.542Z] Client RXSE556RBPcDjlZ0AAAF left zone: zone2
[2026-07-15T12:36:59.543Z] Client RXSE556RBPcDjlZ0AAAF joined zone: zone1
[2026-07-15T12:36:59.546Z] Client RXSE556RBPcDjlZ0AAAF joined zone: zone2
[2026-07-15T12:37:12.647Z] Client RXSE556RBPcDjlZ0AAAF left zone: zone1
[2026-07-15T12:37:12.662Z] Client RXSE556RBPcDjlZ0AAAF left zone: zone2
[2026-07-15T12:37:12.664Z] Client RXSE556RBPcDjlZ0AAAF joined zone: zone3
[2026-07-15T12:37:12.665Z] Client RXSE556RBPcDjlZ0AAAF left zone: zone3
[2026-07-15T12:37:12.669Z] Client RXSE556RBPcDjlZ0AAAF joined zone: zone3
[2026-07-15T12:43:03.380Z] Client RXSE556RBPcDjlZ0AAAF left zone: zone3
[2026-07-15T12:51:38.109Z] Client disconnected: RXSE556RBPcDjlZ0AAAF
[2026-07-15T13:13:46.982Z] Client connected: CtUpbIpNk2es53f4AAAH
[2026-07-15T13:13:47.021Z] Client CtUpbIpNk2es53f4AAAH joined zone: zone3
[2026-07-15T13:13:47.032Z] Client CtUpbIpNk2es53f4AAAH left zone: zone3
[2026-07-15T13:13:47.033Z] Client CtUpbIpNk2es53f4AAAH joined zone: zone3
[2026-07-15T13:13:47.033Z] Client CtUpbIpNk2es53f4AAAH joined zone: zone3
[2026-07-15T13:14:06.475Z] Client connected: FdQp6DhCE7D1JjqvAAAJ
[2026-07-15T13:14:06.705Z] Client FdQp6DhCE7D1JjqvAAAJ joined zone: zone3
[2026-07-15T13:14:06.756Z] Client FdQp6DhCE7D1JjqvAAAJ left zone: zone3
[2026-07-15T13:14:06.757Z] Client FdQp6DhCE7D1JjqvAAAJ joined zone: zone3
[2026-07-15T13:14:06.757Z] Client FdQp6DhCE7D1JjqvAAAJ joined zone: zone3
[2026-07-15T13:14:08.820Z] Client FdQp6DhCE7D1JjqvAAAJ left zone: zone3
[2026-07-15T13:14:35.565Z] Client disconnected: FdQp6DhCE7D1JjqvAAAJ
[2026-07-15T13:23:39.759Z] Client disconnected: CtUpbIpNk2es53f4AAAH
[2026-07-15T13:34:11.802Z] Initializing Socket.io...
[2026-07-15T13:34:41.116Z] Client connected: vk-ZmAfIBvazBbdfAAAB
[2026-07-15T13:34:41.224Z] Client vk-ZmAfIBvazBbdfAAAB joined zone: zone1
[2026-07-15T13:34:41.252Z] Client vk-ZmAfIBvazBbdfAAAB joined zone: zone2
[2026-07-15T13:34:41.254Z] Client vk-ZmAfIBvazBbdfAAAB joined zone: zone1
[2026-07-15T13:34:41.258Z] Client vk-ZmAfIBvazBbdfAAAB joined zone: zone2
[2026-07-15T13:34:45.234Z] Client vk-ZmAfIBvazBbdfAAAB left zone: zone1
[2026-07-15T13:34:45.261Z] Client vk-ZmAfIBvazBbdfAAAB left zone: zone2
[2026-07-15T13:34:45.264Z] Client vk-ZmAfIBvazBbdfAAAB joined zone: zone3
[2026-07-15T13:34:45.265Z] Client vk-ZmAfIBvazBbdfAAAB left zone: zone3
[2026-07-15T13:34:45.267Z] Client vk-ZmAfIBvazBbdfAAAB joined zone: zone3
[2026-07-15T13:34:48.381Z] Client vk-ZmAfIBvazBbdfAAAB left zone: zone3
[2026-07-15T13:34:48.398Z] Client vk-ZmAfIBvazBbdfAAAB joined zone: zone1
[2026-07-15T13:34:48.400Z] Client vk-ZmAfIBvazBbdfAAAB joined zone: zone2
[2026-07-15T13:34:48.402Z] Client vk-ZmAfIBvazBbdfAAAB left zone: zone1
[2026-07-15T13:34:48.403Z] Client vk-ZmAfIBvazBbdfAAAB left zone: zone2
[2026-07-15T13:34:48.404Z] Client vk-ZmAfIBvazBbdfAAAB joined zone: zone1
[2026-07-15T13:34:48.405Z] Client vk-ZmAfIBvazBbdfAAAB joined zone: zone2
[2026-07-15T13:35:09.163Z] Client connected: GyOWgC0ELYWIJGlwAAAD
[2026-07-15T13:35:09.252Z] Client GyOWgC0ELYWIJGlwAAAD joined zone: zone1
[2026-07-15T13:35:09.278Z] Client GyOWgC0ELYWIJGlwAAAD joined zone: zone2
[2026-07-15T13:35:09.280Z] Client GyOWgC0ELYWIJGlwAAAD joined zone: zone1
[2026-07-15T13:35:09.281Z] Client GyOWgC0ELYWIJGlwAAAD joined zone: zone2
[2026-07-15T13:35:10.882Z] Client GyOWgC0ELYWIJGlwAAAD left zone: zone1
[2026-07-15T13:35:10.911Z] Client GyOWgC0ELYWIJGlwAAAD left zone: zone2
[2026-07-15T13:35:10.913Z] Client GyOWgC0ELYWIJGlwAAAD joined zone: zone3
[2026-07-15T13:35:10.915Z] Client GyOWgC0ELYWIJGlwAAAD left zone: zone3
[2026-07-15T13:35:10.916Z] Client GyOWgC0ELYWIJGlwAAAD joined zone: zone3
[2026-07-15T13:35:12.670Z] Client GyOWgC0ELYWIJGlwAAAD left zone: zone3
[2026-07-15T13:36:39.401Z] Client GyOWgC0ELYWIJGlwAAAD joined zone: zone4
[2026-07-15T13:36:39.419Z] Client GyOWgC0ELYWIJGlwAAAD left zone: zone4
[2026-07-15T13:36:39.420Z] Client GyOWgC0ELYWIJGlwAAAD joined zone: zone4
[2026-07-15T13:36:40.176Z] Client GyOWgC0ELYWIJGlwAAAD left zone: zone4
[2026-07-15T13:40:58.602Z] Client vk-ZmAfIBvazBbdfAAAB left zone: zone1
[2026-07-15T13:40:58.612Z] Client vk-ZmAfIBvazBbdfAAAB left zone: zone2
[2026-07-15T13:40:58.612Z] Client vk-ZmAfIBvazBbdfAAAB joined zone: zone3
[2026-07-15T13:40:58.613Z] Client vk-ZmAfIBvazBbdfAAAB left zone: zone3
[2026-07-15T13:40:58.613Z] Client vk-ZmAfIBvazBbdfAAAB joined zone: zone3
[2026-07-15T13:41:09.360Z] Client vk-ZmAfIBvazBbdfAAAB left zone: zone3
[2026-07-15T13:41:28.471Z] Client vk-ZmAfIBvazBbdfAAAB joined zone: zone3
[2026-07-15T13:41:28.477Z] Client vk-ZmAfIBvazBbdfAAAB left zone: zone3
[2026-07-15T13:41:28.478Z] Client vk-ZmAfIBvazBbdfAAAB joined zone: zone3
[2026-07-15T13:42:15.625Z] Client vk-ZmAfIBvazBbdfAAAB left zone: zone3
[2026-07-15T13:44:54.661Z] Initializing Socket.io...
[2026-07-15T13:44:54.870Z] Client connected: UHnHph0jbzmTwGKVAAAB
[2026-07-15T13:45:02.759Z] Initializing Socket.io...
[2026-07-15T13:45:02.832Z] Client connected: E6musPxTwxo6wzQcAAAB
[2026-07-15T13:45:02.847Z] Client E6musPxTwxo6wzQcAAAB joined zone: zone3
[2026-07-15T13:45:02.953Z] Client E6musPxTwxo6wzQcAAAB left zone: zone3
[2026-07-15T13:45:02.954Z] Client E6musPxTwxo6wzQcAAAB joined zone: zone3
[2026-07-15T13:45:02.954Z] Client E6musPxTwxo6wzQcAAAB joined zone: zone3
[2026-07-15T13:45:03.801Z] Client connected: rBthEK5BcJFOQ_rKAAAD
[2026-07-15T13:49:16.256Z] Client E6musPxTwxo6wzQcAAAB left zone: zone3
[2026-07-15T13:54:30.049Z] Client E6musPxTwxo6wzQcAAAB joined zone: zone1
[2026-07-15T13:54:30.072Z] Client E6musPxTwxo6wzQcAAAB joined zone: zone2
[2026-07-15T13:54:30.073Z] Client E6musPxTwxo6wzQcAAAB left zone: zone1
[2026-07-15T13:54:30.481Z] Client E6musPxTwxo6wzQcAAAB left zone: zone2
[2026-07-15T13:54:30.909Z] Client E6musPxTwxo6wzQcAAAB joined zone: zone1
[2026-07-15T13:54:30.910Z] Client E6musPxTwxo6wzQcAAAB joined zone: zone2
[2026-07-15T13:54:34.277Z] Client E6musPxTwxo6wzQcAAAB left zone: zone1
[2026-07-15T13:54:34.283Z] Client E6musPxTwxo6wzQcAAAB left zone: zone2
[2026-07-15T13:54:36.476Z] Client E6musPxTwxo6wzQcAAAB joined zone: zone1
[2026-07-15T13:54:36.484Z] Client E6musPxTwxo6wzQcAAAB left zone: zone1
[2026-07-15T13:54:36.487Z] Client E6musPxTwxo6wzQcAAAB joined zone: zone1
[2026-07-15T15:53:55.457Z] Initializing Socket.io...
[2026-07-15T16:03:50.917Z] Client connected: fsgwVeqvik2e-QflAAAB
[2026-07-15T16:03:51.035Z] Client fsgwVeqvik2e-QflAAAB joined zone: zone1
[2026-07-15T16:03:51.067Z] Client fsgwVeqvik2e-QflAAAB joined zone: zone2
[2026-07-15T16:03:51.076Z] Client fsgwVeqvik2e-QflAAAB joined zone: zone1
[2026-07-15T16:03:51.080Z] Client fsgwVeqvik2e-QflAAAB joined zone: zone2
[2026-07-15T16:03:52.499Z] Client fsgwVeqvik2e-QflAAAB left zone: zone1
[2026-07-15T16:03:52.533Z] Client fsgwVeqvik2e-QflAAAB left zone: zone2
[2026-07-15T16:07:43.620Z] Client connected: XfB7i9jMWh1cl5O7AAAD
[2026-07-15T16:07:44.155Z] Client XfB7i9jMWh1cl5O7AAAD joined zone: zone3
[2026-07-15T16:07:44.221Z] Client XfB7i9jMWh1cl5O7AAAD left zone: zone3
[2026-07-15T16:07:44.222Z] Client XfB7i9jMWh1cl5O7AAAD joined zone: zone3
[2026-07-15T16:07:44.228Z] Client XfB7i9jMWh1cl5O7AAAD joined zone: zone3
[2026-07-15T16:07:54.993Z] Client connected: Jgf7_l2rdsbapwTLAAAF
[2026-07-15T16:07:55.029Z] Client Jgf7_l2rdsbapwTLAAAF joined zone: zone1
[2026-07-15T16:07:55.066Z] Client Jgf7_l2rdsbapwTLAAAF joined zone: zone2
[2026-07-15T16:07:55.068Z] Client Jgf7_l2rdsbapwTLAAAF joined zone: zone1
[2026-07-15T16:07:55.071Z] Client Jgf7_l2rdsbapwTLAAAF joined zone: zone2
[2026-07-15T16:07:59.453Z] Client Jgf7_l2rdsbapwTLAAAF left zone: zone1
[2026-07-15T16:07:59.481Z] Client Jgf7_l2rdsbapwTLAAAF left zone: zone2
[2026-07-15T16:07:59.483Z] Client Jgf7_l2rdsbapwTLAAAF joined zone: zone3
[2026-07-15T16:07:59.483Z] Client Jgf7_l2rdsbapwTLAAAF left zone: zone3
[2026-07-15T16:07:59.484Z] Client Jgf7_l2rdsbapwTLAAAF joined zone: zone3
[2026-07-15T16:08:04.721Z] Client Jgf7_l2rdsbapwTLAAAF left zone: zone3
[2026-07-15T16:08:42.499Z] Client Jgf7_l2rdsbapwTLAAAF joined zone: zone4
[2026-07-15T16:08:42.572Z] Client Jgf7_l2rdsbapwTLAAAF left zone: zone4
[2026-07-15T16:08:42.572Z] Client Jgf7_l2rdsbapwTLAAAF joined zone: zone4
[2026-07-15T16:08:51.809Z] Client Jgf7_l2rdsbapwTLAAAF left zone: zone4
[2026-07-15T16:08:53.205Z] Client Jgf7_l2rdsbapwTLAAAF joined zone: zone5
[2026-07-15T16:08:53.210Z] Client Jgf7_l2rdsbapwTLAAAF left zone: zone5
[2026-07-15T16:08:53.211Z] Client Jgf7_l2rdsbapwTLAAAF joined zone: zone5
[2026-07-15T16:15:37.775Z] Client fsgwVeqvik2e-QflAAAB joined user room: user_oEg4EwVjQbMOXfoxfpojfxhZYx72
[2026-07-15T16:15:37.783Z] Client fsgwVeqvik2e-QflAAAB left user room: user_oEg4EwVjQbMOXfoxfpojfxhZYx72
[2026-07-15T16:15:37.784Z] Client fsgwVeqvik2e-QflAAAB joined user room: user_oEg4EwVjQbMOXfoxfpojfxhZYx72
[2026-07-15T16:16:39.686Z] Client connected: 1cgqwGfqJrWd9sR7AAAH
[2026-07-15T16:18:43.087Z] Client Jgf7_l2rdsbapwTLAAAF left zone: zone5
[2026-07-15T16:24:52.428Z] Client disconnected: fsgwVeqvik2e-QflAAAB
[2026-07-15T16:24:54.325Z] Client connected: tBpyih0ryAsaGvlUAAAJ
[2026-07-15T16:24:54.345Z] Client tBpyih0ryAsaGvlUAAAJ joined user room: user_oEg4EwVjQbMOXfoxfpojfxhZYx72
[2026-07-15T16:24:54.352Z] Client tBpyih0ryAsaGvlUAAAJ left user room: user_oEg4EwVjQbMOXfoxfpojfxhZYx72
[2026-07-15T16:24:54.353Z] Client tBpyih0ryAsaGvlUAAAJ joined user room: user_oEg4EwVjQbMOXfoxfpojfxhZYx72
[2026-07-15T16:24:54.354Z] Client tBpyih0ryAsaGvlUAAAJ joined user room: user_oEg4EwVjQbMOXfoxfpojfxhZYx72
[2026-07-15T16:25:27.090Z] Client disconnected: tBpyih0ryAsaGvlUAAAJ
[2026-07-15T16:25:27.551Z] Client connected: DM6-cZXTxqM6sn8DAAAL
[2026-07-15T16:25:27.565Z] Client DM6-cZXTxqM6sn8DAAAL joined user room: user_oEg4EwVjQbMOXfoxfpojfxhZYx72
[2026-07-15T16:25:27.571Z] Client DM6-cZXTxqM6sn8DAAAL left user room: user_oEg4EwVjQbMOXfoxfpojfxhZYx72
[2026-07-15T16:25:27.571Z] Client DM6-cZXTxqM6sn8DAAAL joined user room: user_oEg4EwVjQbMOXfoxfpojfxhZYx72
[2026-07-15T16:25:27.571Z] Client DM6-cZXTxqM6sn8DAAAL joined user room: user_oEg4EwVjQbMOXfoxfpojfxhZYx72
[2026-07-15T16:25:40.568Z] Client disconnected: Jgf7_l2rdsbapwTLAAAF
[2026-07-15T16:27:05.835Z] Initializing Socket.io...
[2026-07-15T16:27:07.015Z] Client connected: efkwVK9v9CAlbiL0AAAC
[2026-07-15T16:27:07.018Z] Client connected: iuZFGFMvCgXenHE0AAAD
[2026-07-15T16:27:07.029Z] Client efkwVK9v9CAlbiL0AAAC joined user room: user_oEg4EwVjQbMOXfoxfpojfxhZYx72
[2026-07-15T16:27:07.032Z] Client iuZFGFMvCgXenHE0AAAD joined zone: zone3
[2026-07-15T16:27:09.003Z] Client connected: WS1uAMrCJYuCPIc0AAAF
[2026-07-15T16:35:34.843Z] Client disconnected: efkwVK9v9CAlbiL0AAAC
[2026-07-15T16:35:59.580Z] Client disconnected: iuZFGFMvCgXenHE0AAAD
[2026-07-15T16:35:59.591Z] Client disconnected: WS1uAMrCJYuCPIc0AAAF
[2026-07-15T16:36:03.776Z] Client connected: mipuFhc5B0e1KKadAAAH
[2026-07-15T16:36:03.801Z] Client mipuFhc5B0e1KKadAAAH joined user room: user_oEg4EwVjQbMOXfoxfpojfxhZYx72
[2026-07-15T16:36:03.895Z] Client mipuFhc5B0e1KKadAAAH left user room: user_oEg4EwVjQbMOXfoxfpojfxhZYx72
[2026-07-15T16:36:03.897Z] Client mipuFhc5B0e1KKadAAAH joined user room: user_oEg4EwVjQbMOXfoxfpojfxhZYx72
[2026-07-15T16:36:03.900Z] Client mipuFhc5B0e1KKadAAAH joined user room: user_oEg4EwVjQbMOXfoxfpojfxhZYx72
[2026-07-15T16:36:04.736Z] Client connected: lHc5itF3PTQ3C0UnAAAJ
[2026-07-15T16:36:04.881Z] Client lHc5itF3PTQ3C0UnAAAJ joined zone: zone3
[2026-07-15T16:36:04.897Z] Client lHc5itF3PTQ3C0UnAAAJ left zone: zone3
[2026-07-15T16:36:04.901Z] Client lHc5itF3PTQ3C0UnAAAJ joined zone: zone3
[2026-07-15T16:36:04.902Z] Client lHc5itF3PTQ3C0UnAAAJ joined zone: zone3
[2026-07-15T16:36:10.315Z] Client connected: yOsSGCJjD4ZxczTAAAAL
[2026-07-16T06:01:52.931Z] Initializing Socket.io...
[2026-07-16T06:02:29.788Z] Client connected: baowVnUq19CRGRNCAAAB
[2026-07-16T06:02:29.821Z] Client baowVnUq19CRGRNCAAAB joined zone: zone1
[2026-07-16T06:02:29.830Z] Client baowVnUq19CRGRNCAAAB joined zone: zone2
[2026-07-16T06:02:29.831Z] Client baowVnUq19CRGRNCAAAB joined zone: zone1
[2026-07-16T06:02:29.832Z] Client baowVnUq19CRGRNCAAAB joined zone: zone2
[2026-07-16T06:05:14.900Z] Client baowVnUq19CRGRNCAAAB left zone: zone1
[2026-07-16T06:05:14.910Z] Client baowVnUq19CRGRNCAAAB left zone: zone2
[2026-07-16T06:05:14.911Z] Client baowVnUq19CRGRNCAAAB joined zone: zone1
[2026-07-16T06:05:14.913Z] Client baowVnUq19CRGRNCAAAB left zone: zone1
[2026-07-16T06:05:14.913Z] Client baowVnUq19CRGRNCAAAB joined zone: zone1
[2026-07-16T06:05:22.195Z] Client baowVnUq19CRGRNCAAAB left zone: zone1
[2026-07-16T06:05:56.473Z] Client baowVnUq19CRGRNCAAAB joined zone: zone3
[2026-07-16T06:05:56.482Z] Client baowVnUq19CRGRNCAAAB left zone: zone3
[2026-07-16T06:05:56.483Z] Client baowVnUq19CRGRNCAAAB joined zone: zone3
[2026-07-16T06:06:04.725Z] Client baowVnUq19CRGRNCAAAB left zone: zone3
[2026-07-16T06:06:04.737Z] Client baowVnUq19CRGRNCAAAB joined zone: zone1
[2026-07-16T06:06:04.739Z] Client baowVnUq19CRGRNCAAAB joined zone: zone2
[2026-07-16T06:06:04.739Z] Client baowVnUq19CRGRNCAAAB left zone: zone1
[2026-07-16T06:06:04.740Z] Client baowVnUq19CRGRNCAAAB left zone: zone2
[2026-07-16T06:06:04.740Z] Client baowVnUq19CRGRNCAAAB joined zone: zone1
[2026-07-16T06:06:04.741Z] Client baowVnUq19CRGRNCAAAB joined zone: zone2
[2026-07-16T06:06:13.816Z] Client baowVnUq19CRGRNCAAAB left zone: zone1
[2026-07-16T06:06:13.820Z] Client baowVnUq19CRGRNCAAAB left zone: zone2
[2026-07-16T06:07:12.419Z] Client baowVnUq19CRGRNCAAAB joined zone: zone1
[2026-07-16T06:07:12.425Z] Client baowVnUq19CRGRNCAAAB left zone: zone1
[2026-07-16T06:07:12.426Z] Client baowVnUq19CRGRNCAAAB joined zone: zone1
[2026-07-16T06:07:38.443Z] Client baowVnUq19CRGRNCAAAB left zone: zone1
[2026-07-16T06:07:59.017Z] Client baowVnUq19CRGRNCAAAB joined zone: zone3
[2026-07-16T06:07:59.024Z] Client baowVnUq19CRGRNCAAAB left zone: zone3
[2026-07-16T06:07:59.025Z] Client baowVnUq19CRGRNCAAAB joined zone: zone3
[2026-07-16T06:08:00.556Z] Client baowVnUq19CRGRNCAAAB left zone: zone3
[2026-07-16T06:08:00.563Z] Client baowVnUq19CRGRNCAAAB joined zone: zone1
[2026-07-16T06:08:00.564Z] Client baowVnUq19CRGRNCAAAB joined zone: zone2
[2026-07-16T06:08:00.565Z] Client baowVnUq19CRGRNCAAAB left zone: zone1
[2026-07-16T06:08:00.565Z] Client baowVnUq19CRGRNCAAAB left zone: zone2
[2026-07-16T06:08:00.566Z] Client baowVnUq19CRGRNCAAAB joined zone: zone1
[2026-07-16T06:08:00.566Z] Client baowVnUq19CRGRNCAAAB joined zone: zone2
[2026-07-16T06:08:43.172Z] Client baowVnUq19CRGRNCAAAB left zone: zone1
[2026-07-16T06:08:43.175Z] Client baowVnUq19CRGRNCAAAB left zone: zone2
[2026-07-16T06:09:16.718Z] Client baowVnUq19CRGRNCAAAB joined zone: zone1
[2026-07-16T06:09:16.727Z] Client baowVnUq19CRGRNCAAAB left zone: zone1
[2026-07-16T06:09:16.728Z] Client baowVnUq19CRGRNCAAAB joined zone: zone1
[2026-07-16T06:09:17.818Z] Client baowVnUq19CRGRNCAAAB left zone: zone1
[2026-07-16T06:09:19.346Z] Client baowVnUq19CRGRNCAAAB joined zone: zone3
[2026-07-16T06:09:19.354Z] Client baowVnUq19CRGRNCAAAB left zone: zone3
[2026-07-16T06:09:19.354Z] Client baowVnUq19CRGRNCAAAB joined zone: zone3
[2026-07-16T06:10:50.910Z] Client baowVnUq19CRGRNCAAAB left zone: zone3
[2026-07-16T06:11:52.881Z] Client baowVnUq19CRGRNCAAAB joined zone: zone1
[2026-07-16T06:11:52.889Z] Client baowVnUq19CRGRNCAAAB left zone: zone1
[2026-07-16T06:11:52.890Z] Client baowVnUq19CRGRNCAAAB joined zone: zone1
[2026-07-16T06:13:31.111Z] Client baowVnUq19CRGRNCAAAB left zone: zone1
[2026-07-16T06:13:43.503Z] Client baowVnUq19CRGRNCAAAB joined zone: zone1
[2026-07-16T06:13:43.508Z] Client baowVnUq19CRGRNCAAAB joined zone: zone2
[2026-07-16T06:13:43.509Z] Client baowVnUq19CRGRNCAAAB left zone: zone1
[2026-07-16T06:13:43.510Z] Client baowVnUq19CRGRNCAAAB left zone: zone2
[2026-07-16T06:13:43.510Z] Client baowVnUq19CRGRNCAAAB joined zone: zone1
[2026-07-16T06:13:43.511Z] Client baowVnUq19CRGRNCAAAB joined zone: zone2
[2026-07-16T06:14:44.282Z] Client baowVnUq19CRGRNCAAAB left zone: zone1
[2026-07-16T06:14:44.301Z] Client baowVnUq19CRGRNCAAAB left zone: zone2
[2026-07-16T06:14:44.302Z] Client baowVnUq19CRGRNCAAAB joined zone: zone3
[2026-07-16T06:14:44.303Z] Client baowVnUq19CRGRNCAAAB left zone: zone3
[2026-07-16T06:14:44.303Z] Client baowVnUq19CRGRNCAAAB joined zone: zone3
[2026-07-16T06:14:45.730Z] Client baowVnUq19CRGRNCAAAB left zone: zone3
[2026-07-16T06:14:45.739Z] Client baowVnUq19CRGRNCAAAB joined zone: zone1
[2026-07-16T06:14:45.740Z] Client baowVnUq19CRGRNCAAAB joined zone: zone2
[2026-07-16T06:14:45.741Z] Client baowVnUq19CRGRNCAAAB left zone: zone1
[2026-07-16T06:14:45.741Z] Client baowVnUq19CRGRNCAAAB left zone: zone2
[2026-07-16T06:14:45.741Z] Client baowVnUq19CRGRNCAAAB joined zone: zone1
[2026-07-16T06:14:45.742Z] Client baowVnUq19CRGRNCAAAB joined zone: zone2
[2026-07-16T06:17:30.611Z] Client baowVnUq19CRGRNCAAAB left zone: zone1
[2026-07-16T06:17:30.621Z] Client baowVnUq19CRGRNCAAAB left zone: zone2
[2026-07-16T06:17:30.621Z] Client baowVnUq19CRGRNCAAAB joined zone: zone3
[2026-07-16T06:17:30.622Z] Client baowVnUq19CRGRNCAAAB left zone: zone3
[2026-07-16T06:17:30.622Z] Client baowVnUq19CRGRNCAAAB joined zone: zone3
[2026-07-16T06:17:35.485Z] Client baowVnUq19CRGRNCAAAB left zone: zone3
[2026-07-16T06:17:37.119Z] Client baowVnUq19CRGRNCAAAB joined zone: zone1
[2026-07-16T06:17:37.128Z] Client baowVnUq19CRGRNCAAAB left zone: zone1
[2026-07-16T06:17:37.129Z] Client baowVnUq19CRGRNCAAAB joined zone: zone1
[2026-07-16T06:17:38.038Z] Client baowVnUq19CRGRNCAAAB left zone: zone1
[2026-07-16T06:17:40.236Z] Client baowVnUq19CRGRNCAAAB joined zone: zone1
[2026-07-16T06:17:40.244Z] Client baowVnUq19CRGRNCAAAB joined zone: zone2
[2026-07-16T06:17:40.245Z] Client baowVnUq19CRGRNCAAAB left zone: zone1
[2026-07-16T06:17:40.245Z] Client baowVnUq19CRGRNCAAAB left zone: zone2
[2026-07-16T06:17:40.246Z] Client baowVnUq19CRGRNCAAAB joined zone: zone1
[2026-07-16T06:17:40.247Z] Client baowVnUq19CRGRNCAAAB joined zone: zone2
[2026-07-16T06:59:20.395Z] Client baowVnUq19CRGRNCAAAB left zone: zone1
[2026-07-16T06:59:20.397Z] Client baowVnUq19CRGRNCAAAB left zone: zone2
[2026-07-16T07:57:38.190Z] Client disconnected: baowVnUq19CRGRNCAAAB
[2026-07-16T08:03:43.325Z] Client connected: khbkcigtcKAYAVuDAAAD
[2026-07-16T08:03:43.357Z] Client khbkcigtcKAYAVuDAAAD joined zone: zone1
[2026-07-16T08:03:43.470Z] Client khbkcigtcKAYAVuDAAAD joined zone: zone2
[2026-07-16T08:03:43.471Z] Client khbkcigtcKAYAVuDAAAD left zone: zone1
[2026-07-16T08:03:43.472Z] Client khbkcigtcKAYAVuDAAAD left zone: zone2
[2026-07-16T08:03:43.473Z] Client khbkcigtcKAYAVuDAAAD joined zone: zone1
[2026-07-16T08:03:43.474Z] Client khbkcigtcKAYAVuDAAAD joined zone: zone2
[2026-07-16T08:03:43.474Z] Client khbkcigtcKAYAVuDAAAD joined zone: zone1
[2026-07-16T08:03:43.475Z] Client khbkcigtcKAYAVuDAAAD joined zone: zone2
[2026-07-16T08:08:42.005Z] Client disconnected: khbkcigtcKAYAVuDAAAD
[2026-07-16T08:08:43.489Z] Client connected: wWxMk_YCpUPWsLQlAAAF
[2026-07-16T08:08:43.579Z] Client wWxMk_YCpUPWsLQlAAAF joined zone: zone1
[2026-07-16T08:08:43.608Z] Client wWxMk_YCpUPWsLQlAAAF joined zone: zone2
[2026-07-16T08:08:43.633Z] Client wWxMk_YCpUPWsLQlAAAF joined zone: zone1
[2026-07-16T08:08:43.663Z] Client wWxMk_YCpUPWsLQlAAAF joined zone: zone2
[2026-07-16T08:10:54.164Z] Initializing Socket.io...
[2026-07-16T08:10:54.857Z] Client connected: zi9esE-dC7HWdb4hAAAB
[2026-07-16T08:10:54.874Z] Client zi9esE-dC7HWdb4hAAAB joined zone: zone1
[2026-07-16T08:10:54.980Z] Client zi9esE-dC7HWdb4hAAAB joined zone: zone2
[2026-07-16T08:10:57.624Z] Initializing Socket.io...
[2026-07-16T08:10:59.831Z] Client connected: hszRdGAXeSk01FR7AAAB
[2026-07-16T08:10:59.840Z] Client hszRdGAXeSk01FR7AAAB joined zone: zone1
[2026-07-16T08:10:59.951Z] Client hszRdGAXeSk01FR7AAAB joined zone: zone2
[2026-07-16T08:11:02.994Z] Initializing Socket.io...
[2026-07-16T08:11:05.552Z] Client connected: j8mGl_yNJDV1_RbVAAAB
[2026-07-16T08:11:05.577Z] Client j8mGl_yNJDV1_RbVAAAB joined zone: zone1
[2026-07-16T08:11:05.688Z] Client j8mGl_yNJDV1_RbVAAAB joined zone: zone2
[2026-07-16T08:11:52.979Z] Initializing Socket.io...
[2026-07-16T08:11:55.855Z] Client connected: N9vnyrD_phKzYUSCAAAB
[2026-07-16T08:11:55.880Z] Client N9vnyrD_phKzYUSCAAAB joined zone: zone1
[2026-07-16T08:11:55.987Z] Client N9vnyrD_phKzYUSCAAAB joined zone: zone2
[2026-07-16T08:12:31.418Z] Client N9vnyrD_phKzYUSCAAAB left zone: zone1
[2026-07-16T08:12:31.428Z] Client N9vnyrD_phKzYUSCAAAB left zone: zone2
[2026-07-16T08:12:31.430Z] Client N9vnyrD_phKzYUSCAAAB joined zone: zone3
[2026-07-16T08:12:31.431Z] Client N9vnyrD_phKzYUSCAAAB left zone: zone3
[2026-07-16T08:12:31.431Z] Client N9vnyrD_phKzYUSCAAAB joined zone: zone3
[2026-07-16T08:12:52.351Z] Client N9vnyrD_phKzYUSCAAAB left zone: zone3
[2026-07-16T08:14:19.709Z] Client N9vnyrD_phKzYUSCAAAB joined zone: zone1
[2026-07-16T08:14:19.717Z] Client N9vnyrD_phKzYUSCAAAB joined zone: zone2
[2026-07-16T08:14:19.718Z] Client N9vnyrD_phKzYUSCAAAB left zone: zone1
[2026-07-16T08:14:19.719Z] Client N9vnyrD_phKzYUSCAAAB left zone: zone2
[2026-07-16T08:14:19.720Z] Client N9vnyrD_phKzYUSCAAAB joined zone: zone1
[2026-07-16T08:14:19.722Z] Client N9vnyrD_phKzYUSCAAAB joined zone: zone2
[2026-07-16T08:14:28.714Z] Client N9vnyrD_phKzYUSCAAAB left zone: zone1
[2026-07-16T08:14:28.729Z] Client N9vnyrD_phKzYUSCAAAB left zone: zone2
[2026-07-16T08:14:28.731Z] Client N9vnyrD_phKzYUSCAAAB joined zone: zone3
[2026-07-16T08:14:28.733Z] Client N9vnyrD_phKzYUSCAAAB left zone: zone3
[2026-07-16T08:14:28.738Z] Client N9vnyrD_phKzYUSCAAAB joined zone: zone3
[2026-07-16T08:14:29.292Z] Client N9vnyrD_phKzYUSCAAAB left zone: zone3
[2026-07-16T08:14:35.601Z] Client N9vnyrD_phKzYUSCAAAB joined zone: zone3
[2026-07-16T08:14:35.606Z] Client N9vnyrD_phKzYUSCAAAB left zone: zone3
[2026-07-16T08:14:35.607Z] Client N9vnyrD_phKzYUSCAAAB joined zone: zone3
[2026-07-16T08:14:49.805Z] Client N9vnyrD_phKzYUSCAAAB left zone: zone3
[2026-07-16T08:15:34.346Z] Client N9vnyrD_phKzYUSCAAAB joined zone: zone1
[2026-07-16T08:15:34.352Z] Client N9vnyrD_phKzYUSCAAAB left zone: zone1
[2026-07-16T08:15:34.353Z] Client N9vnyrD_phKzYUSCAAAB joined zone: zone1
[2026-07-16T08:16:49.115Z] Client N9vnyrD_phKzYUSCAAAB left zone: zone1
[2026-07-16T08:16:58.667Z] Client N9vnyrD_phKzYUSCAAAB joined zone: zone1
[2026-07-16T08:16:58.676Z] Client N9vnyrD_phKzYUSCAAAB joined zone: zone2
[2026-07-16T08:16:58.677Z] Client N9vnyrD_phKzYUSCAAAB left zone: zone1
[2026-07-16T08:16:58.677Z] Client N9vnyrD_phKzYUSCAAAB left zone: zone2
[2026-07-16T08:16:58.678Z] Client N9vnyrD_phKzYUSCAAAB joined zone: zone1
[2026-07-16T08:16:58.678Z] Client N9vnyrD_phKzYUSCAAAB joined zone: zone2
[2026-07-16T08:17:50.910Z] Client N9vnyrD_phKzYUSCAAAB left zone: zone1
[2026-07-16T08:17:50.913Z] Client N9vnyrD_phKzYUSCAAAB left zone: zone2
[2026-07-16T08:18:18.075Z] Client N9vnyrD_phKzYUSCAAAB joined zone: zone1
[2026-07-16T08:18:18.083Z] Client N9vnyrD_phKzYUSCAAAB left zone: zone1
[2026-07-16T08:18:18.084Z] Client N9vnyrD_phKzYUSCAAAB joined zone: zone1
[2026-07-16T08:18:18.994Z] Client N9vnyrD_phKzYUSCAAAB left zone: zone1
[2026-07-16T08:18:22.096Z] Client N9vnyrD_phKzYUSCAAAB joined zone: zone3
[2026-07-16T08:18:22.104Z] Client N9vnyrD_phKzYUSCAAAB left zone: zone3
[2026-07-16T08:18:22.105Z] Client N9vnyrD_phKzYUSCAAAB joined zone: zone3
[2026-07-16T08:18:22.994Z] Client N9vnyrD_phKzYUSCAAAB left zone: zone3
[2026-07-16T08:18:25.754Z] Client N9vnyrD_phKzYUSCAAAB joined zone: zone1
[2026-07-16T08:18:25.760Z] Client N9vnyrD_phKzYUSCAAAB left zone: zone1
[2026-07-16T08:18:25.761Z] Client N9vnyrD_phKzYUSCAAAB joined zone: zone1
[2026-07-16T08:18:28.841Z] Client N9vnyrD_phKzYUSCAAAB left zone: zone1
[2026-07-16T08:23:08.053Z] Initializing Socket.io...
[2026-07-16T08:23:32.940Z] Client connected: xhlxXcg8PXABi3PKAAAB
[2026-07-16T08:23:32.965Z] Client xhlxXcg8PXABi3PKAAAB joined zone: zone1
[2026-07-16T08:23:33.085Z] Client xhlxXcg8PXABi3PKAAAB joined zone: zone2
[2026-07-16T08:23:33.087Z] Client xhlxXcg8PXABi3PKAAAB left zone: zone1
[2026-07-16T08:23:33.088Z] Client xhlxXcg8PXABi3PKAAAB left zone: zone2
[2026-07-16T08:23:33.090Z] Client xhlxXcg8PXABi3PKAAAB joined zone: zone1
[2026-07-16T08:23:33.091Z] Client xhlxXcg8PXABi3PKAAAB joined zone: zone2
[2026-07-16T08:23:33.092Z] Client xhlxXcg8PXABi3PKAAAB joined zone: zone1
[2026-07-16T08:23:33.093Z] Client xhlxXcg8PXABi3PKAAAB joined zone: zone2
[2026-07-16T08:23:39.031Z] Client xhlxXcg8PXABi3PKAAAB left zone: zone1
[2026-07-16T08:23:39.038Z] Client xhlxXcg8PXABi3PKAAAB left zone: zone2
[2026-07-16T08:23:39.039Z] Client xhlxXcg8PXABi3PKAAAB joined zone: zone3
[2026-07-16T08:23:39.040Z] Client xhlxXcg8PXABi3PKAAAB left zone: zone3
[2026-07-16T08:23:39.040Z] Client xhlxXcg8PXABi3PKAAAB joined zone: zone3
[2026-07-16T08:23:40.740Z] Client xhlxXcg8PXABi3PKAAAB left zone: zone3
[2026-07-16T08:23:42.502Z] Client xhlxXcg8PXABi3PKAAAB joined zone: zone1
[2026-07-16T08:23:42.506Z] Client xhlxXcg8PXABi3PKAAAB left zone: zone1
[2026-07-16T08:23:42.507Z] Client xhlxXcg8PXABi3PKAAAB joined zone: zone1
[2026-07-16T08:24:04.159Z] Client connected: CTPzrLS8WCIkcP7SAAAD
[2026-07-16T08:24:17.948Z] Client disconnected: xhlxXcg8PXABi3PKAAAB
[2026-07-16T08:47:20.274Z] Client disconnected: CTPzrLS8WCIkcP7SAAAD
[2026-07-16T08:47:24.824Z] Client connected: cURi28PkyNNrJKLxAAAF
[2026-07-16T08:50:27.064Z] Client disconnected: cURi28PkyNNrJKLxAAAF
[2026-07-16T08:50:31.817Z] Client connected: v_TNwTP9Uyu-Z0mcAAAH
[2026-07-16T08:51:33.426Z] Client disconnected: v_TNwTP9Uyu-Z0mcAAAH
[2026-07-16T09:49:23.445Z] Client connected: eLhSj04hr5yE5NbxAAAJ
[2026-07-16T09:57:12.588Z] Client disconnected: eLhSj04hr5yE5NbxAAAJ
[2026-07-16T10:20:05.538Z] Initializing Socket.io...
[2026-07-16T10:21:08.534Z] Client connected: HhRJre-lmyq3v5BAAAAB
[2026-07-16T10:21:08.587Z] Client HhRJre-lmyq3v5BAAAAB joined zone: zone1
[2026-07-16T10:21:08.708Z] Client HhRJre-lmyq3v5BAAAAB joined zone: zone2
[2026-07-16T10:21:08.710Z] Client HhRJre-lmyq3v5BAAAAB joined zone: zone1
[2026-07-16T10:21:08.713Z] Client HhRJre-lmyq3v5BAAAAB joined zone: zone2
[2026-07-16T10:21:59.827Z] Client HhRJre-lmyq3v5BAAAAB left zone: zone1
[2026-07-16T10:21:59.843Z] Client HhRJre-lmyq3v5BAAAAB left zone: zone2
[2026-07-16T10:21:59.845Z] Client HhRJre-lmyq3v5BAAAAB joined zone: zone3
[2026-07-16T10:21:59.846Z] Client HhRJre-lmyq3v5BAAAAB left zone: zone3
[2026-07-16T10:21:59.855Z] Client HhRJre-lmyq3v5BAAAAB joined zone: zone3
[2026-07-16T10:22:06.087Z] Client HhRJre-lmyq3v5BAAAAB left zone: zone3
[2026-07-16T10:22:32.222Z] Client HhRJre-lmyq3v5BAAAAB joined zone: zone1
[2026-07-16T10:22:32.230Z] Client HhRJre-lmyq3v5BAAAAB left zone: zone1
[2026-07-16T10:22:32.231Z] Client HhRJre-lmyq3v5BAAAAB joined zone: zone1
[2026-07-16T10:22:51.167Z] Client HhRJre-lmyq3v5BAAAAB left zone: zone1
[2026-07-16T10:22:55.083Z] Client HhRJre-lmyq3v5BAAAAB joined zone: zone1
[2026-07-16T10:22:55.087Z] Client HhRJre-lmyq3v5BAAAAB joined zone: zone2
[2026-07-16T10:22:55.107Z] Client HhRJre-lmyq3v5BAAAAB left zone: zone1
[2026-07-16T10:22:55.116Z] Client HhRJre-lmyq3v5BAAAAB left zone: zone2
[2026-07-16T10:22:55.123Z] Client HhRJre-lmyq3v5BAAAAB joined zone: zone1
[2026-07-16T10:22:55.124Z] Client HhRJre-lmyq3v5BAAAAB joined zone: zone2
[2026-07-16T10:23:06.329Z] Client HhRJre-lmyq3v5BAAAAB left zone: zone1
[2026-07-16T10:23:06.338Z] Client HhRJre-lmyq3v5BAAAAB left zone: zone2
[2026-07-16T10:23:34.618Z] Client HhRJre-lmyq3v5BAAAAB joined zone: zone3
[2026-07-16T10:23:34.634Z] Client HhRJre-lmyq3v5BAAAAB left zone: zone3
[2026-07-16T10:23:34.635Z] Client HhRJre-lmyq3v5BAAAAB joined zone: zone3
[2026-07-16T10:23:37.652Z] Client HhRJre-lmyq3v5BAAAAB left zone: zone3
[2026-07-16T11:10:56.452Z] Client disconnected: HhRJre-lmyq3v5BAAAAB
[2026-07-16T11:12:04.258Z] Client connected: OINlB9vQtXJ_rOfQAAAD
[2026-07-16T11:12:04.285Z] Client OINlB9vQtXJ_rOfQAAAD joined zone: zone1
[2026-07-16T11:12:04.389Z] Client OINlB9vQtXJ_rOfQAAAD joined zone: zone2
[2026-07-16T11:12:04.390Z] Client OINlB9vQtXJ_rOfQAAAD left zone: zone1
[2026-07-16T11:12:04.391Z] Client OINlB9vQtXJ_rOfQAAAD left zone: zone2
[2026-07-16T11:12:04.391Z] Client OINlB9vQtXJ_rOfQAAAD joined zone: zone1
[2026-07-16T11:12:04.392Z] Client OINlB9vQtXJ_rOfQAAAD joined zone: zone2
[2026-07-16T11:12:04.393Z] Client OINlB9vQtXJ_rOfQAAAD joined zone: zone1
[2026-07-16T11:12:04.394Z] Client OINlB9vQtXJ_rOfQAAAD joined zone: zone2
[2026-07-16T11:12:06.032Z] Client OINlB9vQtXJ_rOfQAAAD left zone: zone1
[2026-07-16T11:12:06.038Z] Client OINlB9vQtXJ_rOfQAAAD left zone: zone2
[2026-07-16T11:17:47.700Z] Client connected: 4B7GFDz7ggZdvZTIAAAF
[2026-07-16T11:18:35.643Z] Client disconnected: OINlB9vQtXJ_rOfQAAAD
[2026-07-16T11:19:15.141Z] Client disconnected: 4B7GFDz7ggZdvZTIAAAF
[2026-07-16T11:19:15.680Z] Client connected: b9lNwwkIHwDFe7NGAAAH
[2026-07-16T11:28:39.824Z] Client disconnected: b9lNwwkIHwDFe7NGAAAH
[2026-07-16T11:28:44.319Z] Client connected: qQvlM0SqjMWdZog8AAAJ
[2026-07-16T11:31:55.147Z] Client disconnected: qQvlM0SqjMWdZog8AAAJ
[2026-07-16T11:31:55.421Z] Client connected: GIsTCfAwbaY6BM3XAAAL
[2026-07-16T11:32:06.349Z] Client disconnected: GIsTCfAwbaY6BM3XAAAL
[2026-07-16T11:32:06.619Z] Client connected: iymMSYDeXvYdUxoNAAAN
[2026-07-16T11:39:05.319Z] Client connected: Dwjr9qmtUZcpdufCAAAP
[2026-07-16T11:39:05.446Z] Client Dwjr9qmtUZcpdufCAAAP joined zone: zone1
[2026-07-16T11:39:05.460Z] Client Dwjr9qmtUZcpdufCAAAP joined zone: zone2
[2026-07-16T11:39:05.466Z] Client Dwjr9qmtUZcpdufCAAAP joined zone: zone1
[2026-07-16T11:39:05.468Z] Client Dwjr9qmtUZcpdufCAAAP joined zone: zone2
[2026-07-16T11:39:13.368Z] Client Dwjr9qmtUZcpdufCAAAP left zone: zone1
[2026-07-16T11:39:13.412Z] Client Dwjr9qmtUZcpdufCAAAP left zone: zone2
[2026-07-16T11:39:13.414Z] Client Dwjr9qmtUZcpdufCAAAP joined zone: zone3
[2026-07-16T11:39:13.415Z] Client Dwjr9qmtUZcpdufCAAAP left zone: zone3
[2026-07-16T11:39:13.418Z] Client Dwjr9qmtUZcpdufCAAAP joined zone: zone3
[2026-07-16T11:39:15.716Z] Client Dwjr9qmtUZcpdufCAAAP left zone: zone3
[2026-07-16T11:39:33.707Z] Client disconnected: Dwjr9qmtUZcpdufCAAAP
[2026-07-16T11:40:11.015Z] Client connected: LL0jc1ZllqWejU6vAAAR
[2026-07-16T11:40:11.022Z] Client LL0jc1ZllqWejU6vAAAR joined zone: zone1
[2026-07-16T11:40:11.026Z] Client LL0jc1ZllqWejU6vAAAR joined zone: zone2
[2026-07-16T11:40:11.026Z] Client LL0jc1ZllqWejU6vAAAR left zone: zone1
[2026-07-16T11:40:11.027Z] Client LL0jc1ZllqWejU6vAAAR left zone: zone2
[2026-07-16T11:40:11.027Z] Client LL0jc1ZllqWejU6vAAAR joined zone: zone1
[2026-07-16T11:40:11.028Z] Client LL0jc1ZllqWejU6vAAAR joined zone: zone2
[2026-07-16T11:40:11.029Z] Client LL0jc1ZllqWejU6vAAAR joined zone: zone1
[2026-07-16T11:40:11.029Z] Client LL0jc1ZllqWejU6vAAAR joined zone: zone2
[2026-07-16T11:40:14.151Z] Client LL0jc1ZllqWejU6vAAAR left zone: zone1
[2026-07-16T11:40:14.157Z] Client LL0jc1ZllqWejU6vAAAR left zone: zone2
[2026-07-16T11:40:14.779Z] Client LL0jc1ZllqWejU6vAAAR joined zone: zone3
[2026-07-16T11:40:14.785Z] Client LL0jc1ZllqWejU6vAAAR left zone: zone3
[2026-07-16T11:40:14.786Z] Client LL0jc1ZllqWejU6vAAAR joined zone: zone3
[2026-07-16T11:40:16.222Z] Client LL0jc1ZllqWejU6vAAAR left zone: zone3
[2026-07-16T11:55:12.251Z] Client disconnected: LL0jc1ZllqWejU6vAAAR
[2026-07-16T12:01:56.124Z] Client connected: qixWbjO7bAOlyusuAAAT
[2026-07-16T12:08:48.490Z] Client connected: uG9dkWGF5mGLhXL7AAAV
[2026-07-16T12:10:30.224Z] Client disconnected: iymMSYDeXvYdUxoNAAAN
[2026-07-16T12:10:30.804Z] Client connected: MSV4eCW7tpVX-oq8AAAX
[2026-07-16T12:10:31.772Z] Client disconnected: uG9dkWGF5mGLhXL7AAAV
[2026-07-16T12:10:33.109Z] Client disconnected: qixWbjO7bAOlyusuAAAT
[2026-07-16T12:10:37.287Z] Client disconnected: MSV4eCW7tpVX-oq8AAAX
[2026-07-16T12:11:02.326Z] Client connected: Mh8Pm3RJI2uEAQM_AAAZ
[2026-07-16T12:11:04.962Z] Client disconnected: Mh8Pm3RJI2uEAQM_AAAZ
[2026-07-16T12:11:05.210Z] Client connected: wK67piKf0ddtWxz6AAAb
[2026-07-16T12:11:12.190Z] Client disconnected: wK67piKf0ddtWxz6AAAb
[2026-07-16T12:12:14.597Z] Client connected: j1fH5jPgFjIq1v2MAAAd
[2026-07-16T12:12:14.616Z] Client j1fH5jPgFjIq1v2MAAAd joined zone: zone4
[2026-07-16T12:12:14.619Z] Client j1fH5jPgFjIq1v2MAAAd left zone: zone4
[2026-07-16T12:12:14.620Z] Client j1fH5jPgFjIq1v2MAAAd joined zone: zone4
[2026-07-16T12:12:14.621Z] Client j1fH5jPgFjIq1v2MAAAd joined zone: zone4
[2026-07-16T12:12:21.973Z] Client disconnected: j1fH5jPgFjIq1v2MAAAd
[2026-07-16T12:12:24.311Z] Client connected: SURvh_j91smFmzZKAAAf
[2026-07-16T12:12:24.317Z] Client SURvh_j91smFmzZKAAAf joined zone: zone4
[2026-07-16T12:12:26.005Z] Client disconnected: SURvh_j91smFmzZKAAAf
[2026-07-16T12:12:26.279Z] Client connected: qo7Yj033pRlA4LuGAAAh
[2026-07-16T12:12:26.294Z] Client qo7Yj033pRlA4LuGAAAh joined zone: zone4
[2026-07-16T12:12:26.298Z] Client qo7Yj033pRlA4LuGAAAh left zone: zone4
[2026-07-16T12:12:26.298Z] Client qo7Yj033pRlA4LuGAAAh joined zone: zone4
[2026-07-16T12:12:26.299Z] Client qo7Yj033pRlA4LuGAAAh joined zone: zone4
[2026-07-16T12:12:32.012Z] Client connected: EEpDuWhxxQygyhGKAAAj
[2026-07-16T12:14:26.526Z] Client disconnected: qo7Yj033pRlA4LuGAAAh
[2026-07-16T12:14:26.749Z] Client connected: ceJubtw_UFEr1yYrAAAl
[2026-07-16T12:14:26.764Z] Client ceJubtw_UFEr1yYrAAAl joined zone: zone4
[2026-07-16T12:14:26.766Z] Client ceJubtw_UFEr1yYrAAAl left zone: zone4
[2026-07-16T12:14:26.766Z] Client ceJubtw_UFEr1yYrAAAl joined zone: zone4
[2026-07-16T12:14:26.767Z] Client ceJubtw_UFEr1yYrAAAl joined zone: zone4
[2026-07-16T12:14:31.438Z] Client ceJubtw_UFEr1yYrAAAl left zone: zone4
[2026-07-16T12:14:31.711Z] Client ceJubtw_UFEr1yYrAAAl joined zone: zone5
[2026-07-16T12:14:31.717Z] Client ceJubtw_UFEr1yYrAAAl left zone: zone5
[2026-07-16T12:14:31.718Z] Client ceJubtw_UFEr1yYrAAAl joined zone: zone5
[2026-07-16T12:15:30.121Z] Client disconnected: EEpDuWhxxQygyhGKAAAj
[2026-07-16T12:15:30.388Z] Client connected: Tlvyk2PR3lHMUsLRAAAn
[2026-07-16T12:17:24.823Z] Client disconnected: Tlvyk2PR3lHMUsLRAAAn
[2026-07-16T12:17:30.914Z] Client disconnected: ceJubtw_UFEr1yYrAAAl
[2026-07-16T12:25:18.455Z] Initializing Socket.io...
[2026-07-16T12:26:02.773Z] Client connected: CArJtlYpdkxGBIYDAAAB
[2026-07-16T12:27:23.675Z] Client disconnected: CArJtlYpdkxGBIYDAAAB
[2026-07-16T12:27:23.943Z] Client connected: OCNwN2H3fWT9lsmIAAAD
